family,phase,grp,date,pnl_c
sports_game,ingame,favorite,2026-07-10,7.944725870212596
sports_game,ingame,favorite,2026-07-11,17.09577677206842
sports_game,ingame,favorite,2026-07-12,5.65503889044129
sports_game,ingame,favorite,2026-07-13,9.927221189321974
sports_game,ingame,favorite,2026-07-14,2.3552912847359955
sports_game,ingame,favorite,2026-07-15,10.450655724808973
sports_game,ingame,favorite,2026-07-16,-3.5816354566987005
sports_game,ingame,favorite,2026-07-17,13.641981140517245
sports_game,ingame,favorite,2026-07-18,13.472156489933887
sports_game,ingame,favorite,2026-07-19,14.696866306149476
sports_game,ingame,favorite,2026-07-20,5.220941255643318
sports_game,ingame,favorite,2026-07-21,3.78687846886759
sports_game,ingame,favorite,2026-07-22,3.478783449347918
sports_game,ingame,favorite,2026-07-23,19.66371765757323
sports_game,ingame,favorite,2026-07-24,21.30031800088319
sports_game,ingame,longshot,2026-07-10,7.052661748917933
sports_game,ingame,longshot,2026-07-11,3.239535547256906
sports_game,ingame,longshot,2026-07-12,10.416298949975026
sports_game,ingame,longshot,2026-07-13,-3.6907415812991875
sports_game,ingame,longshot,2026-07-14,3.047872490094156
sports_game,ingame,longshot,2026-07-15,4.313635695371812
sports_game,ingame,longshot,2026-07-16,13.845784765726249
sports_game,ingame,longshot,2026-07-17,6.450124305968996
sports_game,ingame,longshot,2026-07-18,-3.5271594038664404
sports_game,ingame,longshot,2026-07-19,-11.65973039321881
sports_game,ingame,longshot,2026-07-20,5.093199725219714
sports_game,ingame,longshot,2026-07-21,-4.702229400317352
sports_game,ingame,longshot,2026-07-22,19.454729963569015
sports_game,ingame,longshot,2026-07-23,-13.152580618847292
sports_game,ingame,longshot,2026-07-24,-37.407977717974276
sports_game,pregame,favorite,2026-07-10,2.6040589587842558
sports_game,pregame,favorite,2026-07-11,-0.43637435826724524
sports_game,pregame,favorite,2026-07-12,-0.5527778934470394
sports_game,pregame,favorite,2026-07-13,-0.47041864724559274
sports_game,pregame,favorite,2026-07-14,1.7604156825393853
sports_game,pregame,favorite,2026-07-15,4.926891680190887
sports_game,pregame,favorite,2026-07-16,3.481282443427059
sports_game,pregame,favorite,2026-07-17,4.031853706022291
sports_game,pregame,favorite,2026-07-18,0.19131521056499282
sports_game,pregame,favorite,2026-07-19,7.326953018817806
sports_game,pregame,favorite,2026-07-20,-1.0000555754113325
sports_game,pregame,favorite,2026-07-21,-1.0640543103092113
sports_game,pregame,favorite,2026-07-22,5.426030048537858
sports_game,pregame,favorite,2026-07-23,11.699689105691782
sports_game,pregame,favorite,2026-07-24,1.3263624352795347
sports_game,pregame,longshot,2026-07-10,-0.4257607453392535
sports_game,pregame,longshot,2026-07-11,7.252965592644524
sports_game,pregame,longshot,2026-07-12,-0.7900184795105574
sports_game,pregame,longshot,2026-07-13,1.7324050110620905
sports_game,pregame,longshot,2026-07-14,-1.759959487195597
sports_game,pregame,longshot,2026-07-15,-5.6306711585598155
sports_game,pregame,longshot,2026-07-16,5.953151755364296
sports_game,pregame,longshot,2026-07-17,-15.530916965859996
sports_game,pregame,longshot,2026-07-18,1.1405656854748174
sports_game,pregame,longshot,2026-07-19,-4.9999784972104795
sports_game,pregame,longshot,2026-07-20,-3.533091565457097
sports_game,pregame,longshot,2026-07-21,11.81600501766691
sports_game,pregame,longshot,2026-07-22,0.4525688864834595
sports_game,pregame,longshot,2026-07-23,-12.856650154683667
sports_game,pregame,longshot,2026-07-24,-14.221348765673172
sports_game,unknown,favorite,2026-07-10,1.6295875429892703
sports_game,unknown,favorite,2026-07-11,15.01842029723795
sports_game,unknown,favorite,2026-07-12,18.531612446244267
sports_game,unknown,favorite,2026-07-13,16.120002776022066
sports_game,unknown,favorite,2026-07-14,3.8016113033401293
sports_game,unknown,favorite,2026-07-15,16.097582491651917
sports_game,unknown,favorite,2026-07-16,17.414710088798152
sports_game,unknown,favorite,2026-07-17,20.094125177725065
sports_game,unknown,favorite,2026-07-18,25.076401033005045
sports_game,unknown,favorite,2026-07-19,20.869851811479744
sports_game,unknown,favorite,2026-07-20,5.477522424461276
sports_game,unknown,favorite,2026-07-21,38.326841725290656
sports_game,unknown,favorite,2026-07-22,35.216552720639015
sports_game,unknown,favorite,2026-07-23,16.085137735235914
sports_game,unknown,favorite,2026-07-24,31.689598702102394
sports_game,unknown,longshot,2026-07-10,3.391965433274312
sports_game,unknown,longshot,2026-07-11,-10.198714149329515
sports_game,unknown,longshot,2026-07-12,0.5886175158472592
sports_game,unknown,longshot,2026-07-13,-21.54659863049989
sports_game,unknown,longshot,2026-07-14,0.6473179068770033
sports_game,unknown,longshot,2026-07-15,-20.58266074687591
sports_game,unknown,longshot,2026-07-16,-19.68382555522581
sports_game,unknown,longshot,2026-07-17,-17.183326099678922
sports_game,unknown,longshot,2026-07-18,-2.585393756553269
sports_game,unknown,longshot,2026-07-19,-6.789177572450732
sports_game,unknown,longshot,2026-07-20,-3.544620505394997
sports_game,unknown,longshot,2026-07-21,-24.858533150357975
sports_game,unknown,longshot,2026-07-22,0.38007225598646954
sports_game,unknown,longshot,2026-07-23,-14.60037062003571
sports_game,unknown,longshot,2026-07-24,-9.265843877394143
sports_prop,ingame,favorite,2026-07-10,35.88447933166806
sports_prop,ingame,favorite,2026-07-11,203.1501209306718
sports_prop,ingame,favorite,2026-07-12,128.8773473919787
sports_prop,ingame,favorite,2026-07-13,17.798574730174824
sports_prop,ingame,favorite,2026-07-14,23.780234252454175
sports_prop,ingame,favorite,2026-07-15,51.24255511646008
sports_prop,ingame,favorite,2026-07-16,49.42297304122234
sports_prop,ingame,favorite,2026-07-17,40.528502396079965
sports_prop,ingame,favorite,2026-07-18,143.92300555185707
sports_prop,ingame,favorite,2026-07-19,68.9593713757312
sports_prop,ingame,favorite,2026-07-20,62.78165701141877
sports_prop,ingame,favorite,2026-07-21,185.29659839984484
sports_prop,ingame,favorite,2026-07-22,141.5617400689051
sports_prop,ingame,favorite,2026-07-23,170.09727886973369
sports_prop,ingame,favorite,2026-07-24,67.06644440681019
sports_prop,ingame,longshot,2026-07-10,42.59907135299903
sports_prop,ingame,longshot,2026-07-11,30.605611544113994
sports_prop,ingame,longshot,2026-07-12,140.16420291854737
sports_prop,ingame,longshot,2026-07-13,0.23132656080765485
sports_prop,ingame,longshot,2026-07-14,14.520869065267469
sports_prop,ingame,longshot,2026-07-15,7.524020067392474
sports_prop,ingame,longshot,2026-07-16,-0.4419805553363069
sports_prop,ingame,longshot,2026-07-17,31.020498357366797
sports_prop,ingame,longshot,2026-07-18,54.61473571865818
sports_prop,ingame,longshot,2026-07-19,74.16103282875987
sports_prop,ingame,longshot,2026-07-20,29.17671094335559
sports_prop,ingame,longshot,2026-07-21,-42.11136093970854
sports_prop,ingame,longshot,2026-07-22,52.025268884384126
sports_prop,ingame,longshot,2026-07-23,-33.99312064127177
sports_prop,ingame,longshot,2026-07-24,-40.877205265161976
sports_prop,pregame,favorite,2026-07-10,-0.6102822804651729
sports_prop,pregame,favorite,2026-07-11,1.8397634756064871
sports_prop,pregame,favorite,2026-07-12,-0.01620256990724897
sports_prop,pregame,favorite,2026-07-13,1.983361983922895
sports_prop,pregame,favorite,2026-07-14,0.5733028044367674
sports_prop,pregame,favorite,2026-07-15,5.792633275744771
sports_prop,pregame,favorite,2026-07-16,6.518376659034411
sports_prop,pregame,favorite,2026-07-17,7.360901673208309
sports_prop,pregame,favorite,2026-07-18,27.3343722292718
sports_prop,pregame,favorite,2026-07-19,6.28104790682799
sports_prop,pregame,favorite,2026-07-20,4.101528211733836
sports_prop,pregame,favorite,2026-07-21,3.5971220113763946
sports_prop,pregame,favorite,2026-07-22,12.544964743816772
sports_prop,pregame,favorite,2026-07-23,13.85775332997588
sports_prop,pregame,favorite,2026-07-24,4.945896677828655
sports_prop,pregame,longshot,2026-07-10,16.05065946274973
sports_prop,pregame,longshot,2026-07-11,60.4413439260825
sports_prop,pregame,longshot,2026-07-12,58.29166222396615
sports_prop,pregame,longshot,2026-07-13,4.560770290431515
sports_prop,pregame,longshot,2026-07-14,-1.2513728456952709
sports_prop,pregame,longshot,2026-07-15,4.070965046370979
sports_prop,pregame,longshot,2026-07-16,0.5019394359456121
sports_prop,pregame,longshot,2026-07-17,9.870781108813237
sports_prop,pregame,longshot,2026-07-18,42.14633448412009
sports_prop,pregame,longshot,2026-07-19,37.908265658578145
sports_prop,pregame,longshot,2026-07-20,13.814795193634474
sports_prop,pregame,longshot,2026-07-21,-45.0158690765676
sports_prop,pregame,longshot,2026-07-22,47.07339757457137
sports_prop,pregame,longshot,2026-07-23,-7.76185439091382
sports_prop,pregame,longshot,2026-07-24,-18.89781252474716
sports_prop,unknown,favorite,2026-07-10,75.61768099794558
sports_prop,unknown,favorite,2026-07-11,165.67500329155962
sports_prop,unknown,favorite,2026-07-12,140.59871537788544
sports_prop,unknown,favorite,2026-07-13,164.43574385077508
sports_prop,unknown,favorite,2026-07-14,207.71763011539878
sports_prop,unknown,favorite,2026-07-15,233.63193643771888
sports_prop,unknown,favorite,2026-07-16,253.0467084806549
sports_prop,unknown,favorite,2026-07-17,316.422503767895
sports_prop,unknown,favorite,2026-07-18,379.3645636906018
sports_prop,unknown,favorite,2026-07-19,404.90586855691
sports_prop,unknown,favorite,2026-07-20,140.2857344934819
sports_prop,unknown,favorite,2026-07-21,226.21895773908636
sports_prop,unknown,favorite,2026-07-22,186.87011388624722
sports_prop,unknown,favorite,2026-07-23,285.7778623969124
sports_prop,unknown,favorite,2026-07-24,208.76916112140924
sports_prop,unknown,longshot,2026-07-10,50.909296145982346
sports_prop,unknown,longshot,2026-07-11,30.574271826788546
sports_prop,unknown,longshot,2026-07-12,85.13004806156715
sports_prop,unknown,longshot,2026-07-13,-27.540012441897623
sports_prop,unknown,longshot,2026-07-14,30.69047736778769
sports_prop,unknown,longshot,2026-07-15,28.644457159983414
sports_prop,unknown,longshot,2026-07-16,96.9368012811699
sports_prop,unknown,longshot,2026-07-17,25.55845747194408
sports_prop,unknown,longshot,2026-07-18,-54.255556676292684
sports_prop,unknown,longshot,2026-07-19,60.060696372781564
sports_prop,unknown,longshot,2026-07-20,-3.831202173699385
sports_prop,unknown,longshot,2026-07-21,-43.95350683774555
sports_prop,unknown,longshot,2026-07-22,37.27259713531631
sports_prop,unknown,longshot,2026-07-23,142.03831474002013
sports_prop,unknown,longshot,2026-07-24,-28.200761322903713
