family,side,bucket,band,n_markets,grey,avg_paid_c,realized_pct,bias_pp,ci_lo,ci_hi,vw_paid_c,vw_realized_pct,qty_contracts,n_trades,spread_med_c,spread_n_markets,fee_c,cost_c,exceeds_cost,max_single_loss_c
crypto_15m,no,01-05,10-60m,43,False,4.09,0.0,4.09,3.9,4.25,3.95,0.0,643745.5,9598,0.15,40,0.27,0.42,True,
crypto_15m,no,05-10,10-60m,189,False,8.39,5.82,2.57,-1.15,5.73,7.71,2.0,3451132.4,56513,0.16,184,0.54,0.7,False,92.7
crypto_15m,no,10-20,10-60m,554,False,16.4,15.7,0.7,-2.48,3.46,15.51,9.15,15570791.8,224126,1.02,584,0.96,1.98,False,88.3
crypto_15m,no,20-35,10-60m,1475,False,29.36,32.0,-2.64,-5.04,-0.3,28.05,23.52,60418182.5,931012,1.05,1492,1.45,2.5,True,78.1
crypto_15m,no,35-50,10-60m,2531,False,43.29,45.87,-2.58,-4.5,-0.61,42.39,41.28,107152907.3,1701853,1.33,2612,1.72,3.05,False,65.0
crypto_15m,no,45-55(null),10-60m,2693,False,49.62,49.31,0.3,-1.59,2.1,49.44,48.31,78462813.2,1254214,1.28,5173,1.75,3.03,False,55.0
crypto_15m,no,50-65,10-60m,2646,False,55.81,51.78,4.04,2.22,5.85,56.15,55.62,95538525.5,1603997,1.22,2561,1.73,2.95,True,50.0
crypto_15m,no,65-80,10-60m,1699,False,69.47,64.33,5.14,2.71,7.39,70.76,70.21,44325738.2,776928,1.03,1521,1.48,2.51,True,35.0
crypto_15m,no,80-90,10-60m,684,False,82.81,83.04,-0.23,-2.88,2.6,83.74,86.61,12312727.4,197572,1.0,592,1.0,2.0,False,20.0
crypto_15m,no,90-95,10-60m,218,False,91.13,90.83,0.31,-3.4,4.35,91.64,92.78,2385312.1,41407,0.17,166,0.57,0.74,False,10.0
crypto_15m,no,95-99,10-60m,53,False,95.56,98.11,-2.56,-4.6,1.37,95.68,99.58,228715.8,3684,0.15,30,0.3,0.45,False,5.0
crypto_15m,no,01-05,2-5m,1034,False,2.59,3.58,-0.99,-2.21,0.18,2.45,1.96,39086571.1,623724,0.19,980,0.18,0.36,False,98.2
crypto_15m,no,05-10,2-5m,921,False,7.13,7.06,0.07,-1.56,1.59,7.09,6.93,17323426.5,354887,0.24,866,0.46,0.7,False,94.8
crypto_15m,no,10-20,2-5m,881,False,14.4,12.94,1.46,-0.71,3.61,14.52,11.99,15907523.2,268027,1.1,852,0.86,1.96,False,88.9
crypto_15m,no,20-35,2-5m,939,False,26.69,25.77,0.92,-1.88,3.58,26.79,23.79,20100570.5,322819,1.12,877,1.37,2.49,False,80.0
crypto_15m,no,35-50,2-5m,878,False,41.94,39.52,2.41,-0.92,5.38,42.06,37.25,19102008.1,293324,1.14,839,1.7,2.85,False,65.0
crypto_15m,no,45-55(null),2-5m,856,False,49.6,46.38,3.22,-0.04,6.29,49.45,44.23,12877820.9,192440,1.15,1704,1.75,2.9,False,55.0
crypto_15m,no,50-65,2-5m,913,False,56.97,53.23,3.74,0.59,7.02,57.04,54.58,19288980.4,293017,1.15,865,1.72,2.87,True,49.8
crypto_15m,no,65-80,2-5m,935,False,72.26,69.3,2.96,0.11,5.93,72.39,72.53,23130719.2,343832,1.12,887,1.4,2.53,True,35.0
crypto_15m,no,80-90,2-5m,918,False,84.79,82.35,2.43,0.06,4.86,84.73,81.96,22477659.1,312769,1.1,876,0.9,2.0,True,20.0
crypto_15m,no,90-95,2-5m,931,False,92.48,90.23,2.26,0.38,4.22,92.34,89.27,20826964.3,350227,0.24,864,0.49,0.73,True,10.0
crypto_15m,no,95-99,2-5m,1097,False,97.52,95.81,1.72,0.61,2.98,97.59,97.45,38524147.9,592819,0.19,1007,0.17,0.36,True,5.0
crypto_15m,no,01-05,5-10m,557,False,3.53,3.77,-0.24,-1.99,1.2,3.03,1.51,19907969.9,306790,0.17,540,0.24,0.41,False,97.9
crypto_15m,no,05-10,5-10m,802,False,7.54,7.61,-0.07,-1.94,1.66,7.26,4.92,24852664.3,481894,0.18,779,0.49,0.67,False,93.8
crypto_15m,no,10-20,5-10m,1093,False,14.94,15.92,-0.98,-3.18,1.06,14.68,10.33,31098675.0,518557,1.04,1083,0.89,1.93,False,88.3
crypto_15m,no,20-35,5-10m,1439,False,27.48,28.08,-0.6,-2.83,1.69,27.15,23.19,45977682.9,801295,1.07,1400,1.39,2.46,False,79.9
crypto_15m,no,35-50,5-10m,1555,False,41.88,40.84,1.05,-1.27,3.34,41.72,40.95,46557891.6,790748,1.08,1502,1.7,2.78,False,65.0
crypto_15m,no,45-55(null),5-10m,1460,False,49.49,47.6,1.89,-0.9,4.34,49.43,46.91,28350276.4,472045,1.08,2990,1.75,2.83,False,55.0
crypto_15m,no,50-65,5-10m,1544,False,57.0,54.4,2.6,0.21,5.03,56.98,54.88,41995990.9,715655,1.08,1488,1.72,2.79,False,50.0
crypto_15m,no,65-80,5-10m,1509,False,71.75,67.99,3.75,1.5,6.23,72.24,71.65,42612026.5,734162,1.06,1419,1.42,2.48,True,35.0
crypto_15m,no,80-90,5-10m,1228,False,84.23,81.84,2.39,0.23,4.64,84.61,84.09,35573441.6,558222,1.03,1140,0.93,1.96,True,20.0
crypto_15m,no,90-95,5-10m,885,False,92.05,91.07,0.97,-0.78,2.81,92.19,93.48,24977410.9,445667,0.19,807,0.51,0.7,False,10.0
crypto_15m,no,95-99,5-10m,608,False,96.55,95.23,1.32,-0.27,3.02,97.01,98.86,19044592.3,289932,0.17,525,0.23,0.41,False,5.0
crypto_15m,no,01-05,lt2m,955,False,2.03,1.88,0.14,-0.78,0.88,2.26,0.67,23997359.0,342172,0.24,836,0.14,0.38,False,98.6
crypto_15m,no,05-10,lt2m,600,False,6.97,5.0,1.97,-0.02,3.61,7.08,3.17,7330580.3,116871,0.45,540,0.45,0.9,False,94.0
crypto_15m,no,10-20,lt2m,528,False,14.11,11.36,2.75,-0.03,5.13,14.61,10.84,6293907.5,92821,1.34,489,0.85,2.19,False,88.5
crypto_15m,no,20-35,lt2m,486,False,26.19,22.63,3.56,0.12,7.26,26.69,22.17,8535345.1,114531,1.33,422,1.35,2.69,True,78.9
crypto_15m,no,35-50,lt2m,448,False,42.04,37.28,4.77,0.58,9.26,41.89,38.99,7271457.2,91297,1.29,396,1.71,2.99,True,62.1
crypto_15m,no,45-55(null),lt2m,412,False,49.43,44.9,4.53,-0.59,8.97,49.36,51.19,4506138.5,57490,1.38,795,1.75,3.13,False,54.3
crypto_15m,no,50-65,lt2m,451,False,57.13,52.33,4.8,0.4,9.02,56.97,58.84,6512694.5,85739,1.48,399,1.71,3.2,True,48.1
crypto_15m,no,65-80,lt2m,488,False,72.51,67.21,5.3,1.3,9.37,72.44,72.47,8783647.5,114100,1.33,439,1.4,2.73,True,32.8
crypto_15m,no,80-90,lt2m,533,False,85.05,81.05,4.0,0.89,7.32,84.97,83.71,8898663.7,110785,1.3,495,0.89,2.19,True,19.0
crypto_15m,no,90-95,lt2m,624,False,92.5,88.3,4.2,1.79,6.77,92.32,90.73,9607634.3,131353,0.47,564,0.49,0.96,True,10.0
crypto_15m,no,95-99,lt2m,867,False,97.94,94.69,3.25,1.79,4.74,97.67,96.1,19058987.0,296279,0.24,825,0.14,0.38,True,4.1
crypto_15m,yes,01-05,10-60m,34,False,4.28,2.94,1.34,-4.7,4.46,4.23,1.19,351046.6,4858,0.15,30,0.29,0.44,False,96.9
crypto_15m,yes,05-10,10-60m,164,False,8.29,8.54,-0.24,-5.11,3.84,7.81,4.74,2896336.8,49624,0.17,166,0.53,0.71,False,92.5
crypto_15m,yes,10-20,10-60m,561,False,16.37,14.8,1.57,-1.39,4.53,15.67,11.59,17476408.7,249582,1.0,592,0.96,1.96,False,86.7
crypto_15m,yes,20-35,10-60m,1499,False,29.35,33.02,-3.67,-5.93,-1.33,28.18,28.0,71205317.9,1073963,1.03,1521,1.45,2.48,True,77.7
crypto_15m,yes,35-50,10-60m,2534,False,43.24,47.4,-4.15,-5.88,-2.15,42.29,41.86,116456957.3,1846475,1.22,2561,1.72,2.94,True,63.9
crypto_15m,yes,45-55(null),10-60m,2703,False,49.62,50.09,-0.48,-2.21,1.39,49.42,50.05,82333174.2,1351501,1.28,5173,1.75,3.03,False,55.0
crypto_15m,yes,50-65,10-60m,2650,False,55.77,52.64,3.13,1.23,4.87,56.19,56.46,99381897.8,1711779,1.33,2612,1.73,3.06,True,50.0
crypto_15m,yes,65-80,10-60m,1673,False,69.33,65.21,4.11,1.94,6.33,70.62,73.51,41480676.7,764647,1.05,1492,1.49,2.54,True,35.0
crypto_15m,yes,80-90,10-60m,660,False,82.97,82.42,0.55,-2.27,3.62,83.89,88.02,11109775.9,188809,1.02,584,0.99,2.01,False,20.0
crypto_15m,yes,90-95,10-60m,242,False,91.16,92.98,-1.82,-4.68,1.42,91.76,97.95,2601182.8,48043,0.16,184,0.56,0.72,False,10.0
crypto_15m,yes,95-99,10-60m,60,False,95.68,96.67,-0.99,-4.37,4.03,95.92,99.92,462090.3,8259,0.15,40,0.29,0.44,False,5.0
crypto_15m,yes,01-05,2-5m,1062,False,2.56,2.82,-0.26,-1.36,0.66,2.42,1.46,41853713.2,656716,0.19,1007,0.17,0.36,False,98.6
crypto_15m,yes,05-10,2-5m,922,False,7.11,9.11,-2.0,-3.78,-0.21,7.11,8.21,18485498.6,366756,0.24,864,0.46,0.71,True,94.6
crypto_15m,yes,10-20,2-5m,915,False,14.48,15.85,-1.36,-3.77,0.93,14.63,17.1,17587501.9,292496,1.1,876,0.87,1.97,False,90.0
crypto_15m,yes,20-35,2-5m,934,False,26.68,29.12,-2.44,-5.45,0.34,26.79,26.88,21236684.3,342258,1.12,887,1.37,2.49,False,80.0
crypto_15m,yes,35-50,2-5m,913,False,42.1,44.58,-2.48,-5.61,0.61,42.08,44.97,20452967.4,313165,1.15,865,1.71,2.86,False,65.0
crypto_15m,yes,45-55(null),2-5m,856,False,49.5,51.52,-2.02,-5.4,1.13,49.51,57.53,13800020.4,205297,1.15,1704,1.75,2.9,False,55.0
crypto_15m,yes,50-65,2-5m,886,False,56.84,57.67,-0.83,-4.07,2.56,57.09,64.51,21322291.4,315808,1.14,839,1.72,2.86,False,50.0
crypto_15m,yes,65-80,2-5m,922,False,72.32,72.13,0.19,-2.4,3.06,72.37,75.93,23385510.6,353126,1.12,877,1.4,2.52,False,35.0
crypto_15m,yes,80-90,2-5m,900,False,84.77,84.89,-0.12,-2.38,2.04,84.77,86.86,20898109.7,299076,1.1,852,0.9,2.0,False,20.0
crypto_15m,yes,90-95,2-5m,938,False,92.5,92.11,0.39,-1.32,2.12,92.4,93.1,19478878.7,340047,0.24,866,0.49,0.73,False,10.0
crypto_15m,yes,95-99,2-5m,1054,False,97.53,95.92,1.61,0.57,2.79,97.53,97.78,35380496.8,573310,0.19,980,0.17,0.35,True,5.0
crypto_15m,yes,01-05,5-10m,542,False,3.52,3.69,-0.17,-1.66,1.3,3.04,0.57,21877706.4,335888,0.17,525,0.24,0.41,False,96.3
crypto_15m,yes,05-10,5-10m,838,False,7.59,7.76,-0.17,-2.04,1.66,7.31,5.54,26737444.4,506458,0.19,807,0.49,0.68,False,93.6
crypto_15m,yes,10-20,5-10m,1167,False,15.08,16.11,-1.03,-3.13,1.27,14.77,14.38,36229455.1,592388,1.03,1140,0.9,1.93,False,88.3
crypto_15m,yes,20-35,5-10m,1472,False,27.08,29.42,-2.34,-4.57,-0.13,26.81,27.5,51277822.4,876781,1.06,1419,1.38,2.44,False,79.1
crypto_15m,yes,35-50,5-10m,1552,False,41.91,43.56,-1.65,-3.96,0.78,41.84,42.55,47829804.1,812221,1.08,1488,1.7,2.78,False,65.0
crypto_15m,yes,45-55(null),5-10m,1457,False,49.36,50.31,-0.94,-3.58,1.52,49.39,51.72,30283103.4,505801,1.08,2990,1.75,2.83,False,55.0
crypto_15m,yes,50-65,5-10m,1564,False,56.92,57.16,-0.24,-2.57,2.29,57.03,59.44,44906477.3,771805,1.08,1502,1.72,2.79,False,50.0
crypto_15m,yes,65-80,5-10m,1459,False,71.52,70.66,0.86,-1.43,3.14,71.79,75.01,43093122.7,762987,1.07,1400,1.43,2.49,False,35.0
crypto_15m,yes,80-90,5-10m,1159,False,84.35,82.83,1.52,-0.46,3.77,84.75,86.89,30277475.1,500637,1.04,1083,0.92,1.97,False,20.0
crypto_15m,yes,90-95,5-10m,858,False,92.03,90.68,1.36,-0.4,3.27,92.21,94.05,22735966.5,423803,0.18,779,0.51,0.69,False,10.0
crypto_15m,yes,95-99,5-10m,614,False,96.55,94.95,1.6,-0.03,3.49,97.05,98.38,17648716.8,271456,0.17,540,0.23,0.4,False,5.0
crypto_15m,yes,01-05,lt2m,949,False,2.1,4.11,-2.01,-3.25,-0.85,2.3,3.15,23475882.8,332704,0.24,825,0.14,0.39,True,98.7
crypto_15m,yes,05-10,lt2m,635,False,7.04,9.92,-2.88,-5.28,-0.62,7.16,8.55,9144796.5,145184,0.47,564,0.46,0.93,True,93.9
crypto_15m,yes,10-20,lt2m,541,False,14.2,16.82,-2.62,-5.52,0.33,14.42,16.56,7942604.3,109349,1.3,495,0.85,2.15,False,88.1
crypto_15m,yes,20-35,lt2m,491,False,26.11,29.53,-3.42,-7.46,0.44,26.56,26.94,8305994.4,109977,1.33,439,1.35,2.68,False,78.8
crypto_15m,yes,35-50,lt2m,454,False,41.84,44.71,-2.88,-7.24,1.54,42.01,45.37,6965899.8,89634,1.48,399,1.7,3.19,False,63.0
crypto_15m,yes,45-55(null),lt2m,421,False,49.46,53.44,-3.99,-8.57,0.57,49.46,51.33,4554581.4,59023,1.38,795,1.75,3.13,False,54.0
crypto_15m,yes,50-65,lt2m,451,False,57.27,61.42,-4.15,-8.4,0.45,57.35,62.77,7395060.1,96192,1.29,396,1.71,3.0,False,49.3
crypto_15m,yes,65-80,lt2m,471,False,72.55,74.31,-1.76,-5.3,2.2,72.24,79.46,9092794.1,119512,1.33,422,1.39,2.73,False,32.9
crypto_15m,yes,80-90,lt2m,517,False,85.1,87.43,-2.33,-5.08,0.61,84.83,89.01,7280288.3,97101,1.34,489,0.89,2.23,False,19.7
crypto_15m,yes,90-95,lt2m,588,False,92.53,93.37,-0.84,-2.84,1.18,92.35,95.93,7852528.1,109004,0.45,540,0.48,0.93,False,9.7
crypto_15m,yes,95-99,lt2m,872,False,98.03,97.36,0.67,-0.35,1.73,97.73,99.37,19976858.2,314118,0.24,836,0.14,0.38,False,3.7
crypto_hourly,no,01-05,10-60m,8559,False,1.54,0.62,0.93,0.76,1.1,2.52,1.97,22155853.5,183462,1.02,3076,0.11,1.13,False,98.8
crypto_hourly,no,05-10,10-60m,2274,False,6.71,5.58,1.12,0.19,2.03,6.87,5.05,19975545.6,159701,1.08,2263,0.44,1.52,False,94.9
crypto_hourly,no,10-20,10-60m,2135,False,14.28,12.97,1.31,-0.2,2.71,14.17,12.54,28572107.2,255540,1.2,2345,0.86,2.05,False,89.7
crypto_hourly,no,20-35,10-60m,2024,False,26.52,25.1,1.43,-0.44,3.18,26.82,24.12,33668888.9,340803,1.66,2281,1.36,3.03,False,78.9
crypto_hourly,no,35-50,10-60m,2130,False,42.2,40.47,1.73,-0.25,3.64,42.05,41.86,33019766.4,336100,5.23,3660,1.71,6.93,False,65.0
crypto_hourly,no,45-55(null),10-60m,2053,False,49.7,48.56,1.13,-1.12,3.44,49.42,49.57,22236980.0,225204,4.64,7556,1.75,6.39,False,55.0
crypto_hourly,no,50-65,10-60m,2646,False,57.66,55.1,2.56,0.63,4.27,56.62,56.48,29999864.3,317754,4.05,3896,1.71,5.76,False,50.0
crypto_hourly,no,65-80,10-60m,3592,False,72.6,67.62,4.98,3.51,6.47,72.02,72.75,25829662.0,282049,3.2,4287,1.39,4.59,True,35.0
crypto_hourly,no,80-90,10-60m,3845,False,84.78,83.54,1.24,0.04,2.39,84.47,83.76,18372219.5,206349,3.28,6133,0.9,4.18,False,20.0
crypto_hourly,no,90-95,10-60m,3887,False,92.07,90.76,1.31,0.38,2.26,92.03,90.09,9642028.3,114611,2.5,5824,0.51,3.01,False,10.0
crypto_hourly,no,95-99,10-60m,9106,False,97.73,97.59,0.14,-0.18,0.45,97.41,97.37,13650098.8,145036,1.38,6842,0.16,1.54,False,5.0
crypto_hourly,no,01-05,2-5m,1468,False,1.63,0.75,0.88,0.41,1.29,2.03,1.53,3466323.2,32251,1.1,784,0.11,1.21,False,98.6
crypto_hourly,no,05-10,2-5m,543,False,6.8,5.16,1.64,-0.28,3.44,6.79,4.98,1736269.3,19464,1.75,655,0.44,2.19,False,94.9
crypto_hourly,no,10-20,2-5m,602,False,14.15,11.63,2.52,-0.12,4.82,14.1,10.5,2244703.2,24132,2.63,725,0.85,3.48,False,89.0
crypto_hourly,no,20-35,2-5m,661,False,26.82,25.87,0.95,-2.4,4.13,26.57,28.27,2673186.8,28585,3.92,790,1.37,5.29,False,80.0
crypto_hourly,no,35-50,2-5m,630,False,41.81,40.16,1.65,-2.07,5.23,41.87,38.19,2314722.5,24254,4.62,752,1.7,6.32,False,65.0
crypto_hourly,no,45-55(null),2-5m,590,False,49.61,47.97,1.64,-2.76,5.59,49.64,41.42,1545972.4,16151,4.66,1575,1.75,6.41,False,55.0
crypto_hourly,no,50-65,2-5m,670,False,57.33,57.76,-0.43,-3.85,3.17,57.17,50.87,2602083.8,27999,4.7,823,1.71,6.42,False,50.0
crypto_hourly,no,65-80,2-5m,753,False,72.16,71.45,0.72,-2.14,3.94,71.97,67.18,3258129.8,34809,4.53,927,1.41,5.94,False,35.0
crypto_hourly,no,80-90,2-5m,732,False,84.57,82.65,1.92,-0.76,4.7,84.39,83.59,1981214.9,22330,4.13,970,0.91,5.05,False,20.0
crypto_hourly,no,90-95,2-5m,699,False,92.24,90.99,1.25,-0.71,3.37,92.12,89.97,1472641.5,16090,3.35,1061,0.5,3.85,False,10.0
crypto_hourly,no,95-99,2-5m,1383,False,97.71,96.96,0.74,-0.11,1.79,97.73,97.78,3792286.9,38619,1.8,1389,0.16,1.96,False,5.0
crypto_hourly,no,01-05,5-10m,1780,False,1.7,1.07,0.63,0.16,1.05,2.31,1.15,3849473.6,36452,1.01,1019,0.12,1.13,False,98.3
crypto_hourly,no,05-10,5-10m,600,False,6.83,5.67,1.17,-0.8,2.9,6.88,5.21,2507373.7,27794,1.16,665,0.45,1.61,False,94.9
crypto_hourly,no,10-20,5-10m,628,False,14.19,13.06,1.13,-1.49,3.57,14.12,10.4,3193889.4,34631,1.88,752,0.85,2.73,False,90.0
crypto_hourly,no,20-35,5-10m,768,False,27.07,25.65,1.42,-1.71,4.52,26.89,25.29,3621641.3,40443,2.91,931,1.38,4.29,False,80.0
crypto_hourly,no,35-50,5-10m,840,False,42.18,40.6,1.58,-1.71,5.06,42.06,38.42,3840873.1,40236,3.74,1061,1.71,5.45,False,65.0
crypto_hourly,no,45-55(null),5-10m,809,False,49.71,49.44,0.27,-3.08,4.02,49.51,47.85,2711240.0,27705,3.84,2309,1.75,5.59,False,55.0
crypto_hourly,no,50-65,5-10m,988,False,57.28,59.62,-2.34,-5.37,0.58,57.11,60.05,4330482.4,44905,3.93,1248,1.71,5.64,False,50.0
crypto_hourly,no,65-80,5-10m,1095,False,72.36,73.88,-1.52,-4.04,1.06,72.09,74.29,4917548.6,53356,3.85,1386,1.4,5.25,False,35.0
crypto_hourly,no,80-90,5-10m,1103,False,84.65,83.95,0.7,-1.44,2.66,84.66,83.04,3450564.3,37368,3.49,1493,0.91,4.4,False,20.0
crypto_hourly,no,90-95,5-10m,989,False,92.2,90.09,2.11,0.33,3.94,92.0,88.48,2010699.7,22540,2.93,1565,0.5,3.44,False,10.0
crypto_hourly,no,95-99,5-10m,2221,False,97.82,97.21,0.61,-0.01,1.26,97.73,97.83,4437105.3,46860,1.48,2166,0.15,1.62,False,5.0
crypto_hourly,no,01-05,gt60m,451,False,2.1,0.0,2.1,2.02,2.19,2.84,0.0,1243292.2,9721,1.13,461,0.14,1.28,True,
crypto_hourly,no,05-10,gt60m,223,False,6.62,1.35,5.27,3.53,6.6,6.85,0.34,1693085.4,11109,1.43,247,0.43,1.86,True,93.0
crypto_hourly,no,10-20,gt60m,187,False,14.17,6.95,7.22,3.43,10.44,14.54,2.27,2406346.0,15820,1.52,220,0.85,2.37,True,87.5
crypto_hourly,no,20-35,gt60m,163,False,26.34,18.4,7.94,2.11,13.34,26.7,15.64,2587036.4,17866,1.57,200,1.36,2.93,True,78.4
crypto_hourly,no,35-50,gt60m,164,False,42.22,32.93,9.3,1.47,15.87,42.04,37.74,3208669.9,24579,78.0,520,1.71,79.71,False,60.4
crypto_hourly,no,45-55(null),gt60m,169,False,49.6,42.6,7.0,-0.97,14.04,49.39,47.56,2281649.6,17512,78.0,1110,1.75,79.75,False,53.1
crypto_hourly,no,50-65,gt60m,195,False,57.03,56.41,0.62,-6.04,7.2,55.8,55.46,2575583.8,22111,78.0,590,1.72,79.72,False,49.9
crypto_hourly,no,65-80,gt60m,232,False,72.56,71.98,0.58,-5.14,6.59,72.27,75.66,1919177.4,17992,2.51,317,1.39,3.9,False,34.3
crypto_hourly,no,80-90,gt60m,311,False,85.32,84.24,1.08,-2.75,5.31,84.63,81.73,1418654.9,15233,3.04,486,0.88,3.92,False,20.0
crypto_hourly,no,90-95,gt60m,355,False,92.23,91.83,0.4,-2.41,3.43,92.04,90.39,963770.0,10443,2.34,528,0.5,2.85,False,10.0
crypto_hourly,no,95-99,gt60m,953,False,97.64,98.32,-0.68,-1.44,0.22,97.16,97.95,1106800.1,12856,1.5,843,0.16,1.66,False,5.0
crypto_hourly,no,01-05,lt2m,1701,False,1.46,0.71,0.75,0.34,1.11,1.58,0.33,5152372.4,38091,1.53,890,0.1,1.63,False,98.0
crypto_hourly,no,05-10,lt2m,481,False,6.59,5.61,0.98,-1.26,3.0,6.7,7.49,1070967.6,11940,2.75,602,0.43,3.18,False,94.7
crypto_hourly,no,10-20,lt2m,449,False,14.09,12.03,2.06,-0.98,4.97,14.0,9.36,1174428.2,13396,4.0,543,0.85,4.85,False,88.6
crypto_hourly,no,20-35,lt2m,443,False,26.46,25.06,1.4,-2.47,5.23,26.6,26.75,1237643.0,12693,5.5,497,1.36,6.86,False,79.8
crypto_hourly,no,35-50,lt2m,391,False,42.15,39.39,2.76,-2.04,7.88,42.01,38.46,1363645.4,14114,7.0,471,1.71,8.71,False,64.0
crypto_hourly,no,45-55(null),lt2m,362,False,49.51,47.51,2.0,-3.02,7.33,49.12,43.13,867096.9,9112,7.0,956,1.75,8.75,False,55.0
crypto_hourly,no,50-65,lt2m,394,False,56.96,55.08,1.89,-2.8,7.22,57.1,54.34,1316371.2,13246,7.0,485,1.72,8.72,False,50.0
crypto_hourly,no,65-80,lt2m,420,False,72.14,71.43,0.72,-3.46,4.93,71.93,74.3,1462370.3,15823,5.94,529,1.41,7.35,False,35.0
crypto_hourly,no,80-90,lt2m,417,False,84.5,85.61,-1.11,-4.31,2.48,84.58,88.2,980605.8,10914,5.22,584,0.92,6.14,False,20.0
crypto_hourly,no,90-95,lt2m,434,False,92.12,92.86,-0.74,-3.02,1.74,92.14,93.22,745634.6,7890,4.27,662,0.51,4.78,False,10.0
crypto_hourly,no,95-99,lt2m,890,False,97.96,96.85,1.11,0.0,2.19,98.09,97.45,2745563.2,24021,2.0,1003,0.14,2.14,False,5.0
crypto_hourly,yes,01-05,10-60m,6872,False,2.03,1.59,0.44,0.15,0.74,2.53,1.76,25320049.6,188593,1.38,6842,0.14,1.52,False,99.0
crypto_hourly,yes,05-10,10-60m,4138,False,6.95,7.13,-0.18,-0.92,0.63,6.84,6.89,23773564.3,191413,2.5,5824,0.45,2.95,False,95.0
crypto_hourly,yes,10-20,10-60m,4355,False,14.39,14.54,-0.15,-1.19,0.91,14.23,13.25,33913159.2,315846,3.28,6133,0.86,4.14,False,90.0
crypto_hourly,yes,20-35,10-60m,3889,False,26.23,25.28,0.96,-0.35,2.24,26.8,25.67,40008217.0,425082,3.2,4287,1.35,4.55,False,80.0
crypto_hourly,yes,35-50,10-60m,2909,False,41.36,38.33,3.03,1.21,4.71,42.08,41.75,39943093.6,445937,4.05,3896,1.7,5.75,False,65.0
crypto_hourly,yes,45-55(null),10-60m,2373,False,49.06,47.11,1.95,0.15,3.9,49.32,48.95,25849544.0,289402,4.64,7556,1.75,6.39,False,55.0
crypto_hourly,yes,50-65,10-60m,2292,False,56.42,54.28,2.14,0.17,4.22,56.66,55.67,33435881.8,391589,5.23,3660,1.72,6.95,False,50.0
crypto_hourly,yes,65-80,10-60m,2141,False,71.94,70.48,1.46,-0.44,3.35,71.87,72.81,30169061.5,358181,1.66,2281,1.41,3.08,False,35.0
crypto_hourly,yes,80-90,10-60m,2072,False,84.58,83.35,1.23,-0.47,2.79,84.43,84.94,20423278.8,227444,1.2,2345,0.91,2.11,False,20.0
crypto_hourly,yes,90-95,10-60m,2089,False,92.11,91.72,0.39,-0.8,1.56,92.0,92.72,10249671.8,113073,1.08,2263,0.51,1.59,False,10.0
crypto_hourly,yes,95-99,10-60m,4060,False,97.69,97.54,0.15,-0.29,0.63,97.39,97.8,13582196.2,136693,1.02,3076,0.16,1.18,False,5.0
crypto_hourly,yes,01-05,2-5m,1830,False,1.71,1.04,0.67,0.21,1.12,2.04,1.21,4485832.0,37187,1.8,1389,0.12,1.92,False,99.0
crypto_hourly,yes,05-10,2-5m,732,False,6.8,6.69,0.11,-1.77,1.76,6.64,5.01,1682519.9,20107,3.35,1061,0.44,3.8,False,95.0
crypto_hourly,yes,10-20,2-5m,755,False,14.25,14.04,0.21,-2.3,2.43,14.1,15.03,1969532.8,21769,4.13,970,0.86,4.99,False,90.0
crypto_hourly,yes,20-35,2-5m,784,False,26.86,27.3,-0.44,-3.46,2.56,26.97,32.58,2908151.9,31364,4.53,927,1.38,5.9,False,80.0
crypto_hourly,yes,35-50,2-5m,727,False,41.7,40.03,1.67,-1.82,5.09,41.82,47.01,2713177.8,29975,4.7,823,1.7,6.4,False,65.0
crypto_hourly,yes,45-55(null),2-5m,629,False,49.45,50.4,-0.95,-4.7,3.0,49.43,60.4,1716954.8,19158,4.66,1575,1.75,6.41,False,55.0
crypto_hourly,yes,50-65,2-5m,682,False,57.11,58.21,-1.1,-4.6,2.56,57.09,67.51,2623499.9,30030,4.62,752,1.71,6.33,False,50.0
crypto_hourly,yes,65-80,2-5m,759,False,72.25,71.15,1.1,-2.24,4.36,72.5,73.81,3203411.6,40361,3.92,790,1.4,5.32,False,35.0
crypto_hourly,yes,80-90,2-5m,704,False,84.47,84.66,-0.19,-2.93,2.37,84.56,84.63,2392973.1,30438,2.63,725,0.92,3.55,False,20.0
crypto_hourly,yes,90-95,2-5m,642,False,92.06,93.3,-1.24,-3.08,0.68,92.1,92.92,1576509.8,19839,1.75,655,0.51,2.26,False,10.0
crypto_hourly,yes,95-99,2-5m,841,False,97.59,96.91,0.68,-0.41,1.9,97.79,98.19,3927347.9,42150,1.1,784,0.16,1.27,False,5.0
crypto_hourly,yes,01-05,5-10m,2126,False,1.88,1.27,0.61,0.1,1.06,2.27,0.79,4833999.3,42559,1.48,2166,0.13,1.6,False,98.4
crypto_hourly,yes,05-10,5-10m,1012,False,6.82,7.11,-0.3,-1.94,1.29,6.82,8.19,2600771.8,28573,2.93,1565,0.44,3.38,False,95.0
crypto_hourly,yes,10-20,5-10m,1139,False,14.28,14.4,-0.12,-2.15,1.77,14.1,16.57,3568664.8,39901,3.49,1493,0.86,4.35,False,90.0
crypto_hourly,yes,20-35,5-10m,1148,False,26.96,24.48,2.48,0.03,5.05,26.89,23.1,4363082.8,51200,3.85,1386,1.38,5.23,False,80.0
crypto_hourly,yes,35-50,5-10m,1105,False,41.9,39.28,2.63,-0.43,5.36,42.1,40.81,4065769.4,48437,3.93,1248,1.7,5.63,False,65.0
crypto_hourly,yes,45-55(null),5-10m,929,False,49.35,47.15,2.2,-1.02,5.37,49.38,52.9,2726947.5,32652,3.84,2309,1.75,5.59,False,55.0
crypto_hourly,yes,50-65,5-10m,948,False,56.89,55.59,1.3,-1.73,4.52,57.16,61.66,4194551.1,51082,3.74,1061,1.72,5.46,False,50.0
crypto_hourly,yes,65-80,5-10m,888,False,71.83,71.4,0.43,-2.45,3.5,72.12,73.43,4412895.0,55050,2.91,931,1.42,4.33,False,35.0
crypto_hourly,yes,80-90,5-10m,754,False,84.27,83.55,0.72,-1.72,3.27,84.66,85.35,3555810.6,42512,1.88,752,0.93,2.8,False,20.0
crypto_hourly,yes,90-95,5-10m,641,False,92.15,91.11,1.04,-1.02,3.44,92.14,92.25,2243824.1,26287,1.16,665,0.51,1.67,False,10.0
crypto_hourly,yes,95-99,5-10m,1095,False,97.81,97.26,0.55,-0.38,1.46,97.62,96.34,4213731.0,43914,1.01,1019,0.15,1.16,False,5.0
crypto_hourly,yes,01-05,gt60m,885,False,2.13,0.9,1.23,0.57,1.78,2.82,0.25,1630155.1,13960,1.5,843,0.15,1.65,False,96.7
crypto_hourly,yes,05-10,gt60m,453,False,6.64,5.08,1.56,-0.39,3.39,6.78,5.59,2424195.7,16659,2.34,528,0.43,2.78,False,94.9
crypto_hourly,yes,10-20,gt60m,360,False,13.72,12.5,1.22,-2.4,4.37,14.04,14.66,3223074.8,25689,3.04,486,0.83,3.87,False,88.9
crypto_hourly,yes,20-35,gt60m,275,False,25.87,24.0,1.87,-3.27,6.84,26.66,22.99,3195138.6,25004,2.51,317,1.34,3.85,False,78.1
crypto_hourly,yes,35-50,gt60m,208,False,41.6,41.83,-0.23,-7.08,6.4,42.37,41.74,3246383.7,27332,78.0,590,1.7,79.7,False,62.1
crypto_hourly,yes,45-55(null),gt60m,175,False,49.4,52.0,-2.6,-9.97,5.61,49.72,48.79,2672344.7,22553,78.0,1110,1.75,79.75,False,54.7
crypto_hourly,yes,50-65,gt60m,177,False,56.07,61.02,-4.95,-12.47,2.18,56.19,56.17,3427773.6,33105,78.0,520,1.72,79.72,False,50.0
crypto_hourly,yes,65-80,gt60m,170,False,72.08,78.82,-6.74,-12.33,-0.53,71.43,77.51,2058691.5,19889,1.57,200,1.41,2.98,True,35.0
crypto_hourly,yes,80-90,gt60m,189,False,84.82,90.48,-5.66,-9.62,-1.21,84.54,97.02,1151274.8,12639,1.52,220,0.9,2.42,True,20.0
crypto_hourly,yes,90-95,gt60m,206,False,92.13,98.54,-6.41,-7.85,-4.52,91.91,99.27,614613.4,7291,1.43,247,0.51,1.94,True,10.0
crypto_hourly,yes,95-99,gt60m,497,False,97.73,99.6,-1.87,-2.3,-1.26,97.16,99.99,787859.1,9166,1.13,461,0.16,1.29,True,5.0
crypto_hourly,yes,01-05,lt2m,2076,False,1.38,0.58,0.8,0.44,1.09,1.43,1.16,6653410.5,38782,2.0,1003,0.1,2.1,False,98.7
crypto_hourly,yes,05-10,lt2m,482,False,6.66,5.6,1.06,-1.08,2.97,6.75,4.02,850787.6,10255,4.27,662,0.44,4.7,False,95.0
crypto_hourly,yes,10-20,lt2m,464,False,14.04,12.5,1.54,-1.57,4.48,14.07,11.73,980246.6,11582,5.22,584,0.85,6.07,False,90.0
crypto_hourly,yes,20-35,lt2m,439,False,26.56,25.28,1.27,-2.78,5.07,27.03,24.7,1288770.9,14587,5.94,529,1.37,7.31,False,79.7
crypto_hourly,yes,35-50,lt2m,418,False,41.94,40.19,1.75,-2.94,6.55,42.04,51.53,1304236.4,13677,7.0,485,1.7,8.7,False,65.0
crypto_hourly,yes,45-55(null),lt2m,357,False,49.44,50.14,-0.7,-5.47,4.32,49.63,58.92,922581.6,10110,7.0,956,1.75,8.75,False,55.0
crypto_hourly,yes,50-65,lt2m,391,False,57.14,56.78,0.36,-4.54,5.11,57.0,63.66,1484401.6,16763,7.0,471,1.71,8.71,False,49.6
crypto_hourly,yes,65-80,lt2m,465,False,72.58,70.75,1.82,-1.95,5.87,72.05,73.79,1511104.3,17850,5.5,497,1.39,6.89,False,34.3
crypto_hourly,yes,80-90,lt2m,501,False,84.63,84.03,0.6,-2.42,4.0,84.83,90.67,1311956.6,16151,4.0,543,0.91,4.91,False,20.0
crypto_hourly,yes,90-95,lt2m,574,False,92.21,92.16,0.05,-2.12,2.19,92.17,93.55,990108.0,10834,2.75,602,0.5,3.25,False,10.0
crypto_hourly,yes,95-99,lt2m,903,False,98.21,96.35,1.87,0.71,3.15,98.13,98.53,3398420.6,36190,1.53,890,0.12,1.65,True,5.0
econ,no,01-05,10-60m,88,False,1.49,1.14,0.36,-2.0,1.64,1.48,2.39,45910.6,372,1.82,45,0.1,1.92,False,98.6
econ,no,05-10,10-60m,25,True,7.02,8.0,-0.98,-12.94,7.07,6.52,0.89,9605.3,231,4.73,39,0.46,5.18,False,93.0
econ,no,10-20,10-60m,23,True,13.94,21.74,-7.8,-25.0,8.39,13.89,12.73,6756.5,414,7.0,58,0.84,7.84,False,87.0
econ,no,20-35,10-60m,29,True,26.76,48.28,-21.51,-39.26,-4.4,28.3,70.66,15581.5,989,12.02,66,1.37,13.39,False,80.0
econ,no,35-50,10-60m,25,True,40.73,60.0,-19.27,-38.58,-2.75,39.98,91.21,24263.3,937,30.0,67,1.69,31.69,False,64.0
econ,no,45-55(null),10-60m,16,True,48.31,68.75,-20.44,-39.36,3.25,48.72,89.16,5554.5,321,27.0,130,1.75,28.75,False,53.4
econ,no,50-65,10-60m,21,True,57.25,85.71,-28.46,-41.46,-14.08,57.77,98.8,8892.2,572,24.0,63,1.71,25.71,False,49.7
econ,no,65-80,10-60m,34,False,71.92,94.12,-22.2,-28.64,-13.74,72.14,99.99,24873.2,1201,13.67,62,1.41,15.08,True,35.0
econ,no,80-90,10-60m,29,True,84.17,93.1,-8.93,-16.06,1.37,83.28,99.88,18616.5,635,6.82,72,0.93,7.75,False,20.0
econ,no,90-95,10-60m,29,True,92.1,96.55,-4.45,-8.18,2.69,92.01,99.29,4417.1,243,4.0,59,0.51,4.51,False,10.0
econ,no,95-99,10-60m,52,False,97.77,96.15,1.62,-2.45,7.65,97.9,99.37,16782.1,419,2.0,53,0.15,2.15,False,5.0
econ,no,01-05,2-5m,10,True,1.7,10.0,-8.3,-28.5,2.2,1.15,0.61,434.6,11,1.0,15,0.12,1.12,False,98.0
econ,no,05-10,2-5m,7,True,7.68,0.0,7.68,6.96,8.39,7.94,0.0,299.0,14,2.31,21,0.5,2.81,False,
econ,no,10-20,2-5m,11,True,14.29,27.27,-12.99,-39.37,12.36,13.26,22.59,456.5,60,4.0,19,0.86,4.86,False,87.0
econ,no,20-35,2-5m,8,True,27.61,62.5,-34.89,-67.95,0.51,25.15,74.96,589.4,48,4.04,15,1.4,5.44,False,77.7
econ,no,35-50,2-5m,7,True,39.55,71.43,-31.88,-59.82,-2.76,40.31,82.07,549.6,76,17.36,22,1.67,19.03,False,65.0
econ,no,45-55(null),2-5m,2,True,49.3,100.0,-50.7,-52.37,-49.02,50.2,100.0,303.2,20,22.68,43,1.75,24.43,False,52.4
econ,no,50-65,2-5m,4,True,56.24,100.0,-43.76,-49.51,-37.0,54.28,100.0,339.0,13,28.0,21,1.72,29.72,False,50.0
econ,no,65-80,2-5m,14,True,74.34,100.0,-25.66,-27.87,-23.49,74.68,100.0,2606.3,109,6.2,25,1.34,7.54,False,34.9
econ,no,80-90,2-5m,18,True,84.41,94.44,-10.04,-16.36,1.2,84.75,99.88,14423.0,186,3.71,30,0.92,4.63,False,20.0
econ,no,90-95,2-5m,10,True,92.29,100.0,-7.71,-8.75,-6.76,93.64,100.0,3099.6,45,2.61,27,0.5,3.11,False,10.0
econ,no,95-99,2-5m,36,False,97.42,94.44,2.98,-2.77,11.41,96.54,96.18,1159.4,83,1.58,18,0.18,1.76,False,5.0
econ,no,01-05,5-10m,27,True,1.47,3.7,-2.23,-9.63,1.59,1.37,7.29,3214.3,47,1.0,20,0.1,1.1,False,96.0
econ,no,05-10,5-10m,11,True,7.74,9.09,-1.35,-19.42,8.18,8.41,65.54,1694.2,41,3.0,21,0.5,3.5,False,91.1
econ,no,10-20,5-10m,10,True,12.6,0.0,12.6,11.13,14.23,15.75,0.0,2180.2,132,2.77,20,0.77,3.54,False,
econ,no,20-35,5-10m,10,True,28.51,40.0,-11.49,-41.53,18.83,29.33,43.58,1371.3,98,4.58,20,1.43,6.01,False,74.7
econ,no,35-50,5-10m,10,True,41.89,80.0,-38.11,-58.49,-9.17,41.95,90.54,2654.6,168,7.71,21,1.7,9.41,False,63.6
econ,no,45-55(null),5-10m,4,True,51.3,75.0,-23.7,-47.92,24.07,51.88,98.06,1919.1,56,16.95,46,1.75,18.7,False,48.2
econ,no,50-65,5-10m,6,True,59.39,100.0,-40.61,-43.33,-37.8,56.25,100.0,4079.0,139,26.2,25,1.69,27.89,False,44.8
econ,no,65-80,5-10m,22,True,72.63,100.0,-27.37,-29.39,-25.49,71.07,100.0,2221.1,152,5.36,29,1.39,6.75,False,35.0
econ,no,80-90,5-10m,21,True,84.53,100.0,-15.47,-16.5,-14.38,84.08,100.0,3603.6,190,2.81,28,0.92,3.73,False,20.0
econ,no,90-95,5-10m,10,True,92.31,100.0,-7.69,-8.58,-6.89,92.6,100.0,880.7,57,3.0,28,0.5,3.5,False,10.0
econ,no,95-99,5-10m,17,True,97.5,100.0,-2.5,-3.11,-1.85,97.78,100.0,1565.1,45,1.71,18,0.17,1.88,False,5.0
econ,no,01-05,gt60m,213,False,1.62,4.23,-2.61,-5.46,-0.2,1.41,3.11,456590.4,2987,3.0,241,0.11,3.11,False,99.0
econ,no,05-10,gt60m,134,False,6.7,14.18,-7.48,-13.37,-2.24,6.59,22.76,63870.8,1717,6.61,253,0.44,7.04,True,95.0
econ,no,10-20,gt60m,132,False,14.06,25.76,-11.7,-19.05,-4.8,14.53,32.47,93014.9,4024,10.56,255,0.85,11.4,True,89.6
econ,no,20-35,gt60m,140,False,26.58,42.14,-15.56,-23.61,-6.93,26.75,47.85,127459.1,6190,20.0,293,1.37,21.37,False,79.0
econ,no,35-50,gt60m,140,False,42.05,56.43,-14.38,-22.46,-6.08,41.29,81.67,92788.1,4895,64.48,399,1.71,66.19,False,65.0
econ,no,45-55(null),gt60m,127,False,49.48,63.78,-14.3,-22.25,-6.51,49.52,84.85,51101.3,3381,56.27,766,1.75,58.02,False,55.0
econ,no,50-65,gt60m,152,False,57.26,72.37,-15.11,-22.07,-7.84,58.36,91.7,105705.5,5297,48.06,367,1.71,49.77,False,50.0
econ,no,65-80,gt60m,164,False,72.44,79.88,-7.44,-12.91,-1.17,72.68,95.82,137399.1,6148,15.36,298,1.4,16.76,False,35.0
econ,no,80-90,gt60m,189,False,85.13,88.89,-3.76,-8.2,1.07,84.56,96.92,111387.8,4680,8.32,281,0.89,9.2,False,20.0
econ,no,90-95,gt60m,177,False,92.2,93.22,-1.02,-4.82,2.42,92.12,98.42,51759.1,2527,4.74,257,0.5,5.25,False,10.0
econ,no,95-99,gt60m,242,False,97.8,96.28,1.52,-0.78,4.02,98.16,99.89,446729.7,5256,1.85,255,0.15,2.0,False,5.0
econ,no,01-05,lt2m,10,True,2.06,10.0,-7.94,-28.5,2.65,1.66,0.84,3706.1,24,2.0,24,0.14,2.14,False,99.0
econ,no,05-10,lt2m,8,True,7.78,0.0,7.78,6.93,8.52,7.54,0.0,1442.2,23,2.68,21,0.5,3.18,False,
econ,no,10-20,lt2m,8,True,14.76,25.0,-10.24,-46.94,15.48,14.11,10.22,1729.5,75,5.0,17,0.88,5.88,False,87.0
econ,no,20-35,lt2m,7,True,30.06,85.71,-55.65,-69.85,-29.63,27.15,77.04,562.3,41,7.13,16,1.47,8.61,False,73.5
econ,no,35-50,lt2m,8,True,41.84,100.0,-58.16,-60.48,-55.69,42.36,100.0,1617.0,94,11.45,20,1.7,13.15,False,63.9
econ,no,45-55(null),lt2m,6,True,48.84,100.0,-51.16,-53.28,-49.2,49.86,100.0,1278.0,52,12.72,43,1.75,14.47,False,54.9
econ,no,50-65,lt2m,6,True,56.39,100.0,-43.61,-46.99,-40.4,55.25,100.0,1209.0,38,14.0,23,1.72,15.72,False,49.2
econ,no,65-80,lt2m,16,True,73.52,100.0,-26.48,-28.43,-24.56,72.36,100.0,2789.1,206,10.56,31,1.36,11.92,False,35.0
econ,no,80-90,lt2m,21,True,85.26,100.0,-14.74,-16.07,-13.54,85.6,100.0,3310.2,158,4.61,30,0.88,5.49,False,20.0
econ,no,90-95,lt2m,13,True,91.49,100.0,-8.51,-9.21,-7.75,91.57,100.0,1043.8,48,3.0,29,0.54,3.54,False,10.0
econ,no,95-99,lt2m,13,True,96.23,100.0,-3.77,-4.53,-2.9,96.82,100.0,1086.3,33,2.0,22,0.25,2.25,False,5.0
econ,yes,01-05,10-60m,78,False,1.94,0.0,1.94,1.71,2.18,1.38,0.0,88409.6,454,2.0,53,0.13,2.13,False,
econ,yes,05-10,10-60m,41,False,6.77,0.0,6.77,6.41,7.14,6.64,0.0,18934.2,353,4.0,59,0.44,4.44,True,
econ,yes,10-20,10-60m,43,False,13.78,2.33,11.45,6.5,14.3,15.07,0.01,13260.8,513,6.82,72,0.83,7.65,True,81.0
econ,yes,20-35,10-60m,42,False,27.25,4.76,22.49,14.93,27.86,25.53,0.26,29604.3,1791,13.67,62,1.39,15.05,True,78.0
econ,yes,35-50,10-60m,29,True,40.74,3.45,37.29,29.97,41.61,40.91,0.09,13810.1,872,24.0,63,1.69,25.69,False,56.1
econ,yes,45-55(null),10-60m,16,True,49.47,6.25,43.22,30.01,50.19,50.48,0.5,8786.9,546,27.0,130,1.75,28.75,False,48.0
econ,yes,50-65,10-60m,27,True,58.66,25.93,32.74,15.42,48.31,57.1,4.59,14616.2,1069,30.0,67,1.7,31.7,False,48.0
econ,yes,65-80,10-60m,40,False,72.39,37.5,34.89,19.77,49.57,72.18,29.76,33263.7,1850,12.02,66,1.4,13.42,True,35.0
econ,yes,80-90,10-60m,36,False,84.54,55.56,28.98,12.57,46.12,82.24,41.94,22767.2,801,7.0,58,0.92,7.92,True,20.0
econ,yes,90-95,10-60m,30,False,91.99,66.67,25.33,8.47,42.22,92.27,75.8,5890.3,208,4.73,39,0.52,5.24,True,10.0
econ,yes,95-99,10-60m,49,False,97.7,83.67,14.03,4.09,24.11,98.21,67.23,20269.0,377,1.82,45,0.16,1.98,True,5.0
econ,yes,01-05,2-5m,10,True,1.71,0.0,1.71,1.0,2.41,1.46,0.0,2975.6,23,1.58,18,0.12,1.7,False,
econ,yes,05-10,2-5m,12,True,7.58,0.0,7.58,6.87,8.29,7.95,0.0,577.0,38,2.61,27,0.49,3.1,False,
econ,yes,10-20,2-5m,19,True,14.3,0.0,14.3,12.79,15.75,15.46,0.0,6118.5,109,3.71,30,0.86,4.57,False,
econ,yes,20-35,2-5m,17,True,25.95,0.0,25.95,24.1,28.0,25.97,0.0,2629.9,188,6.2,25,1.35,7.55,False,
econ,yes,35-50,2-5m,6,True,40.15,0.0,40.15,37.07,43.99,40.44,0.0,1394.6,48,28.0,21,1.68,29.68,False,
econ,yes,45-55(null),2-5m,5,True,49.84,0.0,49.84,47.98,51.27,50.59,0.0,609.5,27,22.68,43,1.75,24.43,False,
econ,yes,50-65,2-5m,11,True,57.52,9.09,48.43,30.1,58.8,59.72,0.1,1592.6,75,17.36,22,1.71,19.07,False,37.0
econ,yes,65-80,2-5m,12,True,71.68,33.33,38.35,10.86,63.65,72.55,80.33,10318.4,178,4.04,15,1.42,5.46,False,33.1
econ,yes,80-90,2-5m,10,True,84.63,50.0,34.63,5.14,64.21,84.36,87.04,1449.4,82,4.0,19,0.91,4.91,False,19.3
econ,yes,90-95,2-5m,11,True,91.82,90.91,0.91,-8.44,18.91,92.25,99.43,879.5,71,2.31,21,0.53,2.84,False,10.0
econ,yes,95-99,2-5m,16,True,97.48,87.5,9.98,-2.74,28.82,97.28,95.58,1198.8,47,1.0,15,0.17,1.17,False,5.0
econ,yes,01-05,5-10m,19,True,1.62,0.0,1.62,1.21,2.09,1.15,0.0,7063.9,31,1.71,18,0.11,1.82,False,
econ,yes,05-10,5-10m,18,True,7.08,0.0,7.08,6.34,7.75,6.64,0.0,2692.6,71,3.0,28,0.46,3.46,False,
econ,yes,10-20,5-10m,15,True,14.1,0.0,14.1,12.54,15.54,16.52,0.0,2603.6,84,2.81,28,0.85,3.66,False,
econ,yes,20-35,5-10m,24,True,25.87,0.0,25.87,24.24,27.57,25.35,0.0,3073.6,218,5.36,29,1.34,6.7,False,
econ,yes,35-50,5-10m,13,True,41.87,7.69,34.18,18.12,43.14,40.05,3.03,1586.1,77,26.2,25,1.7,27.9,False,56.0
econ,yes,45-55(null),5-10m,7,True,49.02,0.0,49.02,46.82,51.31,50.14,0.0,1023.4,61,16.95,46,1.75,18.7,False,
econ,yes,50-65,5-10m,12,True,58.03,8.33,49.7,32.45,59.72,57.41,2.63,2691.9,219,7.71,21,1.7,9.41,False,41.2
econ,yes,65-80,5-10m,16,True,71.18,31.25,39.93,15.99,59.59,72.31,18.73,4233.7,247,4.58,20,1.44,6.02,False,31.0
econ,yes,80-90,5-10m,14,True,85.5,50.0,35.5,13.23,63.27,85.41,56.01,1287.0,115,2.77,20,0.87,3.63,False,20.0
econ,yes,90-95,5-10m,12,True,92.18,66.67,25.51,0.3,58.51,93.15,18.13,3013.3,50,3.0,21,0.5,3.5,False,10.0
econ,yes,95-99,5-10m,12,True,97.91,91.67,6.25,-2.68,23.17,98.85,94.15,4514.0,39,1.0,20,0.14,1.14,False,5.0
econ,yes,01-05,gt60m,180,False,2.2,0.56,1.65,0.43,2.33,1.78,0.0,840107.9,4492,1.85,255,0.15,2.0,False,99.0
econ,yes,05-10,gt60m,166,False,6.76,5.42,1.33,-2.27,4.42,6.54,1.61,127532.6,3413,4.74,257,0.44,5.19,False,94.6
econ,yes,10-20,gt60m,161,False,13.97,10.56,3.41,-1.32,7.78,14.69,2.25,183348.9,6492,8.32,281,0.84,9.16,False,89.7
econ,yes,20-35,gt60m,173,False,26.79,16.76,10.03,3.84,16.08,26.99,10.89,149427.9,8022,15.36,298,1.37,16.73,False,78.9
econ,yes,35-50,gt60m,158,False,41.79,24.68,17.11,10.5,23.16,41.69,13.21,125700.5,7577,48.06,367,1.7,49.76,False,65.0
econ,yes,45-55(null),gt60m,131,False,49.32,30.53,18.78,11.19,26.2,49.69,21.38,88526.2,5018,56.27,766,1.75,58.02,False,54.3
econ,yes,50-65,gt60m,154,False,56.81,35.06,21.75,14.06,29.27,56.75,25.69,131032.2,7307,64.48,399,1.72,66.2,False,50.0
econ,yes,65-80,gt60m,149,False,71.93,48.32,23.6,15.62,31.59,72.06,44.54,174475.6,9225,20.0,293,1.41,21.41,True,35.0
econ,yes,80-90,gt60m,168,False,84.46,66.07,18.39,11.23,25.73,85.19,55.47,206732.4,5713,10.56,255,0.92,11.47,True,20.0
econ,yes,90-95,gt60m,144,False,92.15,81.94,10.2,4.05,17.07,91.85,87.42,57094.4,1940,6.61,253,0.51,7.11,True,10.0
econ,yes,95-99,gt60m,271,False,98.12,89.67,8.45,5.14,12.13,98.46,95.78,452308.1,4323,3.0,241,0.13,3.13,True,5.0
econ,yes,01-05,lt2m,6,True,2.17,0.0,2.17,1.17,3.17,1.34,0.0,2892.2,15,2.0,22,0.15,2.15,False,
econ,yes,05-10,lt2m,7,True,7.42,0.0,7.42,6.5,8.24,7.6,0.0,423.4,24,3.0,29,0.48,3.48,False,
econ,yes,10-20,lt2m,16,True,15.16,0.0,15.16,13.73,16.46,16.51,0.0,4945.8,102,4.61,30,0.9,5.51,False,
econ,yes,20-35,lt2m,18,True,26.99,0.0,26.99,24.86,29.05,28.12,0.0,2440.3,142,10.56,31,1.38,11.94,False,
econ,yes,35-50,lt2m,13,True,42.13,0.0,42.13,39.96,44.17,42.41,0.0,1532.9,79,14.0,23,1.71,15.71,False,
econ,yes,45-55(null),lt2m,5,True,48.21,0.0,48.21,46.59,50.1,48.41,0.0,1120.1,44,12.72,43,1.75,14.47,False,
econ,yes,50-65,lt2m,8,True,58.8,0.0,58.8,55.61,61.48,58.06,0.0,1881.6,100,11.45,20,1.7,13.14,False,
econ,yes,65-80,lt2m,13,True,72.53,38.46,34.06,9.95,58.66,72.3,59.68,1639.9,112,7.13,16,1.39,8.53,False,31.8
econ,yes,80-90,lt2m,11,True,85.27,54.55,30.73,3.59,58.97,84.33,47.22,2488.2,124,5.0,17,0.88,5.88,False,18.0
econ,yes,90-95,lt2m,6,True,92.2,83.33,8.87,-7.71,41.53,92.13,82.64,648.4,42,2.68,21,0.5,3.18,False,8.1
econ,yes,95-99,lt2m,9,True,96.88,88.89,7.99,-4.02,31.24,98.08,72.95,2216.4,31,2.0,24,0.21,2.21,False,5.0
politics_events,no,01-05,10-60m,770,False,1.05,0.13,0.92,0.64,1.06,1.03,0.74,2285983.4,12821,2.0,141,0.07,2.07,False,99.0
politics_events,no,05-10,10-60m,57,False,6.65,3.51,3.14,-2.04,6.77,6.9,1.57,23151.3,492,7.0,115,0.43,7.43,False,91.4
politics_events,no,10-20,10-60m,93,False,14.11,10.75,3.36,-3.09,9.66,13.0,4.61,65232.6,1318,10.09,203,0.85,10.94,False,87.6
politics_events,no,20-35,10-60m,149,False,27.93,28.86,-0.93,-8.27,6.05,27.76,21.68,112826.2,3395,9.87,248,1.41,11.28,False,79.0
politics_events,no,35-50,10-60m,199,False,43.21,42.71,0.5,-6.25,7.67,42.3,37.57,92203.9,4302,16.35,363,1.72,18.07,False,63.2
politics_events,no,45-55(null),10-60m,206,False,49.63,48.06,1.57,-5.22,8.34,49.73,46.69,82189.3,3633,17.02,846,1.75,18.77,False,55.0
politics_events,no,50-65,10-60m,267,False,58.05,54.68,3.36,-2.36,9.16,57.06,40.4,154957.4,6612,17.69,483,1.7,19.39,False,50.0
politics_events,no,65-80,10-60m,392,False,72.98,72.19,0.78,-3.46,5.19,72.43,79.21,223968.8,11451,8.86,574,1.38,10.24,False,35.0
politics_events,no,80-90,10-60m,497,False,85.17,85.11,0.06,-2.94,3.34,84.91,88.53,276742.9,12186,7.32,660,0.88,8.21,False,20.0
politics_events,no,90-95,10-60m,507,False,92.24,92.31,-0.07,-2.27,2.46,92.05,96.54,184329.1,8963,5.33,617,0.5,5.83,False,10.0
politics_events,no,95-99,10-60m,706,False,98.0,96.18,1.83,0.46,3.25,98.04,97.42,761211.7,17986,2.16,506,0.14,2.3,False,5.0
politics_events,no,01-05,2-5m,155,False,1.02,0.0,1.02,1.0,1.06,1.0,0.0,74075.2,526,2.33,7,0.07,2.4,False,
politics_events,no,20-35,2-5m,1,True,21.94,0.0,21.94,,,21.94,0.0,6.3,2,37.5,3,1.2,38.7,False,
politics_events,no,90-95,2-5m,3,True,93.33,100.0,-6.67,-7.0,-6.0,93.51,100.0,15.8,5,6.0,17,0.44,6.44,False,7.0
politics_events,no,95-99,2-5m,13,True,98.18,100.0,-1.82,-2.3,-1.42,98.54,100.0,5157.6,82,1.43,24,0.13,1.55,False,4.0
politics_events,no,01-05,5-10m,210,False,1.02,0.0,1.02,1.0,1.04,1.0,0.0,246744.9,1434,1.67,7,0.07,1.74,False,
politics_events,no,05-10,5-10m,3,True,7.39,0.0,7.39,5.0,9.0,8.13,0.0,249.2,12,2.4,7,0.48,2.88,False,
politics_events,no,10-20,5-10m,3,True,12.46,0.0,12.46,10.0,16.53,11.55,0.0,1781.0,19,2.75,16,0.76,3.51,False,
politics_events,no,20-35,5-10m,2,True,24.28,0.0,24.28,23.55,25.0,23.67,0.0,394.1,8,22.0,10,1.29,23.29,False,
politics_events,no,35-50,5-10m,2,True,44.31,0.0,44.31,39.61,49.0,44.48,0.0,193.0,5,4.0,11,1.73,5.73,False,
politics_events,no,45-55(null),5-10m,2,True,49.14,0.0,49.14,47.72,50.56,50.03,0.0,394.5,6,19.38,17,1.75,21.12,False,
politics_events,no,50-65,5-10m,2,True,54.81,0.0,54.81,50.0,59.61,59.06,0.0,705.5,10,34.75,6,1.73,36.48,False,
politics_events,no,65-80,5-10m,5,True,74.5,80.0,-5.5,-26.67,32.46,73.68,90.97,8009.6,155,6.67,19,1.33,8.0,False,28.6
politics_events,no,80-90,5-10m,10,True,86.39,100.0,-13.61,-15.14,-12.23,84.69,100.0,8140.7,262,6.35,33,0.82,7.17,False,18.7
politics_events,no,90-95,5-10m,23,True,92.42,100.0,-7.58,-7.95,-7.2,92.3,100.0,12882.3,384,4.6,49,0.49,5.09,False,9.1
politics_events,no,95-99,5-10m,61,False,98.21,100.0,-1.79,-1.98,-1.6,97.91,100.0,72302.5,1122,1.93,62,0.12,2.05,False,3.9
politics_events,no,01-05,gt60m,918,False,1.23,1.42,-0.19,-0.96,0.55,1.12,0.42,7017848.8,27905,2.0,460,0.08,2.08,False,99.0
politics_events,no,05-10,gt60m,363,False,7.09,6.61,0.48,-2.17,3.03,7.14,14.05,543574.7,9469,5.0,610,0.46,5.46,False,95.0
politics_events,no,10-20,gt60m,699,False,15.14,20.89,-5.75,-8.83,-2.86,14.2,12.35,774807.3,19739,6.56,1115,0.9,7.46,False,90.0
politics_events,no,20-35,gt60m,1074,False,27.63,33.61,-5.98,-8.78,-3.28,27.37,30.82,1277106.6,33560,10.18,1650,1.4,11.58,False,80.0
politics_events,no,35-50,gt60m,1332,False,42.54,48.2,-5.66,-8.27,-3.01,41.99,48.81,1253529.8,45390,19.24,2286,1.71,20.95,False,65.0
politics_events,no,45-55(null),gt60m,1259,False,49.46,54.73,-5.27,-8.13,-2.47,49.33,50.42,833365.0,31797,25.44,4962,1.75,27.19,False,55.0
politics_events,no,50-65,gt60m,1501,False,57.04,59.96,-2.92,-5.29,-0.58,56.88,53.19,1181656.1,45852,31.64,2676,1.72,33.36,False,50.0
politics_events,no,65-80,gt60m,1568,False,72.18,71.68,0.5,-1.59,2.59,72.01,76.25,1185647.3,47087,11.88,2184,1.41,13.29,False,35.0
politics_events,no,80-90,gt60m,1366,False,84.44,82.21,2.23,0.36,4.31,84.83,86.78,873325.1,32682,8.84,1822,0.92,9.75,False,20.0
politics_events,no,90-95,gt60m,1152,False,92.18,89.15,3.03,1.23,4.83,91.96,91.86,587701.9,19950,5.45,1319,0.5,5.96,False,10.0
politics_events,no,95-99,gt60m,1300,False,97.73,92.85,4.88,3.65,6.31,97.66,99.13,2166547.7,37213,2.0,965,0.16,2.16,True,5.0
politics_events,no,01-05,lt2m,149,False,1.0,0.0,1.0,1.0,1.0,1.0,0.0,65043.0,386,2.0,8,0.07,2.07,False,
politics_events,no,05-10,lt2m,2,True,5.68,0.0,5.68,5.0,6.36,6.3,0.0,129.1,4,5.0,5,0.37,5.37,False,
politics_events,no,10-20,lt2m,1,True,12.0,0.0,12.0,,,12.0,0.0,23.5,1,14.5,10,0.74,15.24,False,
politics_events,no,95-99,lt2m,8,True,98.25,100.0,-1.75,-2.51,-1.13,97.46,100.0,1504.0,45,1.83,31,0.12,1.95,False,3.8
politics_events,yes,01-05,10-60m,982,False,1.31,0.81,0.49,-0.1,0.98,1.3,1.42,3765925.2,12977,2.16,506,0.09,2.25,False,99.0
politics_events,yes,05-10,10-60m,434,False,7.18,5.3,1.89,-0.11,3.9,7.03,2.65,427016.9,9299,5.33,617,0.47,5.8,False,94.7
politics_events,yes,10-20,10-60m,551,False,14.26,11.8,2.46,-0.36,5.04,14.39,7.42,767798.9,22094,7.32,660,0.86,8.18,False,90.0
politics_events,yes,20-35,10-60m,532,False,25.59,24.62,0.96,-2.74,4.83,26.27,25.23,698167.4,25441,8.86,574,1.33,10.19,False,80.0
politics_events,yes,35-50,10-60m,419,False,41.02,40.1,0.92,-3.8,5.99,42.25,61.8,492420.5,16681,17.69,483,1.69,19.38,False,64.8
politics_events,yes,45-55(null),10-60m,320,False,49.03,46.25,2.78,-2.91,8.2,49.25,58.59,263695.8,9785,17.02,846,1.75,18.77,False,55.0
politics_events,yes,50-65,10-60m,361,False,56.81,54.02,2.79,-2.44,7.63,55.73,71.1,286787.1,11275,16.35,363,1.72,18.07,False,50.0
politics_events,yes,65-80,10-60m,377,False,70.9,66.58,4.32,-0.32,9.39,71.79,88.04,235381.2,9487,9.87,248,1.44,11.32,False,35.0
politics_events,yes,80-90,10-60m,327,False,84.67,85.32,-0.65,-4.49,3.29,84.55,95.73,125524.0,4435,10.09,203,0.91,11.0,False,20.0
politics_events,yes,90-95,10-60m,303,False,91.62,94.06,-2.44,-4.85,0.46,91.55,97.97,122620.2,2574,7.0,115,0.54,7.54,False,10.0
politics_events,yes,95-99,10-60m,329,False,97.99,97.26,0.73,-1.02,2.52,98.15,99.28,558806.6,6833,2.0,141,0.14,2.14,False,5.0
politics_events,yes,01-05,2-5m,311,False,1.05,0.0,1.05,1.02,1.08,1.05,0.0,474178.0,1156,1.43,24,0.07,1.5,False,
politics_events,yes,05-10,2-5m,6,True,6.78,0.0,6.78,5.83,7.67,5.77,0.0,3054.5,72,6.0,17,0.44,6.44,False,
politics_events,yes,10-20,2-5m,6,True,13.57,0.0,13.57,11.49,16.19,13.04,0.0,740.8,41,18.67,7,0.82,19.49,False,
politics_events,yes,20-35,2-5m,1,True,20.0,0.0,20.0,,,20.0,0.0,12.0,1,18.68,3,1.12,19.8,False,
politics_events,yes,65-80,2-5m,3,True,73.33,66.67,6.67,-28.0,75.0,73.75,50.0,4.0,4,37.5,3,1.37,38.87,False,28.0
politics_events,yes,80-90,2-5m,2,True,82.0,0.0,82.0,81.0,83.0,82.0,0.0,2.0,2,19.9,5,1.03,20.93,False,
politics_events,yes,90-95,2-5m,4,True,92.02,100.0,-7.98,-8.96,-6.73,91.08,100.0,540.4,19,5.0,5,0.51,5.51,False,9.0
politics_events,yes,95-99,2-5m,7,True,97.95,100.0,-2.05,-3.05,-1.28,98.77,100.0,3284.7,35,2.33,7,0.14,2.47,False,4.4
politics_events,yes,01-05,5-10m,396,False,1.08,0.0,1.08,1.04,1.12,1.04,0.0,989516.4,2233,1.93,62,0.07,2.0,False,
politics_events,yes,05-10,5-10m,42,False,7.12,0.0,7.12,6.65,7.59,7.04,0.0,15665.1,361,4.6,49,0.46,5.06,True,
politics_events,yes,10-20,5-10m,29,True,12.8,0.0,12.8,12.04,13.64,12.82,0.0,22105.5,671,6.35,33,0.78,7.13,False,
politics_events,yes,20-35,5-10m,10,True,25.5,10.0,15.5,-4.42,26.26,26.32,0.2,11753.1,495,6.67,19,1.33,8.0,False,71.0
politics_events,yes,35-50,5-10m,4,True,36.06,0.0,36.06,35.24,37.06,36.11,0.0,434.9,15,34.75,6,1.61,36.36,False,
politics_events,yes,50-65,5-10m,2,True,56.5,50.0,6.5,-42.0,55.0,57.11,70.31,12.8,2,4.0,11,1.72,5.72,False,42.0
politics_events,yes,65-80,5-10m,2,True,71.87,50.0,21.87,-25.79,69.53,73.33,81.22,288.2,12,22.0,10,1.42,23.42,False,25.8
politics_events,yes,80-90,5-10m,3,True,84.59,66.67,17.92,-19.03,83.8,81.54,96.76,821.6,10,2.75,16,0.91,3.66,False,19.0
politics_events,yes,90-95,5-10m,4,True,90.91,100.0,-9.09,-9.98,-7.37,90.18,100.0,717.3,13,2.4,7,0.58,2.98,False,10.0
politics_events,yes,95-99,5-10m,4,True,97.45,100.0,-2.55,-3.38,-1.48,97.11,100.0,13502.3,44,1.67,7,0.17,1.84,False,3.6
politics_events,yes,01-05,gt60m,1048,False,1.72,2.39,-0.66,-1.59,0.17,1.82,0.26,10125710.4,47619,2.0,965,0.12,2.12,False,99.0
politics_events,yes,05-10,gt60m,876,False,7.07,7.08,-0.0,-1.73,1.59,6.79,5.5,2636759.7,45146,5.45,1319,0.46,5.91,False,95.0
politics_events,yes,10-20,gt60m,1235,False,14.73,15.06,-0.33,-2.24,1.59,13.74,14.3,3792500.1,83380,8.84,1822,0.88,9.71,False,90.0
politics_events,yes,20-35,gt60m,1595,False,26.63,27.65,-1.02,-3.18,1.04,26.09,24.18,3406494.1,107757,11.88,2184,1.37,13.25,False,80.0
politics_events,yes,35-50,gt60m,1725,False,41.85,37.45,4.4,2.29,6.71,42.08,45.96,2965615.5,108495,31.64,2676,1.7,33.35,False,65.0
politics_events,yes,45-55(null),gt60m,1528,False,49.39,42.74,6.65,4.11,9.18,49.64,56.07,2076612.8,79485,25.44,4962,1.75,27.19,False,55.0
politics_events,yes,50-65,gt60m,1671,False,56.71,47.34,9.38,7.04,11.82,56.77,57.41,3003882.1,111823,19.24,2286,1.72,20.95,False,50.0
politics_events,yes,65-80,gt60m,1693,False,71.03,58.71,12.32,10.05,14.43,70.72,62.45,2004946.7,64149,10.18,1650,1.44,11.62,True,35.0
politics_events,yes,80-90,gt60m,1388,False,84.42,73.7,10.72,8.44,12.81,84.22,84.22,1073438.0,30708,6.56,1115,0.92,7.48,True,20.0
politics_events,yes,90-95,gt60m,1170,False,91.69,85.56,6.14,4.05,8.15,91.86,85.79,589802.8,14262,5.0,610,0.53,5.53,True,10.0
politics_events,yes,95-99,gt60m,1087,False,97.82,93.28,4.53,3.09,6.11,97.83,97.5,1858553.7,20059,2.0,460,0.15,2.15,True,5.0
politics_events,yes,01-05,lt2m,266,False,1.02,0.0,1.02,1.0,1.04,1.01,0.0,409255.6,855,1.83,31,0.07,1.9,False,
politics_events,yes,05-10,lt2m,8,True,6.17,0.0,6.17,5.26,7.12,6.65,0.0,1041.6,33,6.12,14,0.41,6.53,False,
politics_events,yes,10-20,lt2m,2,True,10.84,0.0,10.84,10.0,11.69,11.34,0.0,159.8,19,9.0,13,0.68,9.68,False,
politics_events,yes,95-99,lt2m,5,True,98.5,100.0,-1.5,-2.3,-1.0,98.81,100.0,565.6,15,2.0,8,0.1,2.1,False,3.0
sports_game,no,01-05,10-60m,1466,False,1.92,1.84,0.08,-0.64,0.74,1.9,1.9,40730086.7,148445,1.41,1365,0.13,1.54,False,99.0
sports_game,no,05-10,10-60m,1424,False,6.99,5.62,1.37,0.09,2.62,6.78,6.74,21045493.5,119883,1.83,1664,0.45,2.29,False,95.0
sports_game,no,10-20,10-60m,1720,False,14.26,11.74,2.51,1.04,3.95,14.15,10.88,29288334.7,201519,2.04,1912,0.86,2.89,False,90.0
sports_game,no,20-35,10-60m,1785,False,26.46,24.48,1.98,0.05,3.84,26.4,22.94,26086920.8,211958,2.31,2000,1.36,3.68,False,79.3
sports_game,no,35-50,10-60m,1731,False,41.93,39.75,2.18,-0.22,4.44,42.09,39.91,27197183.4,216848,2.6,2017,1.7,4.31,False,65.0
sports_game,no,45-55(null),10-60m,1609,False,49.47,48.6,0.87,-1.59,3.4,49.56,50.41,19702199.1,152783,2.61,4131,1.75,4.36,False,55.0
sports_game,no,50-65,10-60m,1810,False,57.16,58.01,-0.85,-3.09,1.52,56.94,61.58,30504381.2,244381,2.61,2114,1.71,4.32,False,50.0
sports_game,no,65-80,10-60m,2064,False,72.72,73.64,-0.92,-2.7,0.97,72.54,79.09,35316584.3,291686,2.38,2350,1.39,3.77,False,35.0
sports_game,no,80-90,10-60m,2241,False,84.86,84.02,0.84,-0.61,2.27,84.85,87.43,37845387.5,307680,2.03,2357,0.9,2.93,False,20.0
sports_game,no,90-95,10-60m,2181,False,92.16,90.69,1.46,0.21,2.7,92.13,88.51,25737630.5,201408,1.83,2136,0.51,2.33,False,10.0
sports_game,no,95-99,10-60m,2137,False,97.23,94.57,2.66,1.77,3.74,97.41,98.04,41963378.1,232320,1.28,1808,0.19,1.47,True,5.0
sports_game,no,01-05,2-5m,1501,False,1.21,0.2,1.01,0.76,1.21,1.25,0.01,11026569.8,45738,1.44,417,0.08,1.53,False,96.3
sports_game,no,05-10,2-5m,304,False,6.76,1.32,5.45,4.01,6.51,6.59,2.67,1693214.9,12207,2.28,322,0.44,2.72,True,94.4
sports_game,no,10-20,2-5m,214,False,12.71,2.34,10.38,8.16,12.08,12.81,1.96,920933.5,8047,4.34,226,0.78,5.12,True,88.5
sports_game,no,20-35,2-5m,115,False,24.86,8.7,16.17,10.9,21.12,24.8,0.99,214655.6,2126,5.86,112,1.31,7.17,True,79.4
sports_game,no,35-50,2-5m,58,False,40.62,25.86,14.76,3.11,25.05,43.39,14.83,125675.2,2227,14.25,60,1.69,15.94,False,64.0
sports_game,no,45-55(null),2-5m,39,False,49.43,41.03,8.4,-6.85,23.57,48.46,24.31,103570.7,1523,11.88,118,1.75,13.63,False,53.2
sports_game,no,50-65,2-5m,51,False,56.91,52.94,3.96,-9.07,16.98,56.67,69.35,157251.8,2043,9.51,58,1.72,11.22,False,50.0
sports_game,no,65-80,2-5m,82,False,74.01,79.27,-5.25,-14.08,3.99,73.51,93.12,179426.8,2490,5.71,114,1.35,7.06,False,32.0
sports_game,no,80-90,2-5m,167,False,86.28,94.01,-7.73,-10.9,-3.74,85.54,99.6,552722.1,4793,4.13,242,0.83,4.96,True,20.0
sports_game,no,90-95,2-5m,294,False,92.66,96.6,-3.94,-5.83,-1.81,92.27,99.65,880681.4,8218,2.53,381,0.48,3.01,True,10.0
sports_game,no,95-99,2-5m,600,False,97.97,98.5,-0.53,-1.38,0.44,97.86,99.79,4438305.3,28330,1.28,495,0.14,1.42,False,5.0
sports_game,no,01-05,5-10m,1465,False,1.41,0.27,1.14,0.83,1.35,1.52,0.18,16938610.1,63642,1.33,760,0.1,1.43,False,99.0
sports_game,no,05-10,5-10m,625,False,6.79,2.72,4.07,2.76,5.24,6.91,1.14,4988234.5,30821,1.96,682,0.44,2.4,True,95.0
sports_game,no,10-20,5-10m,563,False,13.36,5.86,7.5,5.42,9.27,13.12,3.09,4177130.3,33278,2.8,602,0.81,3.61,True,89.7
sports_game,no,20-35,5-10m,354,False,24.87,13.84,11.02,7.43,14.42,25.31,5.38,2175025.1,15440,3.3,370,1.31,4.61,True,79.4
sports_game,no,35-50,5-10m,209,False,41.26,33.01,8.24,1.87,14.3,42.38,25.95,1118280.6,7235,4.2,245,1.7,5.9,True,65.0
sports_game,no,45-55(null),5-10m,160,False,49.33,48.12,1.21,-6.24,8.44,49.71,56.87,929416.5,5259,4.55,483,1.75,6.3,False,55.0
sports_game,no,50-65,5-10m,193,False,57.51,61.66,-4.15,-10.93,2.52,56.18,77.55,984890.6,6907,4.9,238,1.71,6.61,False,48.9
sports_game,no,65-80,5-10m,273,False,73.33,82.78,-9.45,-13.75,-5.1,73.35,93.89,1902719.6,13384,4.0,352,1.37,5.37,True,35.0
sports_game,no,80-90,5-10m,508,False,85.83,92.72,-6.89,-8.99,-4.5,84.86,98.64,3274633.0,25256,2.85,652,0.85,3.7,True,20.0
sports_game,no,90-95,5-10m,727,False,92.51,96.01,-3.5,-4.82,-2.06,92.25,98.28,3982364.9,35460,2.0,844,0.49,2.49,True,10.0
sports_game,no,95-99,5-10m,1120,False,97.63,98.04,-0.4,-1.21,0.45,97.62,99.62,10389612.8,63847,1.28,938,0.16,1.44,False,5.0
sports_game,no,01-05,gt60m,402,False,2.21,5.72,-3.51,-5.93,-1.3,2.06,4.69,6480276.5,28235,1.65,487,0.15,1.8,True,98.9
sports_game,no,05-10,gt60m,700,False,7.35,11.0,-3.65,-5.93,-1.48,6.99,11.81,6112854.7,40150,1.96,872,0.48,2.44,True,94.2
sports_game,no,10-20,gt60m,1305,False,14.95,18.54,-3.6,-5.53,-1.62,14.58,18.24,14312672.4,94635,2.27,1580,0.89,3.16,True,90.0
sports_game,no,20-35,gt60m,2088,False,27.84,31.23,-3.39,-5.3,-1.57,27.26,31.94,23488946.1,178765,3.17,2640,1.41,4.58,False,80.0
sports_game,no,35-50,gt60m,2576,False,42.33,42.62,-0.29,-2.17,1.63,42.34,42.5,34837667.7,264048,12.11,4409,1.71,13.82,False,65.0
sports_game,no,45-55(null),gt60m,2521,False,49.54,48.79,0.75,-1.18,2.64,49.42,49.55,26790030.6,193299,15.76,9206,1.75,17.51,False,55.0
sports_game,no,50-65,gt60m,2846,False,56.92,54.88,2.04,0.17,3.88,57.06,59.29,40385364.3,288418,19.42,4797,1.72,21.13,False,50.0
sports_game,no,65-80,gt60m,2964,False,71.81,67.75,4.07,2.27,5.8,71.62,70.78,33407746.4,263186,3.61,3537,1.42,5.03,False,35.0
sports_game,no,80-90,gt60m,2349,False,84.04,77.52,6.51,4.75,8.13,84.21,84.55,20299678.2,170379,2.29,2251,0.94,3.23,True,20.0
sports_game,no,90-95,gt60m,1470,False,91.81,85.03,6.78,5.04,8.69,92.09,89.65,8571869.3,78741,1.74,1226,0.53,2.27,True,10.0
sports_game,no,95-99,gt60m,964,False,96.69,89.94,6.76,4.76,8.62,97.15,94.0,9186563.3,57543,1.34,681,0.22,1.56,True,5.0
sports_game,no,01-05,lt2m,1411,False,1.04,0.0,1.04,1.03,1.05,1.1,0.0,6409277.6,31981,1.54,165,0.07,1.61,False,
sports_game,no,05-10,lt2m,74,False,6.56,0.0,6.56,6.27,6.84,6.13,0.0,174471.4,1896,3.0,97,0.43,3.43,True,
sports_game,no,10-20,lt2m,49,False,12.81,0.0,12.81,12.21,13.51,13.87,0.0,46946.6,681,5.84,60,0.78,6.62,True,
sports_game,no,20-35,lt2m,15,True,25.26,0.0,25.26,23.42,27.47,26.23,0.0,23941.5,282,5.0,33,1.32,6.32,False,
sports_game,no,35-50,lt2m,10,True,39.84,10.0,29.84,11.2,40.87,43.75,1.26,3767.6,68,2.0,36,1.68,3.68,False,53.0
sports_game,no,45-55(null),lt2m,7,True,49.45,28.57,20.87,-7.39,48.82,47.47,11.94,2884.5,38,2.5,76,1.75,4.25,False,47.7
sports_game,no,50-65,lt2m,10,True,56.41,60.0,-3.59,-31.55,24.78,56.44,98.95,12150.4,167,3.0,40,1.72,4.72,False,44.8
sports_game,no,65-80,lt2m,15,True,73.78,86.67,-12.88,-26.68,6.56,71.47,99.19,20472.9,359,2.78,60,1.35,4.13,False,31.5
sports_game,no,80-90,lt2m,30,False,85.5,100.0,-14.5,-15.31,-13.67,85.08,100.0,75599.5,573,4.57,73,0.87,5.44,True,19.4
sports_game,no,90-95,lt2m,76,False,93.05,100.0,-6.95,-7.17,-6.75,92.52,100.0,65084.8,1158,3.29,121,0.45,3.74,True,10.0
sports_game,no,95-99,lt2m,216,False,98.4,100.0,-1.6,-1.68,-1.52,98.31,100.0,840335.8,7462,1.42,191,0.11,1.53,True,4.3
sports_game,yes,01-05,10-60m,1895,False,2.13,2.16,-0.03,-0.74,0.59,2.15,1.33,61737102.1,194247,1.28,1808,0.15,1.43,False,99.0
sports_game,yes,05-10,10-60m,1941,False,7.06,5.77,1.29,0.3,2.33,6.88,7.79,45237379.0,297970,1.83,2136,0.46,2.29,False,95.0
sports_game,yes,10-20,10-60m,2243,False,14.3,11.81,2.49,1.2,3.77,14.44,12.15,73931857.7,609716,2.03,2357,0.86,2.89,False,89.6
sports_game,yes,20-35,10-60m,2233,False,26.26,22.44,3.83,2.01,5.48,26.65,20.15,75042937.3,699383,2.38,2350,1.36,3.74,True,80.0
sports_game,yes,35-50,10-60m,2025,False,41.83,37.09,4.74,2.71,6.83,42.24,37.81,79421832.4,688899,2.61,2114,1.7,4.31,True,65.0
sports_game,yes,45-55(null),10-60m,1827,False,49.36,45.81,3.55,1.34,5.89,49.62,48.43,57921039.6,478112,2.61,4131,1.75,4.36,False,55.0
sports_game,yes,50-65,10-60m,1926,False,56.87,54.26,2.62,0.48,4.78,56.68,59.75,81220313.4,670044,2.6,2017,1.72,4.32,False,50.0
sports_game,yes,65-80,10-60m,1998,False,72.31,69.22,3.09,1.21,5.12,72.19,73.8,64246400.4,593107,2.31,2000,1.4,3.72,False,35.0
sports_game,yes,80-90,10-60m,1926,False,84.65,82.87,1.78,-0.09,3.43,84.93,88.98,65773504.3,468164,2.04,1912,0.91,2.95,False,20.0
sports_game,yes,90-95,10-60m,1776,False,92.02,90.77,1.26,-0.09,2.62,92.2,91.93,48843771.3,266271,1.83,1664,0.51,2.35,False,10.0
sports_game,yes,95-99,10-60m,1629,False,97.25,95.09,2.16,1.14,3.25,97.26,97.42,72429889.0,304102,1.41,1365,0.19,1.59,True,5.0
sports_game,yes,01-05,2-5m,1312,False,1.39,0.3,1.09,0.76,1.33,1.37,0.31,8552183.5,24176,1.28,495,0.1,1.38,False,97.1
sports_game,yes,05-10,2-5m,367,False,6.61,1.91,4.71,3.13,5.89,6.52,1.36,1427408.4,13098,2.53,381,0.43,2.97,True,94.2
sports_game,yes,10-20,2-5m,233,False,12.73,3.0,9.73,7.34,11.64,13.14,0.59,902950.0,8369,4.13,242,0.78,4.91,True,88.8
sports_game,yes,20-35,2-5m,112,False,25.21,8.93,16.28,10.68,21.38,25.82,1.3,298131.7,3386,5.71,114,1.32,7.03,True,80.0
sports_game,yes,35-50,2-5m,61,False,41.64,26.23,15.41,5.08,26.05,43.41,19.68,227558.1,3150,9.51,58,1.7,11.21,True,62.4
sports_game,yes,45-55(null),2-5m,46,False,48.67,41.3,7.36,-5.79,20.43,47.83,24.27,151320.8,2586,11.88,118,1.75,13.63,False,54.1
sports_game,yes,50-65,2-5m,49,False,57.65,61.22,-3.58,-15.93,8.99,56.65,70.38,205281.3,3230,14.25,60,1.71,15.96,False,50.0
sports_game,yes,65-80,2-5m,87,False,74.09,88.51,-14.42,-20.2,-7.71,74.42,95.17,402228.2,3908,5.86,112,1.34,7.2,True,33.5
sports_game,yes,80-90,2-5m,186,False,86.07,96.77,-10.71,-13.06,-7.91,85.5,98.57,1151140.0,8687,4.34,226,0.84,5.18,True,20.0
sports_game,yes,90-95,2-5m,292,False,92.61,97.95,-5.34,-6.97,-3.54,92.38,99.09,2011083.8,16478,2.28,322,0.48,2.76,True,10.0
sports_game,yes,95-99,2-5m,519,False,97.92,98.84,-0.93,-1.77,0.03,97.93,99.64,8116566.7,47473,1.44,417,0.14,1.59,False,5.0
sports_game,yes,01-05,5-10m,1621,False,1.62,0.68,0.94,0.53,1.31,1.7,0.12,17205941.4,50007,1.28,938,0.11,1.39,False,99.0
sports_game,yes,05-10,5-10m,800,False,6.81,3.25,3.56,2.27,4.72,6.72,2.28,6514862.9,50611,2.0,844,0.44,2.44,True,95.0
sports_game,yes,10-20,5-10m,667,False,13.28,5.85,7.44,5.5,9.09,13.16,1.68,5981308.9,47274,2.85,652,0.81,3.65,True,90.0
sports_game,yes,20-35,5-10m,379,False,24.89,12.93,11.96,8.62,15.26,26.19,5.8,3643224.4,29100,4.0,352,1.31,5.31,True,78.6
sports_game,yes,35-50,5-10m,212,False,41.11,31.6,9.51,3.36,15.51,41.62,21.62,1986902.4,14541,4.9,238,1.69,6.59,True,63.7
sports_game,yes,45-55(null),5-10m,166,False,49.33,46.39,2.94,-4.25,10.49,49.5,58.28,1231746.0,9492,4.55,483,1.75,6.3,False,55.0
sports_game,yes,50-65,5-10m,204,False,57.54,61.27,-3.74,-9.78,2.92,56.71,73.34,1563105.8,13454,4.2,245,1.71,5.91,False,48.6
sports_game,yes,65-80,5-10m,317,False,73.79,82.97,-9.18,-12.98,-5.04,73.32,92.21,3881843.2,28510,3.3,370,1.35,4.65,True,35.0
sports_game,yes,80-90,5-10m,509,False,85.57,92.93,-7.36,-9.52,-5.14,85.03,96.66,6744614.8,56004,2.8,602,0.86,3.67,True,20.0
sports_game,yes,90-95,5-10m,662,False,92.39,95.77,-3.38,-4.87,-1.78,92.29,98.44,8251806.2,51916,1.96,682,0.49,2.45,True,10.0
sports_game,yes,95-99,5-10m,921,False,97.71,98.7,-0.99,-1.67,-0.23,97.73,99.36,18399177.1,93057,1.33,760,0.16,1.49,False,5.0
sports_game,yes,01-05,gt60m,577,False,2.45,6.41,-3.97,-5.89,-2.02,2.35,3.11,19580074.9,59008,1.34,681,0.17,1.5,True,98.6
sports_game,yes,05-10,gt60m,1034,False,7.38,10.54,-3.16,-4.89,-1.34,7.02,8.91,25957404.8,160348,1.74,1226,0.48,2.22,True,94.9
sports_game,yes,10-20,gt60m,1903,False,15.15,17.39,-2.24,-3.75,-0.63,14.86,14.98,62636307.3,458178,2.29,2251,0.9,3.19,False,90.0
sports_game,yes,20-35,gt60m,2927,False,27.58,28.8,-1.22,-2.85,0.23,27.44,29.14,134625082.6,1090202,3.61,3537,1.4,5.01,False,80.0
sports_game,yes,35-50,gt60m,3275,False,42.16,40.37,1.8,0.16,3.5,42.58,43.01,190846041.7,1503936,19.42,4797,1.71,21.12,False,65.0
sports_game,yes,45-55(null),gt60m,3039,False,49.49,46.17,3.32,1.64,4.97,49.69,48.98,152503984.1,1176891,15.76,9206,1.75,17.51,False,55.0
sports_game,yes,50-65,gt60m,3159,False,56.48,51.82,4.66,3.07,6.31,56.21,52.08,203380858.3,1582007,12.11,4409,1.72,13.83,False,50.0
sports_game,yes,65-80,gt60m,2792,False,71.11,60.82,10.29,8.38,11.93,70.91,69.64,100492202.1,838746,3.17,2640,1.44,4.61,True,35.0
sports_game,yes,80-90,gt60m,1976,False,83.73,71.86,11.87,9.92,13.61,84.33,82.36,47802443.7,347375,2.27,1580,0.95,3.23,True,20.0
sports_game,yes,90-95,gt60m,1178,False,91.69,81.41,10.28,8.14,12.41,92.02,86.87,19969871.6,124146,1.96,872,0.53,2.5,True,10.0
sports_game,yes,95-99,gt60m,729,False,96.64,88.61,8.03,5.7,10.38,96.95,91.02,16583458.1,74391,1.65,487,0.23,1.88,True,5.0
sports_game,yes,01-05,lt2m,1019,False,1.11,0.0,1.11,1.09,1.14,1.14,0.0,4402672.8,8321,1.42,191,0.08,1.49,False,
sports_game,yes,05-10,lt2m,98,False,6.41,0.0,6.41,6.21,6.64,6.51,0.0,123466.6,1622,3.29,121,0.42,3.71,True,
sports_game,yes,10-20,lt2m,53,False,12.76,0.0,12.76,12.04,13.56,13.43,0.0,72617.9,642,4.57,73,0.78,5.35,True,
sports_game,yes,20-35,lt2m,17,True,25.24,0.0,25.24,24.0,26.63,26.64,0.0,30154.4,428,2.78,60,1.32,4.1,False,
sports_game,yes,35-50,lt2m,10,True,43.07,20.0,23.07,-4.45,42.87,43.4,2.91,17583.2,322,3.0,40,1.72,4.72,False,54.0
sports_game,yes,45-55(null),lt2m,9,True,49.57,33.33,16.24,-16.08,48.37,46.68,10.32,10527.6,142,2.5,76,1.75,4.25,False,50.9
sports_game,yes,50-65,lt2m,11,True,56.54,45.45,11.09,-16.52,37.74,56.92,91.0,17329.0,244,2.0,36,1.72,3.72,False,46.2
sports_game,yes,65-80,lt2m,13,True,74.25,92.31,-18.06,-26.8,-2.57,70.41,97.34,55365.2,419,5.0,33,1.34,6.34,False,31.2
sports_game,yes,80-90,lt2m,34,False,86.28,97.06,-10.78,-14.12,-4.75,85.75,99.99,375366.4,988,5.84,60,0.83,6.67,True,19.2
sports_game,yes,90-95,lt2m,83,False,92.8,98.8,-6.0,-7.34,-3.52,92.02,99.74,291217.3,2250,3.0,97,0.47,3.47,True,9.9
sports_game,yes,95-99,lt2m,192,False,98.44,100.0,-1.56,-1.64,-1.48,98.27,100.0,2138002.4,14463,1.54,165,0.11,1.65,False,3.6
sports_prop,no,01-05,10-60m,11211,False,1.53,0.98,0.55,0.36,0.73,1.8,0.95,58865809.3,247760,1.6,7875,0.11,1.71,False,99.0
sports_prop,no,05-10,10-60m,6031,False,7.02,5.64,1.38,0.78,1.99,6.99,4.92,37554968.9,205734,3.4,9856,0.46,3.86,False,95.0
sports_prop,no,10-20,10-60m,8100,False,14.48,12.26,2.22,1.54,2.94,14.01,10.53,45637108.1,330333,5.57,13324,0.87,6.44,False,90.0
sports_prop,no,20-35,10-60m,10094,False,27.26,24.73,2.54,1.74,3.34,27.08,22.66,63352275.3,530817,7.61,16666,1.39,9.0,False,80.0
sports_prop,no,35-50,10-60m,11540,False,42.6,40.42,2.18,1.27,2.97,42.67,40.42,80677212.2,760619,15.42,23012,1.71,17.13,False,65.0
sports_prop,no,45-55(null),10-60m,11058,False,49.69,48.02,1.67,0.79,2.56,49.8,50.54,70164276.6,652555,29.31,57333,1.75,31.06,False,55.0
sports_prop,no,50-65,10-60m,13148,False,57.16,56.28,0.88,0.04,1.76,56.71,60.06,109479310.7,991634,43.19,34321,1.71,44.91,False,50.0
sports_prop,no,65-80,10-60m,14880,False,72.49,71.25,1.24,0.54,1.99,72.36,74.87,106251594.5,913211,16.35,31411,1.4,17.75,False,35.0
sports_prop,no,80-90,10-60m,16655,False,85.09,83.79,1.3,0.73,1.86,85.1,88.95,79571675.6,690994,9.89,29539,0.89,10.78,False,20.0
sports_prop,no,90-95,10-60m,16480,False,92.34,90.65,1.69,1.28,2.13,92.13,95.86,70480884.5,479841,5.37,23841,0.49,5.87,False,10.0
sports_prop,no,95-99,10-60m,25529,False,97.71,95.72,1.99,1.75,2.23,97.31,97.82,100121598.7,653587,1.96,16513,0.16,2.11,False,5.0
sports_prop,no,01-05,2-5m,6566,False,1.24,0.08,1.17,1.1,1.23,1.32,0.08,33007808.4,123265,1.6,2772,0.09,1.69,False,99.0
sports_prop,no,05-10,2-5m,1309,False,6.63,0.61,6.02,5.57,6.42,6.51,0.07,4083386.1,23933,3.54,2074,0.43,3.97,True,95.0
sports_prop,no,10-20,2-5m,1128,False,13.53,2.75,10.78,9.79,11.7,13.81,5.44,2622497.1,22384,6.48,1849,0.82,7.3,True,90.0
sports_prop,no,20-35,2-5m,752,False,25.62,8.24,17.37,15.44,19.21,26.14,12.07,1800948.8,17297,11.97,1447,1.33,13.3,True,78.5
sports_prop,no,35-50,2-5m,489,False,41.12,28.02,13.11,9.18,16.84,42.41,43.66,1069133.5,9027,39.5,1228,1.69,41.19,False,65.0
sports_prop,no,45-55(null),2-5m,379,False,49.49,46.44,3.05,-1.68,7.79,48.43,57.99,543655.7,5222,52.25,3181,1.75,54.0,False,55.0
sports_prop,no,50-65,2-5m,485,False,57.48,63.92,-6.44,-10.35,-2.16,58.01,69.58,831843.1,8638,65.0,1953,1.71,66.71,False,50.0
sports_prop,no,65-80,2-5m,921,False,74.16,88.93,-14.77,-16.58,-12.59,73.63,83.9,1844098.8,20913,22.0,2249,1.34,23.34,False,35.0
sports_prop,no,80-90,2-5m,1818,False,85.9,95.98,-10.09,-10.96,-9.16,85.21,93.47,3329529.0,35515,8.18,2979,0.85,9.03,True,20.0
sports_prop,no,90-95,2-5m,2769,False,92.61,98.19,-5.59,-6.07,-5.09,92.33,98.05,3528487.0,37481,4.5,3483,0.48,4.98,True,10.0
sports_prop,no,95-99,2-5m,7413,False,98.18,99.49,-1.31,-1.47,-1.14,98.03,99.58,20678303.4,121144,1.6,3792,0.13,1.73,False,5.0
sports_prop,no,01-05,5-10m,6864,False,1.48,0.28,1.2,1.06,1.32,1.7,0.19,37543574.3,151990,1.53,4221,0.1,1.63,False,99.0
sports_prop,no,05-10,5-10m,2504,False,6.78,1.96,4.82,4.24,5.35,6.63,2.37,13561224.4,74845,3.1,3848,0.44,3.55,True,95.0
sports_prop,no,10-20,5-10m,2521,False,13.92,5.08,8.84,8.0,9.64,13.73,6.12,8126082.8,62828,5.39,4017,0.84,6.23,True,90.0
sports_prop,no,20-35,5-10m,2165,False,26.22,14.5,11.71,10.21,13.07,26.29,12.86,5158312.2,53096,9.0,3697,1.35,10.35,True,80.0
sports_prop,no,35-50,5-10m,1768,False,41.49,33.37,8.12,5.69,10.14,41.7,30.7,4233028.4,43971,21.0,3786,1.7,22.7,False,65.0
sports_prop,no,45-55(null),5-10m,1463,False,49.49,47.1,2.4,-0.12,4.84,49.48,48.31,2345718.2,27704,39.99,9854,1.75,41.74,False,55.0
sports_prop,no,50-65,5-10m,1926,False,57.74,60.9,-3.16,-5.3,-0.95,57.72,68.5,4545491.9,52865,58.98,6068,1.71,60.69,False,50.0
sports_prop,no,65-80,5-10m,3000,False,73.53,81.47,-7.94,-9.38,-6.62,72.96,87.61,8759490.9,93398,17.7,6528,1.36,19.06,False,35.0
sports_prop,no,80-90,5-10m,4475,False,85.49,92.0,-6.51,-7.29,-5.73,85.0,91.54,10865050.2,109770,8.14,6919,0.87,9.01,False,20.0
sports_prop,no,90-95,5-10m,5828,False,92.61,96.28,-3.66,-4.12,-3.18,92.64,97.45,13975412.6,100231,4.5,6603,0.48,4.98,False,10.0
sports_prop,no,95-99,5-10m,13552,False,97.96,98.86,-0.9,-1.07,-0.71,97.61,98.91,31084187.5,212183,1.64,6297,0.14,1.78,False,5.0
sports_prop,no,01-05,gt60m,6232,False,1.4,2.05,-0.65,-1.01,-0.33,1.93,5.58,15967683.5,74683,1.49,5371,0.1,1.59,False,99.0
sports_prop,no,05-10,gt60m,3343,False,7.3,10.56,-3.26,-4.31,-2.2,7.16,15.36,11062682.2,64299,5.23,8729,0.47,5.7,False,95.0
sports_prop,no,10-20,gt60m,6221,False,14.78,16.91,-2.13,-3.02,-1.19,14.21,21.59,22001202.5,162567,7.0,13534,0.88,7.88,False,90.0
sports_prop,no,20-35,gt60m,10154,False,27.82,29.45,-1.62,-2.48,-0.74,27.78,33.88,40296324.8,337447,13.32,27500,1.41,14.73,False,80.0
sports_prop,no,35-50,gt60m,14467,False,43.1,42.55,0.55,-0.28,1.38,43.4,43.86,92802419.6,756611,39.52,52378,1.72,41.23,False,65.0
sports_prop,no,45-55(null),gt60m,14114,False,49.78,48.53,1.24,0.41,2.09,49.81,52.14,94193404.2,766617,48.06,124360,1.75,49.81,False,55.0
sports_prop,no,50-65,gt60m,17840,False,56.78,55.02,1.76,1.07,2.47,56.54,59.98,142586652.4,1113930,56.6,71982,1.72,58.31,False,50.0
sports_prop,no,65-80,gt60m,17191,False,71.92,68.32,3.6,2.9,4.31,71.97,69.39,74810758.7,655373,18.27,57578,1.41,19.68,False,35.0
sports_prop,no,80-90,gt60m,15796,False,84.62,79.46,5.16,4.54,5.82,84.55,79.93,44279704.4,408422,10.53,49367,0.91,11.44,False,20.0
sports_prop,no,90-95,gt60m,12586,False,92.16,86.51,5.65,5.08,6.25,92.16,88.61,31268101.3,223259,5.9,35051,0.51,6.41,False,10.0
sports_prop,no,95-99,gt60m,15546,False,97.5,92.58,4.92,4.53,5.33,97.42,96.04,49749578.4,252240,2.69,20770,0.17,2.86,True,5.0
sports_prop,no,01-05,lt2m,6258,False,1.04,0.05,0.99,0.93,1.04,1.09,0.04,21859968.7,103637,1.66,979,0.07,1.73,False,99.0
sports_prop,no,05-10,lt2m,358,False,6.52,0.0,6.52,6.39,6.67,6.66,0.0,807455.7,5135,4.46,628,0.43,4.89,True,
sports_prop,no,10-20,lt2m,290,False,13.35,1.72,11.63,9.9,12.96,14.18,1.72,441140.1,3960,8.47,567,0.81,9.28,True,89.7
sports_prop,no,20-35,lt2m,179,False,25.69,6.15,19.54,16.03,22.82,26.73,4.87,449200.3,3304,14.23,443,1.34,15.57,True,77.8
sports_prop,no,35-50,lt2m,102,False,40.4,28.43,11.97,3.16,20.62,43.67,42.6,143137.9,1334,53.0,485,1.69,54.69,False,62.0
sports_prop,no,45-55(null),lt2m,72,False,49.93,54.17,-4.24,-16.68,6.52,50.56,56.17,135901.0,952,60.5,1292,1.75,62.25,False,55.0
sports_prop,no,50-65,lt2m,96,False,57.7,65.62,-7.92,-17.82,1.89,56.31,68.71,177527.5,1531,68.0,807,1.71,69.71,False,49.8
sports_prop,no,65-80,lt2m,198,False,73.9,92.93,-19.03,-21.99,-15.18,73.04,85.5,319708.6,3271,20.0,671,1.35,21.35,False,35.0
sports_prop,no,80-90,lt2m,455,False,86.18,97.58,-11.41,-12.57,-9.94,85.28,99.81,531498.1,6281,9.1,930,0.83,9.93,True,20.0
sports_prop,no,90-95,lt2m,875,False,92.7,99.09,-6.38,-6.93,-5.66,92.13,99.92,779793.9,9921,5.0,1176,0.47,5.47,True,10.0
sports_prop,no,95-99,lt2m,2716,False,98.42,99.78,-1.36,-1.53,-1.17,98.25,99.99,6277451.6,42216,1.67,1459,0.11,1.78,False,5.0
sports_prop,yes,01-05,10-60m,12619,False,2.15,1.81,0.34,0.08,0.58,2.32,0.74,127430383.8,429056,1.96,16513,0.15,2.1,False,99.0
sports_prop,yes,05-10,10-60m,11160,False,7.0,6.03,0.97,0.52,1.42,7.1,2.75,132470780.9,722348,5.37,23841,0.46,5.83,False,95.0
sports_prop,yes,10-20,10-60m,14102,False,14.48,13.01,1.47,0.94,1.98,13.86,8.47,162561637.3,1262563,9.89,29539,0.87,10.76,False,90.0
sports_prop,yes,20-35,10-60m,16241,False,26.99,24.51,2.48,1.85,3.11,27.29,19.99,238742872.8,2044422,16.35,31411,1.38,17.73,False,80.0
sports_prop,yes,35-50,10-60m,15657,False,42.31,37.87,4.45,3.69,5.21,42.41,40.16,196792897.6,1896291,43.19,34321,1.71,44.9,False,65.0
sports_prop,yes,45-55(null),10-60m,14213,False,49.44,45.46,3.99,3.16,4.88,49.48,52.48,142950639.8,1335613,29.31,57333,1.75,31.06,False,55.0
sports_prop,yes,50-65,10-60m,15233,False,56.74,53.25,3.49,2.7,4.31,56.52,58.83,183946632.9,1725901,15.42,23012,1.72,17.14,False,50.0
sports_prop,yes,65-80,10-60m,15700,False,72.16,67.41,4.75,4.06,5.49,71.98,77.68,162264287.1,1521508,7.61,16666,1.41,9.02,False,35.0
sports_prop,yes,80-90,10-60m,14359,False,84.71,80.37,4.34,3.77,5.01,84.91,89.4,108293146.8,877313,5.57,13324,0.91,6.48,False,20.0
sports_prop,yes,90-95,10-60m,13696,False,92.2,88.82,3.38,2.89,3.91,92.07,94.34,84401084.0,503476,3.4,9856,0.5,3.9,False,10.0
sports_prop,yes,95-99,10-60m,14959,False,97.76,93.38,4.39,4.02,4.75,97.31,97.73,109412751.6,599002,1.6,7875,0.15,1.75,True,5.0
sports_prop,yes,01-05,2-5m,6675,False,1.41,0.1,1.3,1.22,1.37,1.45,0.05,37427041.7,97787,1.6,3792,0.1,1.7,False,99.0
sports_prop,yes,05-10,2-5m,1980,False,6.75,0.71,6.04,5.65,6.39,6.52,0.49,7193104.3,46838,4.5,3483,0.44,4.94,True,94.5
sports_prop,yes,10-20,2-5m,1831,False,13.61,3.44,10.17,9.32,10.93,13.59,3.73,4607454.7,45883,8.18,2979,0.82,9.0,True,90.0
sports_prop,yes,20-35,2-5m,1133,False,25.21,9.62,15.59,13.82,17.32,25.64,8.17,2900652.3,33770,22.0,2249,1.32,23.32,False,80.0
sports_prop,yes,35-50,2-5m,674,False,41.48,28.93,12.55,9.39,15.73,42.33,41.54,1572862.9,16956,65.0,1953,1.7,66.7,False,65.0
sports_prop,yes,45-55(null),2-5m,525,False,49.46,46.48,2.98,-1.04,7.18,48.6,59.4,898205.0,9063,52.25,3181,1.75,54.0,False,55.0
sports_prop,yes,50-65,2-5m,621,False,57.42,60.39,-2.97,-6.61,0.57,57.4,65.01,1152486.5,14509,39.5,1228,1.71,41.21,False,50.0
sports_prop,yes,65-80,2-5m,942,False,73.59,84.18,-10.59,-12.91,-8.32,73.55,86.72,2694476.3,30668,11.97,1447,1.36,13.33,False,35.0
sports_prop,yes,80-90,2-5m,1544,False,85.68,93.98,-8.3,-9.52,-7.11,85.45,94.76,5212796.5,44155,6.48,1849,0.86,7.34,True,20.0
sports_prop,yes,90-95,2-5m,2099,False,92.37,97.57,-5.2,-5.83,-4.54,92.41,99.73,6254670.8,45508,3.54,2074,0.49,4.03,True,10.0
sports_prop,yes,95-99,2-5m,4198,False,98.16,99.19,-1.03,-1.29,-0.77,98.21,99.96,35705297.3,203931,1.6,2772,0.13,1.73,False,5.0
sports_prop,yes,01-05,5-10m,7415,False,1.69,0.46,1.23,1.06,1.38,1.77,0.55,59707485.2,161393,1.64,6297,0.12,1.76,False,99.0
sports_prop,yes,05-10,5-10m,3612,False,6.86,2.02,4.84,4.42,5.3,6.67,1.51,22775143.9,137145,4.5,6603,0.45,4.95,False,95.0
sports_prop,yes,10-20,5-10m,3965,False,14.02,5.73,8.3,7.56,8.97,13.86,4.62,15527782.1,141835,8.14,6919,0.84,8.98,False,90.0
sports_prop,yes,20-35,5-10m,3338,False,26.04,14.95,11.09,9.98,12.22,26.34,10.3,12258274.8,133871,17.7,6528,1.35,19.04,False,80.0
sports_prop,yes,35-50,5-10m,2458,False,41.36,31.86,9.51,7.69,11.46,42.0,33.66,8108315.3,96429,58.98,6068,1.7,60.68,False,65.0
sports_prop,yes,45-55(null),5-10m,1925,False,49.36,45.4,3.96,1.65,6.2,49.47,54.25,5080692.1,55916,39.99,9854,1.75,41.74,False,55.0
sports_prop,yes,50-65,5-10m,2269,False,57.38,57.96,-0.58,-2.41,1.32,57.3,69.83,8058197.5,86938,21.0,3786,1.71,22.71,False,50.0
sports_prop,yes,65-80,5-10m,2975,False,73.2,78.82,-5.62,-7.16,-4.08,72.66,89.26,10807135.5,122326,9.0,3697,1.37,10.37,False,35.0
sports_prop,yes,80-90,5-10m,3707,False,85.2,89.4,-4.2,-5.15,-3.24,85.04,95.19,14958022.9,136912,5.39,4017,0.88,6.28,False,20.0
sports_prop,yes,90-95,5-10m,4060,False,92.23,94.78,-2.54,-3.23,-1.83,92.43,97.86,20026493.6,121637,3.1,3848,0.5,3.6,False,10.0
sports_prop,yes,95-99,5-10m,6019,False,97.78,97.71,0.08,-0.3,0.44,97.62,99.23,48675274.0,260367,1.53,4221,0.15,1.68,False,5.0
sports_prop,yes,01-05,gt60m,9502,False,2.36,3.18,-0.82,-1.17,-0.48,2.37,1.42,227923218.2,427512,2.69,20770,0.16,2.85,False,99.0
sports_prop,yes,05-10,gt60m,12334,False,7.23,7.9,-0.67,-1.16,-0.19,7.04,7.11,181056870.2,762380,5.9,35051,0.47,6.37,False,95.0
sports_prop,yes,10-20,gt60m,19375,False,14.62,14.52,0.1,-0.38,0.62,13.99,13.75,175574250.7,1238377,10.53,49367,0.87,11.4,False,90.0
sports_prop,yes,20-35,gt60m,23983,False,27.07,25.7,1.38,0.83,1.96,27.32,26.06,238996076.8,1964430,18.27,57578,1.38,19.65,False,80.0
sports_prop,yes,35-50,gt60m,25364,False,42.45,39.19,3.26,2.67,3.84,42.61,33.81,442651535.0,3279298,56.6,71982,1.71,58.31,False,65.0
sports_prop,yes,45-55(null),gt60m,21505,False,49.41,45.12,4.28,3.66,4.97,49.41,56.13,255043053.6,2014775,48.06,124360,1.75,49.81,False,55.0
sports_prop,yes,50-65,gt60m,22911,False,56.27,51.61,4.66,4.03,5.27,56.37,56.05,295763126.1,2408837,39.52,52378,1.72,41.24,False,50.0
sports_prop,yes,65-80,gt60m,19369,False,71.6,64.82,6.78,6.11,7.44,71.12,62.63,116347123.6,1108880,13.32,27500,1.42,14.75,False,35.0
sports_prop,yes,80-90,gt60m,14000,False,84.49,75.99,8.5,7.82,9.18,84.68,76.78,56489677.6,486167,7.0,13534,0.92,7.92,True,20.0
sports_prop,yes,90-95,gt60m,13016,False,92.33,86.04,6.29,5.71,6.86,91.72,78.28,27339647.8,206565,5.23,8729,0.5,5.72,True,10.0
sports_prop,yes,95-99,gt60m,15663,False,98.1,92.24,5.86,5.47,6.25,97.38,84.69,24053590.6,213444,1.49,5371,0.13,1.63,True,5.0
sports_prop,yes,01-05,lt2m,5473,False,1.13,0.05,1.07,1.0,1.12,1.18,0.03,15733073.4,42041,1.67,1459,0.08,1.74,False,99.0
sports_prop,yes,05-10,lt2m,604,False,6.72,0.17,6.55,6.12,6.81,6.79,0.0,885394.4,8529,5.0,1176,0.44,5.44,True,91.0
sports_prop,yes,10-20,lt2m,469,False,13.19,1.71,11.48,10.17,12.51,13.9,0.5,763159.8,7941,9.1,930,0.8,9.9,True,86.1
sports_prop,yes,20-35,lt2m,239,False,25.14,6.69,18.45,15.09,21.37,25.95,5.31,396633.5,5032,20.0,671,1.32,21.32,False,80.0
sports_prop,yes,35-50,lt2m,144,False,41.07,21.53,19.54,12.21,25.78,41.93,46.47,174313.8,2448,68.0,807,1.69,69.69,False,62.5
sports_prop,yes,45-55(null),lt2m,107,False,49.45,40.19,9.26,-0.32,18.29,50.38,67.8,136604.8,1769,60.5,1292,1.75,62.25,False,55.0
sports_prop,yes,50-65,lt2m,131,False,57.52,57.25,0.27,-7.34,8.32,56.04,70.91,191704.0,2406,53.0,485,1.71,54.71,False,50.0
sports_prop,yes,65-80,lt2m,241,False,73.81,86.31,-12.5,-16.75,-7.84,73.79,90.67,444904.1,5495,14.23,443,1.35,15.58,False,35.0
sports_prop,yes,80-90,lt2m,449,False,86.06,96.21,-10.16,-11.87,-8.5,85.63,99.31,725708.5,7624,8.47,567,0.84,9.31,True,20.0
sports_prop,yes,90-95,lt2m,726,False,92.4,98.48,-6.08,-6.91,-5.18,92.39,99.41,1287681.1,10602,4.46,628,0.49,4.96,True,10.0
sports_prop,yes,95-99,lt2m,1826,False,98.49,99.62,-1.13,-1.38,-0.82,98.15,99.74,9461433.2,55465,1.66,979,0.1,1.76,False,5.0
