family,market_ticker,series_ticker,ts_iso,prev_c,yes_c,jump_c,dt_prev_s,tts_min,result
sports_prop,KXMLBTOTAL-26JUL191410MIAMIL-4,KXMLBTOTAL,2026-07-19 20:59:44.630000+00:00,1.0,99.0,98.0,0.0,4.722833333333333,yes
sports_prop,KXPGAMAKECUT-COPC26-PWAR,KXPGAMAKECUT,2026-07-17 22:55:23.935000+00:00,1.0,99.0,98.0,134.286,55.30108333333333,no
crypto_hourly,KXBTCD-26JUL1003-T62999.99,KXBTCD,2026-07-10 06:01:00.255000+00:00,1.0,99.0,98.0,0.0,58.99575,yes
sports_prop,KXMLBHRR-26JUL112110AZLAD-LADKTUCKER23-1,KXMLBHRR,2026-07-12 03:43:05.398000+00:00,99.0,1.0,-98.0,2366.421,31.8267,no
sports_prop,KXWNBAOT-26JUL16NYDAL-OT,KXWNBAOT,2026-07-21 02:08:24.548000+00:00,1.0,99.0,98.0,3.254,1.3408666666666667,yes
sports_prop,KXWCSCOREET-26JUL19ESPARG-ESP0ARG1,KXWCSCOREET,2026-07-19 21:24:21.138000+00:00,99.0,1.0,-98.0,8.728,49.83103333333333,no
sports_prop,KXMLBHRR-26JUL112110AZLAD-AZCCARROLL7-1,KXMLBHRR,2026-07-12 03:56:52.227000+00:00,99.0,1.0,-98.0,1545.5,17.92955,no
sports_prop,KXWNBAOT-26JUL09SEAATL-OT,KXWNBAOT,2026-07-10 02:02:54.971000+00:00,99.0,1.0,-98.0,50.337,8.41715,no
sports_prop,KXMLBHRR-26JUL121340SEATB-TBYDIAZ2-2,KXMLBHRR,2026-07-12 19:54:36.069000+00:00,1.0,99.0,98.0,12.603,58.29885,yes
sports_prop,KXUFCROUNDS-26JUL11GREMCK-2,KXUFCROUNDS,2026-07-12 01:31:56.263000+00:00,1.0,99.0,98.0,0.0,18.312283333333333,yes
sports_prop,KXPGAROUNDSCORE-THOC26R1-KKIT70,KXPGAROUNDSCORE,2026-07-16 15:25:22.908000+00:00,1.0,99.0,98.0,4355.075,84.8682,yes
sports_prop,KXBRASILEIROTEAMTOTAL-26JUL17MIRGPA-MIR2,KXBRASILEIROTEAMTOTAL,2026-07-17 23:11:24+00:00,1.0,99.0,98.0,18.834,109.01666666666667,yes
sports_prop,KXWCSCOREET-26JUL19ESPARG-ESP2ARG0,KXWCSCOREET,2026-07-19 21:25:31.122000+00:00,1.0,99.0,98.0,1.195,48.664633333333335,no
sports_prop,KXWCSCOREET-26JUL19ESPARG-ESP2ARG0,KXWCSCOREET,2026-07-19 21:25:53.895000+00:00,99.0,1.0,-98.0,22.773,48.28508333333333,no
sports_prop,KXBRASILEIROTEAMTOTAL-26JUL17FLURBB-RBB2,KXBRASILEIROTEAMTOTAL,2026-07-18 01:10:45.513000+00:00,1.0,99.0,98.0,56.376,9.608116666666668,no
sports_prop,KXBRASILEIROTEAMTOTAL-26JUL17FLURBB-RBB2,KXBRASILEIROTEAMTOTAL,2026-07-18 01:09:48.153000+00:00,99.0,1.0,-98.0,66.192,10.564116666666667,no
sports_prop,KXWCSCOREET-26JUL19ESPARG-ESP1ARG1,KXWCSCOREET,2026-07-19 21:26:05.370000+00:00,1.0,99.0,98.0,84.742,48.093833333333336,no
sports_prop,KXBRASILEIROTEAMTOTAL-26JUL17FLURBB-RBB2,KXBRASILEIROTEAMTOTAL,2026-07-18 01:08:41.961000+00:00,1.0,99.0,98.0,0.0,11.667316666666666,no
sports_prop,KXBRASILEIROTEAMTOTAL-26JUL17FLURBB-RBB2,KXBRASILEIROTEAMTOTAL,2026-07-18 01:08:41.961000+00:00,99.0,1.0,-98.0,6.092,11.667316666666666,no
crypto_hourly,KXBTCD-26JUL1022-T60999.99,KXBTCD,2026-07-11 01:01:41.456000+00:00,1.0,99.0,98.0,17.601,58.309066666666666,yes
sports_prop,KXWNBA2HSPREAD-26JUL14PDXCONN-PDX2,KXWNBA2HSPREAD,2026-07-14 17:06:38.187000+00:00,1.0,99.0,98.0,5.207,8.71355,yes
sports_prop,KXWCSCOREET-26JUL19ESPARG-ESP2ARG0,KXWCSCOREET,2026-07-19 21:24:21.139000+00:00,99.0,1.0,-98.0,0.964,49.83101666666666,no
sports_prop,KXMLBHRR-26JUL111410LAAMIN-MINARODEN18-1,KXMLBHRR,2026-07-11 20:35:34.582000+00:00,1.0,99.0,98.0,2167.768,79.72363333333334,yes
sports_prop,KXMLBHRR-26JUL102215COLSF-COLTRUMFIELD64-3,KXMLBHRR,2026-07-11 05:14:38.639000+00:00,99.0,1.0,-98.0,0.0,505.17268333333334,no
sports_prop,KXPGAR3TOP5-THOC26-LHER,KXPGAR3TOP5,2026-07-18 19:17:42.300000+00:00,1.0,99.0,98.0,1746.806,21.961666666666666,yes
sports_prop,KXITFWDOUBLES-26JUL15HORMETGEOKOV-HORMET,KXITFWDOUBLES,2026-07-15 19:31:56.467000+00:00,1.0,99.0,98.0,150.52,2.9922166666666667,no
sports_prop,KXITFWDOUBLES-26JUL14KUCLABMARZEL-KUCLAB,KXITFWDOUBLES,2026-07-15 17:11:03.433000+00:00,99.0,1.0,-98.0,949.16,29.176116666666665,yes
sports_prop,KXLIGAMXSCORE-26JUL16NCXALA-NCX0ALA3,KXLIGAMXSCORE,2026-07-17 02:12:08.147000+00:00,1.0,99.0,98.0,0.0,58.58088333333333,no
sports_prop,KXMLSFTTS-26JUL16MTLTOR-MTL,KXMLSFTTS,2026-07-17 02:27:07.599000+00:00,99.0,1.0,-98.0,7471.072,33.97335,no
sports_prop,KXLIGAMXSCORE-26JUL16NCXALA-NCX0ALA3,KXLIGAMXSCORE,2026-07-17 02:12:08.147000+00:00,99.0,1.0,-98.0,2182.349,58.58088333333333,no
sports_prop,KXPGA3BALL-MO26R1JSIHNLINATOS-JSIH,KXPGA3BALL,2026-07-23 18:49:06.222000+00:00,1.0,99.0,98.0,369.65,10.829633333333334,yes
sports_prop,KXNPBTOTAL-26JUL230500ORIFUK-12,KXNPBTOTAL,2026-07-23 12:29:15.721000+00:00,1.0,99.0,98.0,0.0,5.637983333333334,no
sports_prop,KXMLBSB-26JUL111910CHCCIN-CINEDELACRUZ44-1,KXMLBSB,2026-07-12 02:10:00.410000+00:00,1.0,99.0,98.0,3417.036,35.2265,yes
sports_prop,KXMLBTOTAL-26JUL191410MIAMIL-4,KXMLBTOTAL,2026-07-19 20:59:44.630000+00:00,99.0,1.0,-98.0,0.0,4.722833333333333,yes
sports_prop,KXWCSCOREET-26JUL19ESPARG-ESP0ARG1,KXWCSCOREET,2026-07-19 21:24:12.410000+00:00,1.0,99.0,98.0,28.867,49.9765,no
sports_prop,KXPGAMAKECUT-THOC26-AROZ,KXPGAMAKECUT,2026-07-17 20:25:04.979000+00:00,99.0,1.0,-98.0,2910.851,45.117016666666665,no
sports_prop,KXWCSCOREET-26JUL19ESPARG-ESP1ARG0,KXWCSCOREET,2026-07-19 21:23:43.545000+00:00,1.0,99.0,98.0,36.94,50.45758333333333,yes
sports_prop,KXWCSCOREET-26JUL19ESPARG-ESP1ARG0,KXWCSCOREET,2026-07-19 21:24:12.410000+00:00,99.0,1.0,-98.0,28.865,49.9765,yes
sports_prop,KXWCSCOREET-26JUL19ESPARG-ESP0ARG0,KXWCSCOREET,2026-07-19 21:23:43.542000+00:00,99.0,1.0,-98.0,36.962,23.540966666666666,no
sports_prop,KXWCSCOREET-26JUL19ESPARG-ESP0ARG0,KXWCSCOREET,2026-07-19 21:24:21.138000+00:00,1.0,99.0,98.0,8.728,22.914366666666666,no
sports_prop,KXMLBHRR-26JUL092140AZSD-SDGSHEETS30-1,KXMLBHRR,2026-07-10 04:15:29.927000+00:00,99.0,1.0,-98.0,1809.036,14.38455,no
sports_prop,KXMLBHRR-26JUL092145COLSF-COLTRUMFIELD64-1,KXMLBHRR,2026-07-10 04:31:03.819000+00:00,99.0,1.0,-98.0,485.713,18.93635,yes
sports_prop,KXWCSCOREET-26JUL19ESPARG-ESP2ARG0,KXWCSCOREET,2026-07-19 21:24:20.175000+00:00,1.0,99.0,98.0,7.764,49.84708333333333,no
sports_prop,KXMLBHRR-26JUL191335TEXATL-TEXECARTER32-1,KXMLBHRR,2026-07-19 19:30:42.953000+00:00,1.0,99.0,98.0,0.0,60.58411666666667,no
sports_prop,KXWCSCOREET-26JUL19ESPARG-ESP2ARG1,KXWCSCOREET,2026-07-19 21:34:33.098000+00:00,1.0,99.0,98.0,0.0,39.6317,no
sports_prop,KXPGAROUNDSCORE-THOC26R2-THAT69,KXPGAROUNDSCORE,2026-07-17 14:27:01.971000+00:00,1.0,99.0,98.0,79.828,299.23381666666666,yes
sports_prop,KXLIGAMXFTTS-26JUL16NCXALA-ALA,KXLIGAMXFTTS,2026-07-17 02:14:09.599000+00:00,1.0,99.0,98.0,1914.635,46.87335,yes
sports_prop,KXPGAROUNDSCORE-THOC26R1-BCAU70,KXPGAROUNDSCORE,2026-07-16 18:24:20.766000+00:00,1.0,99.0,98.0,14624.427,13.9039,yes
sports_prop,KXPGAROUNDSCORE-THOC26R1-ASCO69,KXPGAROUNDSCORE,2026-07-16 18:18:30.220000+00:00,99.0,1.0,-98.0,10339.463,43.79633333333334,no
sports_prop,KXMLBHRR-26JUL211910BALBOS-BOSCRAFAELA3-4,KXMLBHRR,2026-07-22 18:51:52.548000+00:00,99.0,1.0,-98.0,459.546,78.69086666666666,yes
sports_prop,KXMLBHRR-26JUL221540ATHAZ-ATHLBUTLER4-2,KXMLBHRR,2026-07-22 22:39:45.200000+00:00,99.0,1.0,-98.0,0.0,21.563333333333333,yes
sports_prop,KXMLBHRR-26JUL221540ATHAZ-ATHLBUTLER4-2,KXMLBHRR,2026-07-22 22:39:45.200000+00:00,1.0,99.0,98.0,2550.618,21.563333333333333,yes
sports_prop,KXMLBHRR-26JUL231840KCDET-KCSPEREZ13-1,KXMLBHRR,2026-07-24 01:27:45.871000+00:00,99.0,1.0,-98.0,189.56,7.185483333333333,no
sports_prop,KXMLBHRR-26JUL231310MINCLE-CLESKWAN38-5,KXMLBHRR,2026-07-23 19:42:07.966000+00:00,1.0,99.0,98.0,0.0,58.1339,no
sports_prop,KXWNBA2QSPREAD-26JUL15SEACHI-CHI10,KXWNBA2QSPREAD,2026-07-15 16:51:50.704000+00:00,99.0,1.0,-98.0,0.47,38.1716,no
sports_prop,KXMLBHIT-26JUL182008SFSEA-SFHRAMOS17-1,KXMLBHIT,2026-07-19 02:23:53.876000+00:00,99.0,1.0,-98.0,9.384,51.918733333333336,yes
sports_prop,KXNASCARTOP3-QUAS4AA26-BUWA,KXNASCARTOP3,2026-07-13 05:45:48.744000+00:00,99.0,1.0,-98.0,25.464,398.6709333333333,no
sports_prop,KXWNBATOTAL-26JUL15LAMIN-184,KXWNBATOTAL,2026-07-15 19:04:40.191000+00:00,1.0,99.0,98.0,0.0,25.28015,no
sports_prop,KXMLBF7-26JUL102140TORSD-SD,KXMLBF7,2026-07-11 03:58:14.248000+00:00,99.0,1.0,-98.0,13.232,1.5958666666666668,no
sports_prop,KXMLBF7-26JUL111410LAAMIN-MIN,KXMLBF7,2026-07-11 20:34:01.241000+00:00,1.0,99.0,98.0,374.923,10.945983333333333,yes
sports_prop,KXWNBA3QSPREAD-26JUL09INDPHX-IND2,KXWNBA3QSPREAD,2026-07-10 03:35:28.822000+00:00,99.0,1.0,-98.0,39.832,37.9363,yes
sports_prop,KXWNBA3QSPREAD-26JUL15GSIND-IND4,KXWNBA3QSPREAD,2026-07-16 01:35:05.423000+00:00,99.0,1.0,-98.0,50.418,42.39295,no
sports_prop,KXWNBA3QSPREAD-26JUL09SEAATL-SEA2,KXWNBA3QSPREAD,2026-07-10 01:42:09.876000+00:00,1.0,99.0,98.0,446.961,28.0354,yes
sports_prop,KXWNBA3QSPREAD-26JUL09INDPHX-PHX2,KXWNBA3QSPREAD,2026-07-10 03:33:27.346000+00:00,99.0,1.0,-98.0,271.224,39.9609,no
sports_prop,KXNWSLBTTS-26JUL18DENPTH-BTTS,KXNWSLBTTS,2026-07-18 19:10:51.637000+00:00,99.0,1.0,-98.0,23.462,16.00605,yes
sports_prop,KXWNBA4QWINNER-26JUL15LAMIN-LA,KXWNBA4QWINNER,2026-07-15 19:04:15.186000+00:00,99.0,1.0,-98.0,496.607,1.3969,no
sports_prop,KXWNBA2QSPREAD-26JUL11PDXATL-ATL2,KXWNBA2QSPREAD,2026-07-11 20:58:34.745000+00:00,1.0,99.0,98.0,32.556,51.48758333333333,no
sports_prop,KXPGAROUNDSCORE-THOC26R1-HLI69,KXPGAROUNDSCORE,2026-07-16 16:35:35.179000+00:00,99.0,1.0,-98.0,18544.993,59.73035,no
sports_prop,KXMLBHRR-26JUL221540ATHAZ-ATHLBUTLER4-2,KXMLBHRR,2026-07-22 22:41:20.836000+00:00,1.0,99.0,98.0,95.636,19.9694,yes
sports_prop,KXMLBHRR-26JUL201840MINCLE-CLEDSCHNEEMANN10-1,KXMLBHRR,2026-07-21 00:09:16.923000+00:00,1.0,99.0,98.0,1216.114,92.85128333333333,yes
sports_prop,KXLIGAMXFTTS-26JUL16NCXALA-NCX,KXLIGAMXFTTS,2026-07-17 02:14:40.104000+00:00,99.0,1.0,-98.0,269.829,46.36493333333333,no
sports_prop,KXMLBHRR-26JUL191335TEXATL-TEXECARTER32-1,KXMLBHRR,2026-07-19 19:30:42.953000+00:00,99.0,1.0,-98.0,0.0,60.58411666666667,no
sports_prop,KXMLBHRR-26JUL191335TEXATL-TEXECARTER32-1,KXMLBHRR,2026-07-19 19:30:42.953000+00:00,1.0,99.0,98.0,1078.376,60.58411666666667,no
sports_prop,KXWNBAPTS-26JUL09INDPHX-INDSCUNNINGHAM8-10,KXWNBAPTS,2026-07-10 04:14:25.266000+00:00,1.0,99.0,98.0,4.971,5.312233333333333,no
sports_prop,KXMLBHRR-26JUL191420MINCHC-CHCIHAPP8-2,KXMLBHRR,2026-07-19 20:16:48.557000+00:00,99.0,1.0,-98.0,6380.032,55.240716666666664,no
sports_prop,KXMLBHRR-26JUL191510CINCOL-CINESUAREZ28-2,KXMLBHRR,2026-07-19 19:28:04.689000+00:00,99.0,1.0,-98.0,0.0,147.15518333333333,yes
crypto_hourly,KXBTCD-26JUL1122-T63099.99,KXBTCD,2026-07-12 01:02:34.508000+00:00,1.0,99.0,98.0,111.487,57.42486666666667,yes
crypto_hourly,KXBTCD-26JUL1200-T64499.99,KXBTCD,2026-07-12 03:01:29.070000+00:00,99.0,1.0,-98.0,0.0,58.5155,no
sports_prop,KXWNBA3PT-26JUL16PDXWSH-PDXBCARLETON6-3,KXWNBA3PT,2026-07-17 00:56:53.348000+00:00,99.0,1.0,-98.0,821.03,22.827533333333335,no
sports_prop,KXPGAROUNDSCORE-THOC26R1-JKEE70,KXPGAROUNDSCORE,2026-07-16 18:16:24.131000+00:00,1.0,99.0,98.0,14010.782,0.8978166666666667,yes
sports_prop,KXMLBHRR-26JUL202005DETCHC-CHCIHAPP8-1,KXMLBHRR,2026-07-21 03:04:18.084000+00:00,1.0,99.0,98.0,2768.865,76.23193333333333,yes
sports_prop,KXNASCARH2H-QUAS4AA26CHBRCHEL-CHEL,KXNASCARH2H,2026-07-13 13:39:48.558000+00:00,1.0,99.0,98.0,2948.392,136.9907,yes
sports_prop,KXMLBHRR-26JUL211940SFKC-SFCKOSS50-1,KXMLBHRR,2026-07-22 00:50:22.036000+00:00,1.0,99.0,98.0,12446.901,110.78273333333334,yes
sports_prop,KXMLBHRR-26JUL212140ATHAZ-AZNARENADO28-1,KXMLBHRR,2026-07-22 04:49:10.338000+00:00,1.0,99.0,98.0,1614.597,25.6277,yes
sports_prop,KXMLBHRR-26JUL221305PITNYYG1-NYYBRICE22-1,KXMLBHRR,2026-07-22 19:05:05.807000+00:00,1.0,99.0,98.0,830.738,95.98655,yes
sports_prop,KXPGAROUNDSCORE-THOC26R1-MMCN70,KXPGAROUNDSCORE,2026-07-16 15:01:00.238000+00:00,99.0,1.0,-98.0,2644.003,4.379366666666667,no
sports_prop,KXPGAROUNDSCORE-THOC26R1-MHOL70,KXPGAROUNDSCORE,2026-07-16 17:30:57.027000+00:00,99.0,1.0,-98.0,7432.005,16.332883333333335,no
sports_prop,KXPGAROUNDSCORE-THOC26R1-JSPA69,KXPGAROUNDSCORE,2026-07-16 19:13:48.844000+00:00,99.0,1.0,-98.0,15729.229,0.6359333333333334,no
sports_prop,KXITFWDOUBLES-26JUL14KUCLABMARZEL-KUCLAB,KXITFWDOUBLES,2026-07-15 17:21:16.228000+00:00,1.0,99.0,98.0,612.795,18.962866666666667,yes
sports_prop,KXMLBF7-26JUL231840KCDET-KC,KXMLBF7,2026-07-24 00:48:30.652000+00:00,99.0,1.0,-98.0,1.604,6.0558,no
sports_prop,KXWNBA2QTOTAL-26JUL10DALTOR-50,KXWNBA2QTOTAL,2026-07-11 00:21:04.429000+00:00,1.0,99.0,98.0,0.084,40.55951666666667,yes
sports_prop,KXNASCARTOP20-QUAS4AA26-AUCI,KXNASCARTOP20,2026-07-13 08:01:19.733000+00:00,99.0,1.0,-98.0,2095.118,263.43778333333336,yes
sports_prop,KXMLSFTTS-26JUL17LAGLAFC-LAFC,KXMLSFTTS,2026-07-18 02:37:46.761000+00:00,1.0,99.0,98.0,2051.47,33.07065,yes
sports_prop,KXWNBAREB-26JUL22LVWSH-WSHSAUSTIN0-10,KXWNBAREB,2026-07-23 01:44:42.995000+00:00,99.0,1.0,-98.0,0.153,49.81675,no
sports_prop,KXMLBKS-26JUL102215COLSF-COLTGORDON29-4,KXMLBKS,2026-07-11 04:07:42.929000+00:00,99.0,1.0,-98.0,6.768,112.36785,no
sports_prop,KXMLBTOTAL-26JUL191410MIAMIL-4,KXMLBTOTAL,2026-07-19 20:59:44.637000+00:00,99.0,1.0,-98.0,0.007,4.722716666666667,yes
sports_prop,KXMLBTOTAL-26JUL191410MIAMIL-4,KXMLBTOTAL,2026-07-19 20:59:49.054000+00:00,1.0,99.0,98.0,4.373,4.6491,yes
sports_prop,KXWCGOAL-26JUL11ARGSUI-ARGEFERNA8-2,KXWCGOAL,2026-07-12 03:05:01.400000+00:00,1.0,99.0,98.0,0.0,0.32666666666666666,no
sports_prop,KXMLSSCORE-26JUL16STLSKC-STL0SKC2,KXMLSSCORE,2026-07-17 01:21:09.319000+00:00,99.0,1.0,-98.0,999.368,89.71135,no
sports_prop,KXPGAMAKECUT-THOC26-JTHO,KXPGAMAKECUT,2026-07-17 14:26:37.611000+00:00,1.0,99.0,98.0,26.475,393.25648333333334,yes
sports_prop,KXMLBTOTAL-26JUL191410MIAMIL-4,KXMLBTOTAL,2026-07-19 20:59:44.630000+00:00,1.0,99.0,98.0,0.0,4.722833333333333,yes
sports_prop,KXMLBASGKS-26JUL142000ALNL-NLROBRIEN61-2,KXMLBASGKS,2026-07-15 02:06:13.417000+00:00,99.0,1.0,-98.0,3274.1,105.32638333333334,no
sports_prop,KXUELFTTS-26JUL23QARCSK-CSK,KXUELFTTS,2026-07-23 17:55:32.367000+00:00,99.0,1.0,-98.0,492.293,85.11055,no
sports_prop,KXMLBKS-26JUL102215COLSF-COLTGORDON29-4,KXMLBKS,2026-07-11 04:07:36.154000+00:00,1.0,99.0,98.0,9.413,112.48076666666667,no
sports_prop,KXMLSSCORE-26JUL16STLSKC-STL2SKC3,KXMLSSCORE,2026-07-17 01:56:10.894000+00:00,1.0,99.0,98.0,0.0,54.6851,no
sports_prop,KXWCGOAL-26JUL11ARGSUI-ARGEFERNA8-2,KXWCGOAL,2026-07-12 03:05:01.400000+00:00,99.0,1.0,-98.0,0.0,0.32666666666666666,no
sports_prop,KXITFMATCH-26JUL14STHGUE-STH,KXITFMATCH,2026-07-14 16:38:44.976000+00:00,1.0,99.0,98.0,2.651,31.867066666666666,yes
sports_prop,KXMLBASGKS-26JUL142000ALNL-NLJLUZARDO44-2,KXMLBASGKS,2026-07-15 01:47:51.622000+00:00,99.0,1.0,-98.0,29.251,123.68963333333333,no
crypto_hourly,KXBTC-26JUL1222-B63350,KXBTC,2026-07-13 01:59:55.013000+00:00,1.0,99.0,98.0,0.062,0.08311666666666667,yes
sports_prop,KXPGA3BALL-MO26R2JKEELCLAGSAR-JKEE,KXPGA3BALL,2026-07-24 18:02:38.067000+00:00,1.0,99.0,98.0,8925.473,7.16555,yes
sports_prop,KXMLBTB-26JUL191410SDKC-SDXBOGAERTS2-3,KXMLBTB,2026-07-19 20:57:08.956000+00:00,1.0,99.0,98.0,519.11,18.5174,no
sports_prop,KXPGAMAKECUT-THOC26-JTHO,KXPGAMAKECUT,2026-07-17 14:26:11.136000+00:00,99.0,1.0,-98.0,1197.88,393.69773333333336,yes
sports_prop,KXMLBASGKS-26JUL142000ALNL-ALPMESSICK77-2,KXMLBASGKS,2026-07-15 03:02:05.435000+00:00,99.0,1.0,-98.0,6958.423,49.45941666666667,no
sports_prop,KXMLSSCORE-26JUL16STLSKC-STL2SKC3,KXMLSSCORE,2026-07-17 01:56:10.894000+00:00,99.0,1.0,-98.0,209.351,54.6851,no
sports_prop,KXNASCARTOP10-FAI2PBM26-CAHO,KXNASCARTOP10,2026-07-18 18:55:55.762000+00:00,99.0,1.0,-98.0,14600.333,44.00396666666666,no
sports_prop,KXPGAMAKECUT-THOC26-HENG,KXPGAMAKECUT,2026-07-17 18:45:13.948000+00:00,99.0,1.0,-98.0,10284.878,144.8342,no
sports_prop,KXWNBA3PT-26JUL22DALPDX-DALPBUECKERS5-3,KXWNBA3PT,2026-07-23 03:53:30.349000+00:00,99.0,1.0,-98.0,66.181,46.294183333333336,yes
sports_prop,KXCLUBFBTTS-26JUL22KHASCH-BTTS,KXCLUBFBTTS,2026-07-22 14:34:12.190000+00:00,99.0,1.0,-98.0,133.548,78.6135,no
sports_prop,KXUCL1HSPREAD-26JUL14IBETAF-TAF2,KXUCL1HSPREAD,2026-07-14 16:12:20.657000+00:00,99.0,1.0,-98.0,443.923,41.22238333333333,no
sports_prop,KXMLBKS-26JUL201907TBTOR-TORDCEASE84-7,KXMLBKS,2026-07-21 00:40:28.007000+00:00,1.0,98.0,97.0,371.719,62.19988333333333,yes
sports_prop,KXMLBHRR-26JUL191610STLAZ-STLJWALKER18-4,KXMLBHRR,2026-07-19 23:29:03.656000+00:00,98.0,1.0,-97.0,0.0,11.1724,no
sports_prop,KXMLBHRR-26JUL181610BALHOU-HOUZDEZENZO9-4,KXMLBHRR,2026-07-18 23:37:29.289000+00:00,98.0,1.0,-97.0,297.836,117.41185,no
crypto_hourly,KXBTCD-26JUL1122-T63099.99,KXBTCD,2026-07-12 01:00:43.021000+00:00,98.0,1.0,-97.0,0.0,59.282983333333334,yes
sports_prop,KXMLBHRR-26JUL191610STLAZ-STLJWALKER18-4,KXMLBHRR,2026-07-19 23:29:03.656000+00:00,1.0,98.0,97.0,0.0,11.1724,no
sports_prop,KXCFLTOTAL-26JUL19WPGOTT-63,KXCFLTOTAL,2026-07-20 02:09:07.389000+00:00,99.0,2.0,-97.0,9.273,77.97685,yes
sports_prop,KXPGA3BALL-MO26R1JSIHNLINATOS-JSIH,KXPGA3BALL,2026-07-23 18:42:56.572000+00:00,98.0,1.0,-97.0,59.642,16.990466666666666,yes
sports_prop,KXWCGOALCOUNT-26JALVAR19-4,KXWCGOALCOUNT,2026-07-12 00:01:54.906000+00:00,1.0,98.0,97.0,153024.246,11437.701566666667,no
sports_prop,KXWCSCOREET-26JUL19ESPARG-ESP2ARG1,KXWCSCOREET,2026-07-19 21:34:14.104000+00:00,98.0,1.0,-97.0,12.485,39.94826666666667,no
sports_prop,KXWCGOAL-26JUL19ESPARG-ARGFMEDIN14-1,KXWCGOAL,2026-07-19 20:50:36.602000+00:00,99.0,2.0,-97.0,0.0,79.30663333333334,no
sports_prop,KXMLBHRR-26JUL172140WSHATH-WSHCABRAMS5-5,KXMLBHRR,2026-07-18 04:38:44.747000+00:00,98.0,1.0,-97.0,0.0,39.13755,no
sports_prop,KXWCSCOREET-26JUL19ESPARG-ESP3ARG0,KXWCSCOREET,2026-07-19 21:30:25.193000+00:00,1.0,98.0,97.0,0.0,43.76345,no
sports_prop,KXDOTA2MAP-26JUL221500STXJEN-2-STX,KXDOTA2MAP,2026-07-22 23:19:49.819000+00:00,98.0,1.0,-97.0,814.799,109.86968333333333,no
crypto_hourly,KXBTCD-26JUL1201-T64999.99,KXBTCD,2026-07-12 04:02:13.169000+00:00,98.0,1.0,-97.0,53.02,57.780516666666664,no
sports_prop,KXWNBA2QTOTAL-26JUL10DALTOR-50,KXWNBA2QTOTAL,2026-07-11 00:21:04.345000+00:00,98.0,1.0,-97.0,13.793,40.560916666666664,yes
sports_prop,KXCFLSPREAD-26JUL18MTLCGY-MTL4,KXCFLSPREAD,2026-07-18 23:04:11.306000+00:00,1.0,98.0,97.0,930.881,40.32823333333333,yes
sports_prop,KXMLBHRR-26JUL182008SFSEA-SFHRAMOS17-1,KXMLBHRR,2026-07-19 02:23:57.874000+00:00,98.0,1.0,-97.0,23.823,76.38543333333334,yes
sports_prop,KXMLBHIT-26JUL102005HOUTEX-HOUJALTUVE27-1,KXMLBHIT,2026-07-11 00:28:52.799000+00:00,99.0,2.0,-97.0,4.428,136.55335,yes
sports_prop,KXMLBTOTAL-26JUL191410MIAMIL-4,KXMLBTOTAL,2026-07-19 20:59:44.630000+00:00,99.0,2.0,-97.0,0.403,4.722833333333333,yes
sports_prop,KXNBASUMMER1HWINNER-26JUL14MEMGSW-GSW,KXNBASUMMER1HWINNER,2026-07-14 23:06:56.646000+00:00,98.0,1.0,-97.0,621.438,79.62256666666667,no
sports_prop,KXMLBHRR-26JUL211910BALBOS-BOSCRAFAELA3-4,KXMLBHRR,2026-07-22 18:52:41.249000+00:00,1.0,98.0,97.0,48.701,77.87918333333333,yes
sports_prop,KXNASCARTOP3-QUAS4AA26-BUWA,KXNASCARTOP3,2026-07-13 05:47:03.499000+00:00,1.0,98.0,97.0,74.755,397.4250166666667,no
sports_prop,KXLIGAMXFTTS-26JUL16NCXALA-NONE,KXLIGAMXFTTS,2026-07-17 01:30:17.439000+00:00,98.0,1.0,-97.0,0.0,90.74268333333333,no
sports_prop,KXNBASUMMERTOTAL-26JUL10BOSTOR-162,KXNBASUMMERTOTAL,2026-07-11 02:56:35.240000+00:00,98.0,1.0,-97.0,7.625,13.146,yes
sports_prop,KXWNBA3QSPREAD-26JUL10GSCONN-GS7,KXWNBA3QSPREAD,2026-07-11 00:59:49.505000+00:00,98.0,1.0,-97.0,0.0,35.67491666666667,no
sports_prop,KXMLBF7-26JUL181610TBBOS-TB,KXMLBF7,2026-07-18 23:25:49.053000+00:00,98.0,1.0,-97.0,227.998,8.83245,no
sports_prop,KXWNBA3QSPREAD-26JUL10GSCONN-GS7,KXWNBA3QSPREAD,2026-07-11 00:59:49.505000+00:00,1.0,98.0,97.0,0.0,35.67491666666667,no
sports_game,KXLOLGAME-26JUL200630BRODRX-BRO,KXLOLGAME,2026-07-20 12:17:56.882000+00:00,2.0,99.0,97.0,0.783,31.601966666666666,no
sports_prop,KXUECLFTTS-26JUL22BOHBAL-BOH,KXUECLFTTS,2026-07-22 17:29:06.635000+00:00,98.0,1.0,-97.0,41.057,54.62275,no
sports_prop,KXPGAR3TOP10-GESO26-RMCI,KXPGAR3TOP10,2026-07-11 18:59:26.713000+00:00,99.0,2.0,-97.0,4090.601,1040.17145,no
sports_prop,KXNASCARTOPTEAM-LIU26-CR7M,KXNASCARTOPTEAM,2026-07-11 20:05:04.698000+00:00,1.0,98.0,97.0,751.4,84.83836666666667,yes
sports_prop,KXNASCARTOP3-QUAS4AA26-BUWA,KXNASCARTOP3,2026-07-13 05:47:53.407000+00:00,1.0,98.0,97.0,35.793,396.59321666666665,no
sports_prop,KXNPBSPREAD-26JUL160500ORITOH-TOH3,KXNPBSPREAD,2026-07-16 10:54:24.519000+00:00,2.0,99.0,97.0,16.058,297.5246833333333,yes
sports_prop,KXNASCARTOP3-QUAS4AA26-BUWA,KXNASCARTOP3,2026-07-13 05:47:03.990000+00:00,98.0,1.0,-97.0,0.491,397.41683333333333,no
sports_prop,KXMLSSCORE-26JUL16STLSKC-STL0SKC2,KXMLSSCORE,2026-07-17 01:04:29.951000+00:00,2.0,99.0,97.0,12651.839,106.36748333333334,no
sports_prop,KXCFLTOTAL-26JUL19WPGOTT-63,KXCFLTOTAL,2026-07-20 02:14:52.738000+00:00,2.0,99.0,97.0,342.496,72.22103333333334,yes
sports_prop,KXWNBA2HSPREAD-26JUL14PDXCONN-PDX2,KXWNBA2HSPREAD,2026-07-14 17:06:32.980000+00:00,98.0,1.0,-97.0,56.323,8.800333333333333,yes
sports_prop,KXCLUBFTOTAL-26JUL24WOBOL-3,KXCLUBFTOTAL,2026-07-24 02:22:27.109000+00:00,99.0,2.0,-97.0,3839.478,770.0815166666666,no
sports_prop,KXMLBHRR-26JUL221915SDATL-ATLMOLSON28-3,KXMLBHRR,2026-07-23 01:48:08.267000+00:00,99.0,2.0,-97.0,58.799,52.01221666666667,yes
sports_prop,KXMLSFTTS-26JUL17LAGLAFC-LAFC,KXMLSFTTS,2026-07-18 02:03:35.291000+00:00,98.0,1.0,-97.0,2401.84,67.26181666666666,yes
sports_prop,KXMLBHRR-26JUL221915SDATL-ATLMOLSON28-3,KXMLBHRR,2026-07-23 01:53:53.073000+00:00,2.0,99.0,97.0,344.806,46.26545,yes
sports_prop,KXPGAROUNDSCORE-THOC26R1-ATRU73,KXPGAROUNDSCORE,2026-07-16 19:46:25.847000+00:00,99.0,2.0,-97.0,96027.51,45.919216666666664,no
sports_prop,KXPGAR3TOP5-THOC26-BDEC,KXPGAR3TOP5,2026-07-18 17:46:22.487000+00:00,98.0,1.0,-97.0,1038.374,113.25855,no
sports_prop,KXLIGAMXTEAMTOTAL-26JUL16NCXALA-NCX3,KXLIGAMXTEAMTOTAL,2026-07-17 03:03:13.586000+00:00,1.0,98.0,97.0,14.046,6.973566666666667,no
sports_prop,KXCFLTOTAL-26JUL09OTTEDM-51,KXCFLTOTAL,2026-07-10 03:39:19.519000+00:00,2.0,99.0,97.0,470.147,35.12468333333333,yes
sports_prop,KXPGAROUNDSCORE-THOC26R2-BHAR70,KXPGAROUNDSCORE,2026-07-17 18:57:55.349000+00:00,98.0,1.0,-97.0,16021.431,49.444183333333335,no
sports_prop,KXPGAROUNDSCORE-THOC26R2-CCON69,KXPGAROUNDSCORE,2026-07-17 11:53:41.007000+00:00,99.0,2.0,-97.0,579.458,5.983216666666666,yes
sports_prop,KXPGAROUNDSCORE-THOC26R2-PCAN69,KXPGAROUNDSCORE,2026-07-17 14:50:55.567000+00:00,2.0,99.0,97.0,8587.89,-0.65945,yes
sports_prop,KXPGAROUNDSCORE-THOC26R1-KREI69,KXPGAROUNDSCORE,2026-07-16 18:21:46.826000+00:00,1.0,98.0,97.0,14281.517,30.5529,yes
sports_prop,KXMLBHRR-26JUL182008SFSEA-SFHRAMOS17-1,KXMLBHRR,2026-07-19 02:23:33.724000+00:00,1.0,98.0,97.0,39.626,76.78793333333333,yes
sports_prop,KXMLBHIT-26JUL221840MINCLE-MINARODEN18-1,KXMLBHIT,2026-07-23 01:38:44.931000+00:00,2.0,99.0,97.0,1341.647,32.00115,yes
sports_prop,KXPGAMAKECUT-THOC26-MHOM,KXPGAMAKECUT,2026-07-17 16:21:13.358000+00:00,2.0,99.0,97.0,20.379,278.7107,yes
sports_prop,KXITFMATCH-26JUL16TSAMEB-TSA,KXITFMATCH,2026-07-16 09:54:04.421000+00:00,99.0,2.0,-97.0,3175.129,2.7763166666666668,no
sports_prop,KXMLBHIT-26JUL221907TBTOR-TBYDIAZ2-1,KXMLBHIT,2026-07-23 01:46:43.229000+00:00,99.0,2.0,-97.0,1920.342,4.446183333333333,no
sports_prop,KXPGAMAKECUT-THOC26-KKOB,KXPGAMAKECUT,2026-07-17 19:32:31.001000+00:00,2.0,99.0,97.0,6307.651,87.38331666666667,yes
sports_prop,KXPGAH2H-GESO26R3MTHONHOJ-NHOJ,KXPGAH2H,2026-07-12 03:53:08.254000+00:00,1.0,98.0,97.0,15535.759,186.5291,no
sports_prop,KXMLSFTTS-26JUL16MTLTOR-NONE,KXMLSFTTS,2026-07-17 01:37:58.227000+00:00,2.0,99.0,97.0,125.547,83.12955,yes
sports_prop,KXMLSFTTS-26JUL16MTLTOR-TOR,KXMLSFTTS,2026-07-17 02:26:23.682000+00:00,98.0,1.0,-97.0,6096.438,34.7053,no
sports_prop,KXITFWDOUBLES-26JUL15HORMETGEOKOV-HORMET,KXITFWDOUBLES,2026-07-15 19:29:25.947000+00:00,98.0,1.0,-97.0,45.594,5.500883333333333,no
sports_prop,KXNBASUMMERTOTAL-26JUL11HOUTOR-189,KXNBASUMMERTOTAL,2026-07-12 03:36:32.790000+00:00,99.0,2.0,-97.0,29.593,13.220166666666668,yes
sports_prop,KXWCGOALCOMBO-26MESRONMBA-23,KXWCGOALCOMBO,2026-07-14 22:17:06.069000+00:00,99.0,2.0,-97.0,419527.27,7480.082183333333,no
sports_prop,KXPGAMAKECUT-THOC26-FLAC,KXPGAMAKECUT,2026-07-17 20:40:06.718000+00:00,98.0,1.0,-97.0,15206.556,29.988033333333334,no
sports_prop,KXWNBAAST-26JUL16NYDAL-DALJSHEPARD32-6,KXWNBAAST,2026-07-21 02:20:21.121000+00:00,2.0,99.0,97.0,5.412,24.447983333333333,yes
sports_prop,KXMLSFTTS-26JUL16SEAPOR-SEA,KXMLSFTTS,2026-07-17 03:09:48.831000+00:00,98.0,1.0,-97.0,296.753,60.902816666666666,no
sports_prop,KXMLSFTTS-26JUL22PORDAL-DAL,KXMLSFTTS,2026-07-23 03:25:39.983000+00:00,2.0,99.0,97.0,1873.099,15.500283333333334,yes
sports_prop,KXCLUBFBTTS-26JUL22KHASCH-BTTS,KXCLUBFBTTS,2026-07-22 15:25:41.285000+00:00,99.0,2.0,-97.0,96.137,27.128583333333335,no
sports_prop,KXNBASUMMER1HTOTAL-26JUL14SACBKN-91,KXNBASUMMER1HTOTAL,2026-07-14 22:57:00.878000+00:00,98.0,1.0,-97.0,95.394,38.485366666666664,no
sports_prop,KXPGAROUNDSCORE-THOC26R1-SCIN71,KXPGAROUNDSCORE,2026-07-15 17:35:48.068000+00:00,99.0,2.0,-97.0,1348.571,1151.5322,no
sports_prop,KXPGAH2H-THOC26R4JPARSSTR-JPAR,KXPGAH2H,2026-07-19 08:16:06.771000+00:00,99.0,2.0,-97.0,1339.887,203.73715,yes
sports_prop,KXF1TOP10-BELGP26-NOR,KXF1TOP10,2026-07-19 17:18:16.480000+00:00,2.0,99.0,97.0,0.0,475.57533333333333,yes
sports_prop,KXMLBF3-26JUL101915BOSNYM-BOS,KXMLBF3,2026-07-11 00:50:14.349000+00:00,1.0,98.0,97.0,93.502,4.56085,yes
sports_prop,KXWNBAAST-26JUL16NYDAL-DALJSHEPARD32-6,KXWNBAAST,2026-07-21 02:20:15.709000+00:00,99.0,2.0,-97.0,7202.491,24.538183333333333,yes
sports_prop,KXNASCARTOP5-WINW26-TYGI,KXNASCARTOP5,2026-07-20 02:28:23.442000+00:00,99.0,2.0,-97.0,36.998,121.54263333333333,yes
sports_prop,KXNASCARTOP10-LIU26-COBR,KXNASCARTOP10,2026-07-11 20:06:42.321000+00:00,2.0,99.0,97.0,1122.511,83.12798333333333,yes
sports_prop,KXMLBHRR-26JUL102005HOUTEX-HOUYALVAREZ44-3,KXMLBHRR,2026-07-11 00:11:05.091000+00:00,98.0,1.0,-97.0,94.401,154.76515,yes
sports_prop,KXCLUBFBTTS-26JUL22KHASCH-BTTS,KXCLUBFBTTS,2026-07-22 15:41:01.843000+00:00,99.0,2.0,-97.0,903.179,11.78595,no
sports_prop,KXPGAH2H-GESO26R3DVANWCLA-WCLA,KXPGAH2H,2026-07-11 22:04:06.621000+00:00,99.0,2.0,-97.0,10823.903,525.38965,yes
sports_prop,KXITFWDOUBLES-26JUL16DESKENMAMSTA-DESKEN,KXITFWDOUBLES,2026-07-16 11:38:00.203000+00:00,98.0,1.0,-97.0,122.079,7.57995,no
sports_prop,KXUELTEAMTOTAL-26JUL23TILHRK-TIL2,KXUELTEAMTOTAL,2026-07-23 18:29:22.182000+00:00,98.0,1.0,-97.0,3346.921,21.5303,no
sports_prop,KXPGATOP40-THOC26-ELOP,KXPGATOP40,2026-07-19 13:59:26.031000+00:00,1.0,97.0,96.0,66.447,420.58281666666664,no
sports_prop,KXNPBSPREAD-26JUL180100CHUYOM-YOM3,KXNPBSPREAD,2026-07-18 08:09:00.480000+00:00,97.0,1.0,-96.0,417.952,6.058666666666666,no
sports_prop,KXCLUBFTOTAL-26JUL23VENP98-6,KXCLUBFTOTAL,2026-07-23 16:36:40.874000+00:00,1.0,97.0,96.0,5.217,31.1021,yes
sports_prop,KXMLBTB-26JUL181610TBBOS-BOSWCONTRERAS40-2,KXMLBTB,2026-07-18 23:56:06.915000+00:00,97.0,1.0,-96.0,1885.591,4.551416666666666,no
sports_prop,KXMLBHRR-26JUL231310MINCLE-CLEJRAMREZ11-1,KXMLBHRR,2026-07-23 20:34:28.455000+00:00,99.0,3.0,-96.0,1676.84,5.77575,no
sports_prop,KXUFCROUNDS-26JUL11GREMCK-2,KXUFCROUNDS,2026-07-12 01:31:56.263000+00:00,98.0,2.0,-96.0,2.079,18.312283333333333,yes
sports_prop,KXUSL1HSPREAD-26JUL18SANLAS-SAN2,KXUSL1HSPREAD,2026-07-19 01:53:39.448000+00:00,98.0,2.0,-96.0,728.431,0.24253333333333332,no
sports_prop,KXMLBDRAFTPICK-26-4-GEME,KXMLBDRAFTPICK,2026-07-11 17:38:56.390000+00:00,1.0,97.0,96.0,142.113,38.710166666666666,no
sports_prop,KXCS2TOTALMAPS-26JUL120900BRUTEINN-3,KXCS2TOTALMAPS,2026-07-12 16:06:31.412000+00:00,1.0,97.0,96.0,0.21,113.39313333333334,yes
sports_prop,KXMLBKS-26JUL102215COLSF-COLTGORDON29-2,KXMLBKS,2026-07-11 04:07:36.244000+00:00,97.0,1.0,-96.0,0.081,112.47926666666666,no
sports_prop,KXPGAROUNDSCORE-THOC26R1-JNIC74,KXPGAROUNDSCORE,2026-07-16 09:57:43.156000+00:00,98.0,2.0,-96.0,285.053,1.9307333333333334,no
politics_events,KXMLBMENTION-26JUL12MILPIT-GRAN,KXMLBMENTION,2026-07-12 19:16:16.668000+00:00,98.0,2.0,-96.0,0.0,674.4055333333333,yes
sports_prop,KXNBASUMMER1HTOTAL-26JUL14SACBKN-91,KXNBASUMMER1HTOTAL,2026-07-14 22:55:12.389000+00:00,98.0,2.0,-96.0,13.266,40.29351666666667,no
sports_prop,KXPGAH2H-THOC26R4RMCIJSMI-RMCI,KXPGAH2H,2026-07-19 14:37:46.879000+00:00,98.0,2.0,-96.0,14732.038,11.818683333333333,no
sports_prop,KXNASCARTOP3-QUAS4AA26-BUWA,KXNASCARTOP3,2026-07-13 05:51:02.224000+00:00,97.0,1.0,-96.0,72.131,393.44626666666665,no
sports_prop,KXNPBSPREAD-26JUL170500YAKYOK-YOK3,KXNPBSPREAD,2026-07-16 13:33:57.483000+00:00,1.0,97.0,96.0,129.712,1355.9252833333333,yes
sports_prop,KXNASCARTOP3-QUAS4AA26-BUWA,KXNASCARTOP3,2026-07-13 05:49:06.787000+00:00,97.0,1.0,-96.0,27.664,395.3702166666667,no
sports_prop,KXWNBA4QWINNER-26JUL14PDXCONN-PDX,KXWNBA4QWINNER,2026-07-14 17:05:35.546000+00:00,1.0,97.0,96.0,166.521,1.9075666666666666,yes
politics_events,KXMLBMENTION-26JUL12MILPIT-GRAN,KXMLBMENTION,2026-07-12 19:16:16.668000+00:00,98.0,2.0,-96.0,0.0,674.4055333333333,yes
sports_prop,KXITFWDOUBLES-26JUL15BERPARSTOYES-BERPAR,KXITFWDOUBLES,2026-07-17 12:09:56.365000+00:00,3.0,99.0,96.0,6542.259,65.09391666666667,yes
sports_prop,KXITFMATCH-26JUL14STHGUE-STH,KXITFMATCH,2026-07-14 16:38:44.976000+00:00,3.0,99.0,96.0,0.0,31.867066666666666,yes
sports_prop,KXNBASUMMERTOTAL-26JUL11DENMIN-181,KXNBASUMMERTOTAL,2026-07-12 01:35:28.264000+00:00,99.0,3.0,-96.0,0.0,9.178933333333333,yes
sports_prop,KXWNBA3PT-26JUL15GSIND-INDKMITCHELL0-3,KXWNBA3PT,2026-07-16 02:03:12.469000+00:00,2.0,98.0,96.0,575.335,26.75885,yes
sports_prop,KXPGATOP40-THOC26-CJAR,KXPGATOP40,2026-07-19 14:40:03.488000+00:00,3.0,99.0,96.0,254.192,379.84186666666665,yes
sports_prop,KXPGAH2H-THOC26R3MSOUNECH-MSOU,KXPGAH2H,2026-07-18 15:55:09.764000+00:00,98.0,2.0,-96.0,13663.133,24.4706,no
sports_prop,KXWNBA4QTOTAL-26JUL09INDPHX-39,KXWNBA4QTOTAL,2026-07-10 04:08:48.502000+00:00,3.0,99.0,96.0,224.725,4.6249666666666664,yes
sports_prop,KXMLBHIT-26JUL171905LADNYY-NYYJDOMINGUEZ24-1,KXMLBHIT,2026-07-18 01:35:44.714000+00:00,3.0,99.0,96.0,0.0,25.3881,yes
sports_prop,KXWNBAPTS-26JUL17CONNPHX-PHXDBONNER14-10,KXWNBAPTS,2026-07-18 03:57:13.613000+00:00,97.0,1.0,-96.0,123.585,22.573116666666667,no
sports_game,KXLOLGAME-26JUL200630BRODRX-BRO,KXLOLGAME,2026-07-20 12:17:56.882000+00:00,3.0,99.0,96.0,0.0,31.601966666666666,no
sports_prop,KXNBASUMMER1HSPREAD-26JUL19DENTOR-TOR12,KXNBASUMMER1HSPREAD,2026-07-19 23:16:08.395000+00:00,1.0,97.0,96.0,49.493,39.293416666666666,no
sports_prop,KXPGAR3TOP10-THOC26-BDEC,KXPGAR3TOP10,2026-07-18 18:33:03.478000+00:00,1.0,97.0,96.0,5918.822,46.5087,yes
sports_game,KXLOLGAME-26JUL200630BRODRX-BRO,KXLOLGAME,2026-07-20 12:17:56.882000+00:00,99.0,3.0,-96.0,0.0,31.601966666666666,no
sports_prop,KXNWSLBTTS-26JUL18DENPTH-BTTS,KXNWSLBTTS,2026-07-18 19:12:08.125000+00:00,3.0,99.0,96.0,76.488,14.73125,yes
sports_prop,KXPGAH2H-THOC26R3TDETBCAU-TDET,KXPGAH2H,2026-07-18 18:23:54.204000+00:00,98.0,2.0,-96.0,10276.274,5.713266666666667,no
sports_prop,KXWNBAREB-26JUL20MINSEA-MINOMILES5-2,KXWNBAREB,2026-07-21 02:37:51.672000+00:00,3.0,99.0,96.0,1922.277,116.72213333333333,yes
sports_prop,KXLIGAMXSCORE-26JUL16TIJTIG-TIJ3TIG2,KXLIGAMXSCORE,2026-07-17 04:18:39.990000+00:00,97.0,1.0,-96.0,0.0,62.0835,no
sports_prop,KXNASCARTOP3-QUAS4AA26-BUWA,KXNASCARTOP3,2026-07-13 05:49:16.175000+00:00,1.0,97.0,96.0,9.388,395.21375,no
politics_events,KXSECPRESSMENTION-26AUG31-CORR,KXSECPRESSMENTION,2026-07-23 15:45:11.792000+00:00,99.0,3.0,-96.0,0.0,15.803466666666667,yes
sports_prop,KXWC2HSPREAD-26JUL19ESPARG-ARG2,KXWC2HSPREAD,2026-07-15 21:43:42.541000+00:00,98.0,2.0,-96.0,12.152,5731.6743166666665,no
sports_prop,KXKLEAGUE1HTOTAL-26JUL21JEJGAW-1,KXKLEAGUE1HTOTAL,2026-07-21 10:57:08.256000+00:00,1.0,97.0,96.0,3.034,26.379066666666667,yes
sports_prop,KXCLUBFTOTAL-26JUL23ALZWOR-6,KXCLUBFTOTAL,2026-07-23 18:07:57.613000+00:00,2.0,98.0,96.0,71252.214,19.539783333333332,yes
sports_prop,KXMLBKS-26JUL191215CWSTOR-CWSSBURKE59-5,KXMLBKS,2026-07-19 18:03:24.709000+00:00,2.0,98.0,96.0,496.153,38.02151666666666,yes
sports_prop,KXMLBASGKS-26JUL142000ALNL-ALBBAKER47-1,KXMLBASGKS,2026-07-15 03:14:09.546000+00:00,2.0,98.0,96.0,12.778,37.3909,no
sports_prop,KXPGAMAKECUT-THOC26-TKIM,KXPGAMAKECUT,2026-07-17 12:09:27.217000+00:00,99.0,3.0,-96.0,14983.164,540.76305,no
sports_prop,KXMLBHRR-26JUL101840MILPIT-MILCYELICH22-1,KXMLBHRR,2026-07-11 18:49:13.634000+00:00,3.0,99.0,96.0,2315.95,126.53943333333333,yes
sports_prop,KXMLBHRR-26JUL182008SFSEA-SFHRAMOS17-1,KXMLBHRR,2026-07-19 02:24:04.204000+00:00,1.0,97.0,96.0,0.478,76.27993333333333,yes
sports_prop,KXBRASILEIRO1HSPREAD-26JUL23CORCR-CR2,KXBRASILEIRO1HSPREAD,2026-07-23 18:03:05.891000+00:00,99.0,3.0,-96.0,0.0,320.98515,no
sports_prop,KXWNBA3PT-26JUL16NYDAL-NYJJONES35-2,KXWNBA3PT,2026-07-21 02:10:42.427000+00:00,3.0,99.0,96.0,32.463,34.14288333333333,no
sports_prop,KXCFLSPREAD-26JUL10TORWPG-WPG14,KXCFLSPREAD,2026-07-11 03:19:44.687000+00:00,97.0,1.0,-96.0,1318.594,24.655216666666668,no
sports_prop,KXMLBHIT-26JUL091945MILSTL-STLIHERRERA48-1,KXMLBHIT,2026-07-10 02:35:15.236000+00:00,97.0,1.0,-96.0,1416.572,19.612733333333335,no
crypto_hourly,KXETHD-26JUL2223-T1849.99,KXETHD,2026-07-23 02:02:42.708000+00:00,97.0,1.0,-96.0,32.993,57.2882,yes
sports_prop,KXNASCARTOP10-QUAS4AA26-TYGI,KXNASCARTOP10,2026-07-13 07:38:20.756000+00:00,99.0,3.0,-96.0,5974.847,286.32073333333335,yes
sports_prop,KXCFLSPREAD-26JUL10TORWPG-WPG21,KXCFLSPREAD,2026-07-11 03:15:23.892000+00:00,97.0,1.0,-96.0,1125.276,29.0018,no
sports_prop,KXCFLSPREAD-26JUL18MTLCGY-MTL4,KXCFLSPREAD,2026-07-18 22:48:40.425000+00:00,98.0,2.0,-96.0,958.511,55.84291666666667,yes
sports_prop,KXWCGOALCOMBO-26YAMWILOYA-7,KXWCGOALCOMBO,2026-07-19 21:53:01.435000+00:00,99.0,3.0,-96.0,84.905,56.77608333333333,no
sports_prop,KXCFLTOTAL-26JUL19WPGOTT-63,KXCFLTOTAL,2026-07-20 02:08:53.269000+00:00,2.0,98.0,96.0,20.565,78.21218333333333,yes
sports_prop,KXCLUBFBTTS-26JUL22NFOBLA-BTTS,KXCLUBFBTTS,2026-07-22 11:16:57.490000+00:00,3.0,99.0,96.0,12.824,35.2585,no
sports_prop,KXUFCROUNDS-26JUL11GREMCK-2,KXUFCROUNDS,2026-07-12 01:33:00.700000+00:00,3.0,99.0,96.0,39.217,17.238333333333333,yes
sports_prop,KXWNBA2HSPREAD-26JUL20NYDAL-DAL2,KXWNBA2HSPREAD,2026-07-21 02:45:09.352000+00:00,1.0,97.0,96.0,527.566,0.2108,yes
sports_prop,KXMLBKS-26JUL101845NYYWSH-NYYRWEATHERS40-8,KXMLBKS,2026-07-11 02:26:06.817000+00:00,1.0,97.0,96.0,0.0,94.31971666666666,no
sports_prop,KXWCSCOREET-26JUL19ESPARG-ESP2ARG1,KXWCSCOREET,2026-07-19 21:35:07.214000+00:00,99.0,3.0,-96.0,34.116,39.0631,no
sports_prop,KXWCGOAL-26JUL11ARGSUI-ARGEFERNA8-2,KXWCGOAL,2026-07-12 03:05:01.400000+00:00,98.0,2.0,-96.0,0.0,0.32666666666666666,no
sports_prop,KXMLBKS-26JUL181910PITCLEG2-CLELALLEN26-4,KXMLBKS,2026-07-19 02:16:47.929000+00:00,1.0,97.0,96.0,0.0,68.10118333333334,no
sports_prop,KXUFCROUNDS-26JUL18MELBAR-2,KXUFCROUNDS,2026-07-18 21:17:50.836000+00:00,2.0,98.0,96.0,0.139,12.752733333333333,yes
sports_prop,KXWNBA3PT-26JUL16NYDAL-NYSIONESCU20-2,KXWNBA3PT,2026-07-21 02:15:54.006000+00:00,3.0,99.0,96.0,886.728,28.966566666666665,yes
sports_prop,KXMLBASGMVP-26-BRICE22,KXMLBASGMVP,2026-07-13 15:31:42.680000+00:00,97.0,1.0,-96.0,18673.887,2153.272,no
sports_prop,KXMLBF5SPREAD-26JUL221410NYMMIL-MIL2,KXMLBF5SPREAD,2026-07-22 20:00:24.230000+00:00,97.0,1.0,-96.0,0.022,4.512833333333333,no
crypto_hourly,KXBTCD-26JUL1200-T64499.99,KXBTCD,2026-07-12 03:01:29.070000+00:00,2.0,98.0,96.0,0.0,58.5155,no
sports_prop,KXCFLTOTAL-26JUL19WPGOTT-49,KXCFLTOTAL,2026-07-20 01:44:58.761000+00:00,3.0,99.0,96.0,1913.527,102.12065,yes
sports_prop,KXWCGOAL-26JUL11ARGSUI-ARGEFERNA8-2,KXWCGOAL,2026-07-12 03:05:01.400000+00:00,1.0,97.0,96.0,0.0,0.32666666666666666,no
sports_prop,KXNASCARTOP10-QUAS4AA26-TYGI,KXNASCARTOP10,2026-07-13 10:36:12.803000+00:00,3.0,99.0,96.0,10672.047,108.45328333333333,yes
sports_prop,KXITFDOUBLES-26JUL15BOJLIMHOLTEN-BOJLIM,KXITFDOUBLES,2026-07-15 14:47:17.110000+00:00,98.0,2.0,-96.0,1003.31,3.2481666666666666,no
sports_prop,KXMLBHRR-26JUL171915CWSTOR-TORVGUERRERO27-2,KXMLBHRR,2026-07-18 02:06:29.497000+00:00,98.0,2.0,-96.0,2367.35,49.65838333333333,no
sports_prop,KXMLBHRR-26JUL172010BALHOU-BALGHENDERSON2-3,KXMLBHRR,2026-07-18 03:23:20.016000+00:00,97.0,1.0,-96.0,3615.124,115.53306666666667,no
sports_prop,KXWCGOAL-26JUL11ARGSUI-ARGEFERNA8-2,KXWCGOAL,2026-07-12 03:05:01.400000+00:00,2.0,98.0,96.0,0.0,0.32666666666666666,no
sports_prop,KXNBASUMMER1HTOTAL-26JUL14SACBKN-91,KXNBASUMMER1HTOTAL,2026-07-14 22:55:25.484000+00:00,2.0,98.0,96.0,13.095,40.075266666666664,no
sports_prop,KXMLBKS-26JUL231715AZSTL-AZBPFAADT32-3,KXMLBKS,2026-07-23 23:03:26.713000+00:00,3.0,99.0,96.0,51.533,71.58811666666666,no
sports_prop,KXMLBKS-26JUL172010BALHOU-BALDKREMER64-2,KXMLBKS,2026-07-18 00:43:38.426000+00:00,1.0,97.0,96.0,37.23,167.1429,yes
sports_prop,KXNBASUMMER1HSPREAD-26JUL14DENOKC-DEN7,KXNBASUMMER1HSPREAD,2026-07-15 01:54:07.317000+00:00,2.0,98.0,96.0,1.971,35.611383333333336,yes
crypto_hourly,KXBTCD-26JUL1201-T64999.99,KXBTCD,2026-07-12 04:01:20.149000+00:00,2.0,98.0,96.0,0.0,58.664183333333334,no
crypto_hourly,KXBTCD-26JUL1200-T64499.99,KXBTCD,2026-07-12 03:01:29.070000+00:00,3.0,99.0,96.0,0.0,58.5155,no
sports_prop,KXUELFTTS-26JUL23QARCSK-QAR,KXUELFTTS,2026-07-23 11:00:52.609000+00:00,98.0,2.0,-96.0,273.111,499.77318333333335,no
sports_prop,KXMLBF5SPREAD-26JUL221410NYMMIL-MIL2,KXMLBF5SPREAD,2026-07-22 20:00:22.243000+00:00,1.0,97.0,96.0,0.598,4.54595,no
sports_prop,KXPPLMATCH-26JUL11NYATPB-NYA,KXPPLMATCH,2026-07-12 03:50:58.704000+00:00,97.0,1.0,-96.0,3734.183,76.30493333333334,no
sports_prop,KXBRASILEIROTEAMTOTAL-26JUL17FLURBB-RBB2,KXBRASILEIROTEAMTOTAL,2026-07-18 01:10:45.513000+00:00,96.0,1.0,-95.0,0.0,9.608116666666668,no
sports_prop,KXNBASUMMERTOTAL-26JUL11DENMIN-181,KXNBASUMMERTOTAL,2026-07-12 01:35:28.264000+00:00,4.0,99.0,95.0,0.0,9.178933333333333,yes
sports_prop,KXNASCARTOP10-LIU26-LALE,KXNASCARTOP10,2026-07-11 20:14:23.432000+00:00,4.0,99.0,95.0,6422.195,75.40946666666666,yes
sports_prop,KXMLBHIT-26JUL191410SDKC-SDTFRANCE4-2,KXMLBHIT,2026-07-19 20:57:27.486000+00:00,2.0,97.0,95.0,2878.876,18.9919,yes
sports_prop,KXMLBRBI-26JUL172138DETLAA-LAAJSOLER12-3,KXMLBRBI,2026-07-18 04:12:23.104000+00:00,97.0,2.0,-95.0,923.014,13.2816,no
sports_prop,KXCFLSPREAD-26JUL19WPGOTT-OTT8,KXCFLSPREAD,2026-07-20 02:11:56.718000+00:00,96.0,1.0,-95.0,4064.983,62.53803333333333,no
sports_prop,KXNWSLTOTAL-26JUL17KCSAN-5,KXNWSLTOTAL,2026-07-18 02:07:06.092000+00:00,1.0,96.0,95.0,47.584,-0.40153333333333335,no
sports_prop,KXCLUBFTOTAL-26JUL23VENP98-6,KXCLUBFTOTAL,2026-07-23 16:36:35.657000+00:00,96.0,1.0,-95.0,1673.756,31.18905,yes
sports_prop,KXCLUBFTOTAL-26JUL23VENP98-5,KXCLUBFTOTAL,2026-07-23 16:08:59.673000+00:00,98.0,3.0,-95.0,145.839,54.23878333333333,yes
sports_prop,KXMLS1HBTTS-26JUL22LAFCRSL-BTTS,KXMLS1HBTTS,2026-07-23 03:14:39.337000+00:00,97.0,2.0,-95.0,1876.147,19.477716666666666,no
sports_prop,KXPGAH2H-THOC26R3JTHOHMAT-HMAT,KXPGAH2H,2026-07-18 13:45:17.142000+00:00,97.0,2.0,-95.0,181.273,84.38096666666667,yes
sports_prop,KXWCSCOREET-26JUL19ESPARG-ESP2ARG1,KXWCSCOREET,2026-07-19 21:36:11.441000+00:00,96.0,1.0,-95.0,5.526,37.99265,no
sports_prop,KXCS2TOTALMAPS-26JUL120900MOUZNBW-3,KXCS2TOTALMAPS,2026-07-12 15:21:41.870000+00:00,1.0,96.0,95.0,908.905,62.8355,yes
sports_prop,KXUSLBTTS-26JUL18PITLFC-BTTS,KXUSLBTTS,2026-07-18 17:33:30.968000+00:00,1.0,96.0,95.0,32.758,13.233866666666666,yes
sports_prop,KXLOLMAP-26JUL011900LGAKITS-2-LGA,KXLOLMAP,2026-07-14 01:03:09.312000+00:00,3.0,98.0,95.0,968.348,11.4948,no
sports_prop,KXWCGOALCOMBO-26KANDEMHAA-21,KXWCGOALCOMBO,2026-07-18 22:56:04.118000+00:00,97.0,2.0,-95.0,59411.163,28.2647,no
sports_prop,KXNBASUMMER1HTOTAL-26JUL14SACBKN-91,KXNBASUMMER1HTOTAL,2026-07-14 22:35:23.024000+00:00,96.0,1.0,-95.0,230.958,60.11626666666667,no
sports_prop,KXCFLSPREAD-26JUL18MTLCGY-MTL8,KXCFLSPREAD,2026-07-18 23:04:42.572000+00:00,97.0,2.0,-95.0,2942.779,39.80713333333333,no
sports_prop,KXWNBA3PT-26JUL18NYIND-NYSIONESCU20-3,KXWNBA3PT,2026-07-19 02:19:04.922000+00:00,1.0,96.0,95.0,25.6,75.46796666666667,no
sports_game,KXBOXING-26JUL18AGUILAWIGGIN-AGUILA,KXBOXING,2026-07-18 23:25:45.515000+00:00,96.0,1.0,-95.0,120.019,23.791416666666667,no
sports_prop,KXMLBHIT-26JUL212140ATHAZ-ATHJWILSON5-1,KXMLBHIT,2026-07-22 04:23:54.045000+00:00,3.0,98.0,95.0,2603.785,51.16591666666667,yes
sports_prop,KXPGAR1TOP10-COPC26-JDUF,KXPGAR1TOP10,2026-07-15 17:35:48.070000+00:00,1.0,96.0,95.0,1349.957,1764.6655,no
sports_prop,KXCFLSPREAD-26JUL11CGYMTL-MTL4,KXCFLSPREAD,2026-07-12 01:20:20.240000+00:00,1.0,96.0,95.0,1614.126,69.26266666666666,yes
sports_prop,KXMLBHIT-26JUL172210SFSEA-SEALRALEY20-1,KXMLBHIT,2026-07-18 02:42:29.112000+00:00,97.0,2.0,-95.0,25.734,153.2648,yes
sports_prop,KXLOLMAP-26JUL011900LGAKITS-1-LGA,KXLOLMAP,2026-07-14 00:14:59.354000+00:00,96.0,1.0,-95.0,3496.797,9.660766666666667,no
sports_prop,KXWCSCOREET-26JUL19ESPARG-ESP2ARG1,KXWCSCOREET,2026-07-19 21:36:05.915000+00:00,1.0,96.0,95.0,10.486,38.08475,no
crypto_hourly,KXBTCD-26JUL1302-T61599.99,KXBTCD,2026-07-13 05:00:44.237000+00:00,98.0,3.0,-95.0,0.0,59.26271666666667,yes
sports_prop,KXMLBHRR-26JUL161910NYMPHI-PHIBHARPER3-3,KXMLBHRR,2026-07-17 00:50:03.069000+00:00,96.0,1.0,-95.0,3325.595,59.715516666666666,no
sports_prop,KXWNBA2QSPREAD-26JUL09SEAATL-ATL13,KXWNBA2QSPREAD,2026-07-10 01:04:25.609000+00:00,1.0,96.0,95.0,439.853,41.18985,no
sports_prop,KXMLBTB-26JUL101845NYYWSH-NYYPGOLDSCHMIDT48-4,KXMLBTB,2026-07-11 03:53:48.443000+00:00,96.0,1.0,-95.0,10907.109,56.409283333333335,no
sports_prop,KXMLBF5SPREAD-26JUL221410NYMMIL-MIL2,KXMLBF5SPREAD,2026-07-22 20:00:23.101000+00:00,2.0,97.0,95.0,0.116,4.53165,no
sports_prop,KXRUGBYESLMATCH-26JUL18TOUYOR-YOR,KXRUGBYESLMATCH,2026-07-18 19:55:37.309000+00:00,1.0,96.0,95.0,576.438,64.19485,no
sports_prop,KXMLBOUTS-26JUL111905HOUTEX-TEXKROCKER80-16,KXMLBOUTS,2026-07-12 00:41:22.639000+00:00,1.0,96.0,95.0,935.075,98.88935,yes
sports_prop,KXMLBKS-26JUL202005DETCHC-CHCJTAILLON50-4,KXMLBKS,2026-07-21 01:32:26.749000+00:00,2.0,97.0,95.0,354.02,162.50418333333334,yes
sports_prop,KXMLBTOTAL-26JUL221840LADPHI-14,KXMLBTOTAL,2026-07-23 01:46:20.258000+00:00,4.0,99.0,95.0,0.317,8.129033333333334,yes
sports_prop,KXLIGAMXSCORE-26JUL16TIJTIG-TIJ3TIG2,KXLIGAMXSCORE,2026-07-17 04:18:39.990000+00:00,2.0,97.0,95.0,2731.625,62.0835,no
sports_prop,KXLIGAMXSCORE-26JUL16TIJTIG-TIJ3TIG1,KXLIGAMXSCORE,2026-07-17 05:16:17.602000+00:00,4.0,99.0,95.0,22.381,4.4566333333333334,yes
sports_prop,KXMLBHIT-26JUL121340SEATB-TBYDIAZ2-2,KXMLBHIT,2026-07-12 19:54:23.434000+00:00,2.0,97.0,95.0,315.331,52.292766666666665,yes
sports_prop,KXMLBKS-26JUL102215COLSF-SFRRAY38-6,KXMLBKS,2026-07-11 03:39:00.369000+00:00,2.0,97.0,95.0,12.998,141.06051666666667,no
sports_prop,KXMLBHRR-26JUL202040WSHCOL-WSHJWOOD29-3,KXMLBHRR,2026-07-21 03:00:05.116000+00:00,2.0,97.0,95.0,637.129,20.114733333333334,yes
sports_prop,KXWCTEAMFIRSTGOAL-26JUL11NORENG-ENG-AGORDO10,KXWCTEAMFIRSTGOAL,2026-07-11 21:12:05.568000+00:00,96.0,1.0,-95.0,4309.45,57.540533333333336,no
sports_prop,KXMLBKS-26JUL202210STLLAA-LAAJSORIANO59-5,KXMLBKS,2026-07-21 03:23:36.142000+00:00,4.0,99.0,95.0,112.132,82.13096666666667,yes
sports_prop,KXMLBKS-26JUL221305PITNYYG1-NYYGCOLE45-11,KXMLBKS,2026-07-22 18:34:32.909000+00:00,4.0,99.0,95.0,341.247,111.31818333333334,yes
sports_prop,KXMLBHRR-26JUL211940NYMMIL-MILJORTIZ3-1,KXMLBHRR,2026-07-22 01:33:23.071000+00:00,4.0,99.0,95.0,3355.416,77.91548333333333,yes
sports_prop,KXMLBSPREAD-26JUL221915SDATL-ATL3,KXMLBSPREAD,2026-07-23 02:02:42.004000+00:00,4.0,99.0,95.0,0.0,6.783266666666667,no
crypto_hourly,KXBTCD-26JUL1200-T64499.99,KXBTCD,2026-07-12 03:01:29.070000+00:00,98.0,3.0,-95.0,0.0,58.5155,no
sports_prop,KXMLBSPREAD-26JUL221915SDATL-ATL3,KXMLBSPREAD,2026-07-23 02:02:42.004000+00:00,99.0,4.0,-95.0,0.0,6.783266666666667,no
sports_prop,KXMLBHRR-26JUL221840MINCLE-MINAJACKSON70-5,KXMLBHRR,2026-07-22 23:53:53.934000+00:00,3.0,98.0,95.0,7643.441,137.08443333333332,yes
sports_prop,KXMLBHIT-26JUL171910PITCLE-CLESKWAN38-2,KXMLBHIT,2026-07-18 19:12:41.218000+00:00,3.0,98.0,95.0,523.998,73.0297,yes
sports_prop,KXMLBHRR-26JUL221840LADPHI-LADMBETTS50-1,KXMLBHRR,2026-07-23 01:08:27.533000+00:00,4.0,99.0,95.0,329.047,53.04111666666667,yes
sports_prop,KXMLBF5-26JUL201905PITNYY-NYY,KXMLBF5,2026-07-21 00:36:41.951000+00:00,98.0,3.0,-95.0,0.0,28.100816666666667,yes
politics_events,KXEARNINGSMENTIONMS-26JUL15-RECE,KXEARNINGSMENTIONMS,2026-07-15 13:30:18.932000+00:00,96.0,1.0,-95.0,188.426,179.43446666666668,no
crypto_hourly,KXBTCD-26JUL1302-T61599.99,KXBTCD,2026-07-13 05:02:25.758000+00:00,3.0,98.0,95.0,101.521,57.5707,yes
sports_prop,KXMLBTB-26JUL182207DETLAA-DETDDINGLER13-3,KXMLBTB,2026-07-19 04:33:30.048000+00:00,96.0,1.0,-95.0,525.841,11.3492,no
politics_events,KXTRUMPTIME-26JUL18-H1,KXTRUMPTIME,2026-07-16 05:02:58.733000+00:00,3.0,98.0,95.0,12213.409,3417.021116666667,yes
crypto_hourly,KXETHD-26JUL1221-T1899.99,KXETHD,2026-07-13 00:11:12.420000+00:00,2.0,97.0,95.0,0.0,48.793,no
sports_prop,KXPGABOGEYFREE-THOC26FT-6,KXPGABOGEYFREE,2026-07-19 11:13:29.811000+00:00,1.0,96.0,95.0,253377.839,465.5364833333333,yes
sports_prop,KXUFCROUNDS-26JUL11GREMCK-2,KXUFCROUNDS,2026-07-12 01:32:21.483000+00:00,98.0,3.0,-95.0,0.0,17.89195,yes
sports_game,KXLOLGAME-26JUL200630BRODRX-BRO,KXLOLGAME,2026-07-20 12:17:56.882000+00:00,4.0,99.0,95.0,0.0,31.601966666666666,no
sports_prop,KXMLBSB-26JUL231310MINCLE-CLEPBAILEY16-1,KXMLBSB,2026-07-23 20:34:15.819000+00:00,96.0,1.0,-95.0,78.8,6.219683333333333,no
sports_prop,KXMLBKS-26JUL111605COLSF-SFTMAHLE54-4,KXMLBKS,2026-07-11 21:55:02.127000+00:00,3.0,98.0,95.0,214.466,35.531216666666666,yes
sports_prop,KXWNBA3QSPREAD-26JUL13PHXMIN-PHX2,KXWNBA3QSPREAD,2026-07-14 02:41:15.660000+00:00,3.0,98.0,95.0,35.213,38.605666666666664,yes
crypto_hourly,KXBTC-26JUL1002-B65150,KXBTC,2026-07-10 05:50:39.606000+00:00,96.0,1.0,-95.0,2966.999,9.3399,no
sports_prop,KXWNBAREB-26JUL13LAATL-ATLJCANADA3-2,KXWNBAREB,2026-07-14 00:54:20.345000+00:00,3.0,98.0,95.0,166.344,58.29425,yes
sports_prop,KXWNBA2QWINNER-26JUL16NYDAL-DAL,KXWNBA2QWINNER,2026-07-21 00:48:53.511000+00:00,98.0,3.0,-95.0,243.51,41.32481666666666,no
sports_prop,KXCYCLINGSTAGE-26TDFRSTAGE14-BHEA,KXCYCLINGSTAGE,2026-07-18 12:26:23.113000+00:00,1.0,95.0,94.0,0.0,383.3647833333333,no
sports_prop,KXCYCLINGSTAGE-26TDFRSTAGE14-BOCO,KXCYCLINGSTAGE,2026-07-18 14:17:05.543000+00:00,95.0,1.0,-94.0,0.0,272.6576166666667,no
sports_prop,KXMLBHIT-26JUL111605COLSF-SFJLEE51-1,KXMLBHIT,2026-07-11 22:17:47.842000+00:00,97.0,3.0,-94.0,1158.987,22.985966666666666,no
sports_prop,KXWCSCOREET-26JUL19ESPARG-ESP0ARG0,KXWCSCOREET,2026-07-19 21:29:08.693000+00:00,97.0,3.0,-94.0,17.984,18.121783333333333,no
sports_prop,KXCYCLINGSTAGE-26TDFRSTAGE15-REVE,KXCYCLINGSTAGE,2026-07-19 15:30:52.137000+00:00,1.0,95.0,94.0,197.366,382.28105,yes
sports_prop,KXMLBHRR-26JUL102140TORSD-SDFTATIS23-2,KXMLBHRR,2026-07-11 04:30:28.320000+00:00,95.0,1.0,-94.0,200.995,4.978,no
sports_prop,KXMLBOUTS-26JUL182008SFSEA-SEABWOO22-18,KXMLBOUTS,2026-07-19 01:43:13.667000+00:00,99.0,5.0,-94.0,0.0,92.35555,yes
sports_prop,KXMLBHRR-26JUL101840PHIDET-PHITTURNER7-1,KXMLBHRR,2026-07-11 01:14:11.091000+00:00,96.0,2.0,-94.0,2004.545,11.498483333333333,no
sports_prop,KXCYCLINGSTAGE-26TDFRSTAGE14-BHEA,KXCYCLINGSTAGE,2026-07-18 12:26:23.113000+00:00,95.0,1.0,-94.0,0.0,383.3647833333333,no
sports_prop,KXMLSFTTS-26JUL17LAGLAFC-LAFC,KXMLSFTTS,2026-07-18 03:05:52.959000+00:00,5.0,99.0,94.0,211.375,4.96735,yes
sports_prop,KXITFWDOUBLES-26JUL16LIXOUNWANZHA-WANZHA,KXITFWDOUBLES,2026-07-16 15:31:57.503000+00:00,95.0,1.0,-94.0,21.89,3.1416166666666667,no
sports_prop,KXCYCLINGSTAGE-26TDFRSTAGE14-QSIM,KXCYCLINGSTAGE,2026-07-18 14:26:15.628000+00:00,1.0,95.0,94.0,0.0,263.4895333333333,no
sports_prop,KXWNBA3QWINNER-26JUL12SEAWSH-SEA,KXWNBA3QWINNER,2026-07-12 20:38:14.337000+00:00,1.0,95.0,94.0,2.669,39.36105,no
sports_prop,KXCYCLINGSTAGE-26TDFRSTAGE14-BOCO,KXCYCLINGSTAGE,2026-07-18 14:17:05.543000+00:00,1.0,95.0,94.0,0.0,272.6576166666667,no
sports_prop,KXITFMATCH-26JUL14STHGUE-STH,KXITFMATCH,2026-07-14 16:43:24.077000+00:00,2.0,96.0,94.0,1.089,27.21538333333333,yes
sports_prop,KXUECLTEAMTOTAL-26JUL23MALHIB-HIB2,KXUECLTEAMTOTAL,2026-07-23 15:26:18.050000+00:00,3.0,97.0,94.0,528.805,59.7825,no
sports_prop,KXWNBA4QSPREAD-26JUL10CHILA-LA2,KXWNBA4QSPREAD,2026-07-11 04:04:03.122000+00:00,1.0,95.0,94.0,50.32,3.5313,yes
sports_prop,KXCYCLINGSTAGE-26TDFRSTAGE12-REVE,KXCYCLINGSTAGE,2026-07-16 01:25:20.603000+00:00,95.0,1.0,-94.0,172047.302,954.53995,no
sports_prop,KXCYCLINGSTAGE-26TDFRSTAGE13-HTEJ,KXCYCLINGSTAGE,2026-07-17 15:33:33.940000+00:00,95.0,1.0,-94.0,8.394,116.28433333333334,no
sports_prop,KXCYCLINGSTAGE-26TDFRSTAGE14-QSIM,KXCYCLINGSTAGE,2026-07-18 14:26:15.628000+00:00,95.0,1.0,-94.0,0.0,263.4895333333333,no
sports_prop,KXKBORFI-26JUL170500KIWHAN-Y,KXKBORFI,2026-07-17 09:16:41.401000+00:00,98.0,4.0,-94.0,522.49,183.37665,no
sports_prop,KXCYCLINGSTAGE-26TDFRSTAGE9-RCAR,KXCYCLINGSTAGE,2026-07-12 04:14:33.041000+00:00,95.0,1.0,-94.0,34569.855,885.5993166666667,no
sports_prop,KXITFDOUBLES-26JUL15SHESURELYYAZ-SHESUR,KXITFDOUBLES,2026-07-15 08:15:21.848000+00:00,99.0,5.0,-94.0,508.968,10.202533333333333,no
sports_prop,KXVALORANTMAP-26JUL201930SADSWIM-1-SAD,KXVALORANTMAP,2026-07-20 23:43:16.782000+00:00,95.0,1.0,-94.0,688.401,16.6703,no
sports_prop,KXCLUBFTOTAL-26JUL23VENP98-5,KXCLUBFTOTAL,2026-07-23 16:35:15.739000+00:00,3.0,97.0,94.0,1576.066,27.971016666666667,yes
sports_prop,KXCLUBFTOTAL-26JUL22CDNLEG-1,KXCLUBFTOTAL,2026-07-22 11:56:50.244000+00:00,98.0,4.0,-94.0,2272.639,40.8126,no
sports_prop,KXWNBA3QTOTAL-26JUL12CHIDAL-52,KXWNBA3QTOTAL,2026-07-13 00:27:58.487000+00:00,1.0,95.0,94.0,968.103,32.05855,yes
sports_prop,KXWNBA3QTOTAL-26JUL10CHILA-49,KXWNBA3QTOTAL,2026-07-11 03:28:15.579000+00:00,95.0,1.0,-94.0,735.459,39.24035,no
sports_prop,KXUFCVICROUND-26JUL18BASDEL-DEL1,KXUFCVICROUND,2026-07-18 23:47:37.970000+00:00,97.0,3.0,-94.0,20.819,37.3005,no
sports_prop,KXCLUBFSPREAD-26JUL24RBKMUN-MUN3,KXCLUBFSPREAD,2026-07-24 17:30:38.199000+00:00,99.0,5.0,-94.0,9.886,22.080016666666666,yes
sports_prop,KXMLBDRAFTPICK-26-4-GEME,KXMLBDRAFTPICK,2026-07-11 17:38:56.390000+00:00,97.0,3.0,-94.0,0.0,38.710166666666666,no
sports_prop,KXCLUBFSPREAD-26JUL24KOBGIE-KOB2,KXCLUBFSPREAD,2026-07-24 19:12:28.103000+00:00,1.0,95.0,94.0,71.902,4.96495,no
sports_prop,KXMLBKS-26JUL191410MIAMIL-MILRGASSER54-6,KXMLBKS,2026-07-19 19:37:45.658000+00:00,97.0,3.0,-94.0,1040.936,87.98903333333334,no
sports_prop,KXECULPSPREAD-26JUL22MANLDU-MAN3,KXECULPSPREAD,2026-07-23 02:00:16.400000+00:00,96.0,2.0,-94.0,30.168,7.176666666666667,no
crypto_hourly,KXBTC-26JUL2307-B65650,KXBTC,2026-07-23 10:59:56.142000+00:00,99.0,5.0,-94.0,0.819,0.0643,no
sports_prop,KXCLUBFTOTAL-26JUL23VENP98-6,KXCLUBFTOTAL,2026-07-23 16:08:41.901000+00:00,2.0,96.0,94.0,32977.776,59.084983333333334,yes
sports_prop,KXCLUBFSPREAD-26JUL24KOBGIE-KOB2,KXCLUBFSPREAD,2026-07-24 19:14:42.113000+00:00,95.0,1.0,-94.0,134.01,2.73145,no
sports_prop,KXMLBASGKS-26JUL142000ALNL-ALJRYAN41-3,KXMLBASGKS,2026-07-15 01:42:29.458000+00:00,99.0,5.0,-94.0,76.995,129.05903333333333,no
sports_prop,KXPGA3BALL-THOC26R2HMATBGRIMLEE-BGRI,KXPGA3BALL,2026-07-17 18:25:22.290000+00:00,97.0,3.0,-94.0,101.927,24.3785,no
sports_prop,KXMLBHRDERBYOU-26R2-JCAMINERO13-7,KXMLBHRDERBYOU,2026-07-14 01:45:26.476000+00:00,96.0,2.0,-94.0,26.038,7.0754,no
sports_prop,KXMLBRBI-26JUL212040WSHCOL-WSHCMEAD17-3,KXMLBRBI,2026-07-22 03:31:49.560000+00:00,98.0,4.0,-94.0,54.662,18.524,no
sports_prop,KXCYCLINGSTAGE-26TDFRSTAGE18-HART,KXCYCLINGSTAGE,2026-07-23 11:02:40.308000+00:00,1.0,95.0,94.0,28.506,496.99486666666667,no
sports_prop,KXPGAMAKECUT-THOC26-NRUI,KXPGAMAKECUT,2026-07-16 20:26:11.139000+00:00,96.0,2.0,-94.0,10465.129,1484.01435,no
sports_prop,KXMLBKS-26JUL221510WSHCOL-WSHCCAVALLI24-8,KXMLBKS,2026-07-22 21:06:42.178000+00:00,1.0,95.0,94.0,255.974,71.33036666666666,yes
sports_prop,KXMLBKS-26JUL222010MIAHOU-MIASALCANTARA22-4,KXMLBKS,2026-07-23 02:26:17.085000+00:00,1.0,95.0,94.0,0.0,19.36525,no
sports_prop,KXPGAR2TOP10-THOC26-MAP,KXPGAR2TOP10,2026-07-17 03:11:05.093000+00:00,4.0,98.0,94.0,0.0,1078.89845,no
sports_prop,KXMLBHRR-26JUL171915TEXATL-TEXNLOPE33-2,KXMLBHRR,2026-07-18 01:53:11.906000+00:00,3.0,97.0,94.0,5968.321,62.90156666666667,yes
sports_prop,KXKLEAGUE1H-26JUL18INCJEO-INC,KXKLEAGUE1H,2026-07-18 11:23:11.572000+00:00,5.0,99.0,94.0,257.393,2.4071333333333333,yes
sports_prop,KXWNBA3PT-26JUL22PHXLA-LACBRINK22-1,KXWNBA3PT,2026-07-22 20:38:30.309000+00:00,1.0,95.0,94.0,2516.064,41.511516666666665,yes
sports_prop,KXWNBA2QTOTAL-26JUL19CHIATL-40,KXWNBA2QTOTAL,2026-07-19 21:05:43.357000+00:00,95.0,1.0,-94.0,17.956,42.04405,no
sports_prop,KXMLBRBI-26JUL201940SFKC-KCICOLLINS1-1,KXMLBRBI,2026-07-21 00:42:43.151000+00:00,1.0,95.0,94.0,1586.826,93.89748333333333,yes
sports_prop,KXJOINCLUB-26OCT02MROGERS-CFC,KXJOINCLUB,2026-07-18 17:31:33.327000+00:00,1.0,95.0,94.0,0.0,5962.677883333334,yes
sports_prop,KXMLBF3-26JUL211840MINCLE-TIE,KXMLBF3,2026-07-21 23:24:12.217000+00:00,99.0,5.0,-94.0,55.819,5.879716666666667,no
sports_prop,KXWCGOAL-26JUL11NORENG-ENGMROGER27-1,KXWCGOAL,2026-07-11 22:55:38.138000+00:00,95.0,1.0,-94.0,39.895,59.1477,no
sports_prop,KXWNBA2QTOTAL-26JUL19CHIATL-37,KXWNBA2QTOTAL,2026-07-19 21:04:22.094000+00:00,97.0,3.0,-94.0,1543.248,43.381766666666664,yes
sports_prop,KXMLBKS-26JUL102215COLSF-COLTGORDON29-4,KXMLBKS,2026-07-11 04:07:36.154000+00:00,95.0,1.0,-94.0,0.0,112.48076666666667,no
sports_prop,KXMLSFTTS-26JUL17LAGLAFC-LAFC,KXMLSFTTS,2026-07-18 03:02:21.584000+00:00,99.0,5.0,-94.0,1474.823,8.490266666666667,yes
sports_prop,KXDOTA2MAP-26JUL231200AOILVLUP-2-LVLUP,KXDOTA2MAP,2026-07-23 22:11:13.896000+00:00,95.0,1.0,-94.0,953.128,5.4850666666666665,no
sports_prop,KXCLUBFSPREAD-26JUL21LOUDUS-DUS3,KXCLUBFSPREAD,2026-07-21 20:33:51.627000+00:00,3.0,97.0,94.0,60.791,38.17288333333333,yes
sports_prop,KXMLBHIT-26JUL191920LADNYYG2-LADMROJAS72-2,KXMLBHIT,2026-07-20 02:09:57.122000+00:00,1.0,95.0,94.0,0.0,10.3313,no
sports_prop,KXMLBHRR-26JUL211907TBTOR-TBJARANDA8-2,KXMLBHRR,2026-07-22 01:52:15.330000+00:00,1.0,95.0,94.0,940.171,28.427833333333332,yes
sports_prop,KXWNBA4QTOTAL-26JUL10GSCONN-37,KXWNBA4QTOTAL,2026-07-11 01:25:23.007000+00:00,5.0,99.0,94.0,321.148,4.71655,yes
sports_prop,KXCS2MAP-26JUL241000VEXEXR-2-VEX,KXCS2MAP,2026-07-24 15:36:27.355000+00:00,96.0,2.0,-94.0,246.288,8.527416666666667,no
politics_events,KXSAOTOMEPRES-26JUL19-MBON,KXSAOTOMEPRES,2026-07-20 02:53:13.989000+00:00,96.0,2.0,-94.0,0.0,4010.1835166666665,no
sports_prop,KXWC1HTOTAL-26JUL11NORENG-3,KXWC1HTOTAL,2026-07-11 21:50:33.845000+00:00,1.0,95.0,94.0,0.317,-0.11408333333333333,no
sports_prop,KXMLBTEAMTOTAL-26JUL191410MIAMIL-MIL3,KXMLBTEAMTOTAL,2026-07-19 20:59:44.664000+00:00,99.0,5.0,-94.0,0.0,4.738933333333334,yes
sports_prop,KXWNBA4QTOTAL-26JUL20LVTOR-41,KXWNBA4QTOTAL,2026-07-21 02:06:26.483000+00:00,1.0,95.0,94.0,615.985,3.84195,yes
sports_prop,KXPGAROUNDLOW-THOC26R3-67,KXPGAROUNDLOW,2026-07-18 03:32:04.145000+00:00,99.0,5.0,-94.0,12307.342,1348.8975833333334,yes
sports_prop,KXWCSCOREET-26JUL19ESPARG-ESP3ARG0,KXWCSCOREET,2026-07-19 21:31:24.591000+00:00,98.0,4.0,-94.0,59.398,42.77348333333333,no
sports_prop,KXNBASUMMER1HSPREAD-26JUL15INDMIN-MIN10,KXNBASUMMER1HSPREAD,2026-07-15 20:25:23.774000+00:00,2.0,96.0,94.0,53.238,32.070433333333334,yes
sports_prop,KXLIGAMXFTTS-26JUL16NCXALA-NONE,KXLIGAMXFTTS,2026-07-17 01:53:44.910000+00:00,1.0,95.0,94.0,1407.471,67.28483333333334,no
sports_prop,KXPGAROUNDLOW-THOC26R3-67,KXPGAROUNDLOW,2026-07-18 06:00:23.867000+00:00,5.0,99.0,94.0,8899.722,1200.5688833333334,yes
sports_prop,KXPGAMAKECUT-COPC26-DCHA,KXPGAMAKECUT,2026-07-17 22:53:25.507000+00:00,5.0,99.0,94.0,1349.71,16.24155,yes
sports_prop,KXMLBHRR-26JUL212140ATHAZ-AZCCARROLL7-2,KXMLBHRR,2026-07-22 04:49:10.301000+00:00,2.0,96.0,94.0,2090.149,25.478316666666668,yes
sports_prop,KXMLBHIT-26JUL211907TBTOR-TBJARANDA8-2,KXMLBHIT,2026-07-22 01:52:15.329000+00:00,2.0,96.0,94.0,730.233,28.17785,yes
sports_prop,KXPGAR1TOP10-THOC26-VPER,KXPGAR1TOP10,2026-07-16 17:10:36.985000+00:00,96.0,2.0,-94.0,10419.166,277.20025,no
sports_prop,KXMLBHIT-26JUL182008SFSEA-SFHRAMOS17-1,KXMLBHIT,2026-07-19 02:24:07.237000+00:00,1.0,95.0,94.0,12.998,51.69605,yes
sports_prop,KXCHAMPTOURR1LEAD-ISHSO26-ATAN,KXCHAMPTOURR1LEAD,2026-07-21 20:16:13.566000+00:00,3.0,97.0,94.0,0.0,2873.3072333333334,no
sports_prop,KXWNBA2QSPREAD-26JUL18NYIND-IND2,KXWNBA2QSPREAD,2026-07-19 01:03:06.564000+00:00,5.0,99.0,94.0,550.529,50.573933333333336,yes
sports_prop,KXMLSTEAMTOTAL-26JUL22NSHMTL-NSH2,KXMLSTEAMTOTAL,2026-07-23 02:34:48.011000+00:00,97.0,3.0,-94.0,4742.845,0.48315,no
sports_prop,KXMLBHIT-26JUL191920LADNYYG2-LADMROJAS72-2,KXMLBHIT,2026-07-20 02:09:57.122000+00:00,1.0,95.0,94.0,0.0,10.3313,no
sports_prop,KXMLBTEAMTOTAL-26JUL191410MIAMIL-MIL3,KXMLBTEAMTOTAL,2026-07-19 20:59:44.719000+00:00,5.0,99.0,94.0,0.055,4.738016666666667,yes
sports_prop,KXMLBF7-26JUL231840KCDET-KC,KXMLBF7,2026-07-24 00:48:29.048000+00:00,2.0,96.0,94.0,0.202,6.082533333333333,no
sports_prop,KXATPEXACTMATCH-26JUL19BAEKEC-BAE21,KXATPEXACTMATCH,2026-07-21 13:10:51.205000+00:00,5.0,99.0,94.0,56.906,4.846583333333333,yes
sports_prop,KXWCGOALCOUNT-26MOLISE17-2,KXWCGOALCOUNT,2026-07-13 11:05:50.212000+00:00,98.0,4.0,-94.0,16942.885,7943.8798,no
sports_prop,KXMLBHIT-26JUL191335TEXATL-ATLARILEY27-2,KXMLBHIT,2026-07-19 18:38:08.879000+00:00,1.0,95.0,94.0,2133.608,113.76868333333333,yes
sports_prop,KXLIGAMXFTTS-26JUL18CDGTOL-CDG,KXLIGAMXFTTS,2026-07-19 01:09:54.889000+00:00,96.0,2.0,-94.0,10.359,51.25185,no
sports_prop,KXWNBA4QWINNER-26JUL14PDXCONN-PDX,KXWNBA4QWINNER,2026-07-14 17:02:49.025000+00:00,95.0,1.0,-94.0,63.871,4.682916666666666,yes
sports_prop,KXWCTEAMFIRSTGOAL-26JUL19ESPARG-ESP-MMERIN23,KXWCTEAMFIRSTGOAL,2026-07-19 21:43:36.632000+00:00,95.0,1.0,-94.0,985.379,36.2228,no
sports_prop,KXMLBTB-26JUL191410SDKC-SDXBOGAERTS2-3,KXMLBTB,2026-07-19 20:57:08.956000+00:00,94.0,1.0,-93.0,0.0,18.5174,no
sports_prop,KXWNBA1QSPREAD-26JUL12NYTOR-TOR4,KXWNBA1QSPREAD,2026-07-12 19:27:55.022000+00:00,99.0,6.0,-93.0,118.174,29.749633333333332,yes
sports_prop,KXMLBHR-26JUL111605COLSF-SFCSCHMITT10-1,KXMLBHR,2026-07-11 21:36:56.612000+00:00,6.0,99.0,93.0,0.0,53.67313333333333,yes
sports_prop,KXNPBSPREAD-26JUL160500ORITOH-TOH2,KXNPBSPREAD,2026-07-16 12:58:03.115000+00:00,6.0,99.0,93.0,481.429,173.89808333333335,yes
sports_prop,KXWCPLAYERGOALS-26NOR-THEGGE14,KXWCPLAYERGOALS,2026-07-11 23:19:56.265000+00:00,94.0,1.0,-93.0,3715.416,329.8455833333333,no
sports_prop,KXNPBSPREAD-26JUL160500ORITOH-TOH2,KXNPBSPREAD,2026-07-16 12:50:01.686000+00:00,98.0,5.0,-93.0,1303.214,181.9219,yes
sports_prop,KXJOINCLUB-26OCT02MROGERS-MUN,KXJOINCLUB,2026-07-14 00:27:03.130000+00:00,94.0,1.0,-93.0,193542.278,12747.181166666667,no
sports_prop,KXMLBRBI-26JUL172140STLAZ-STLLNOOTBAAR21-1,KXMLBRBI,2026-07-18 04:30:25.591000+00:00,99.0,6.0,-93.0,9561.556,5.523483333333333,no
sports_prop,KXWNBA2HWINNER-26JUL18PDXMIN-MIN,KXWNBA2HWINNER,2026-07-19 01:47:27.038000+00:00,95.0,2.0,-93.0,33.24,5.966033333333334,no
sports_prop,KXMLBTB-26JUL211910BALBOS-BOSJDURAN16-5,KXMLBTB,2026-07-22 19:55:04.810000+00:00,94.0,1.0,-93.0,5069.363,15.703166666666666,no
sports_prop,KXWNBA2HWINNER-26JUL18PDXMIN-TIE,KXWNBA2HWINNER,2026-07-19 01:47:27.039000+00:00,1.0,94.0,93.0,33.693,5.9660166666666665,yes
sports_prop,KXITFWMATCH-26JUL19ROCMAY-MAY,KXITFWMATCH,2026-07-19 11:53:07.504000+00:00,96.0,3.0,-93.0,1619.827,87.35826666666667,no
sports_prop,KXMLBKS-26JUL101840MILPIT-MILBSPROAT23-4,KXMLBKS,2026-07-11 17:13:31.368000+00:00,5.0,98.0,93.0,28.436,107.49386666666666,no
sports_prop,KXMLBHIT-26JUL182008SFSEA-SFLARRAEZ1-1,KXMLBHIT,2026-07-19 00:40:43.672000+00:00,2.0,95.0,93.0,76.989,155.12213333333332,yes
sports_prop,KXMLBHR-26JUL171910PITCLE-PITEVALDEZ85-1,KXMLBHR,2026-07-18 18:30:32.071000+00:00,99.0,6.0,-93.0,6.681,70.28215,yes
sports_prop,KXDOTA2MAP-26JUL221500STXJEN-2-JEN,KXDOTA2MAP,2026-07-22 23:13:49.300000+00:00,95.0,2.0,-93.0,22.141,115.87833333333333,yes
sports_prop,KXWNBA2HTOTAL-26JUL11NYMIN-91,KXWNBA2HTOTAL,2026-07-11 18:48:46.927000+00:00,2.0,95.0,93.0,2021.334,31.051216666666665,yes
sports_prop,KXMLBF3-26JUL191340PITCLE-TIE,KXMLBF3,2026-07-19 18:31:55.753000+00:00,5.0,98.0,93.0,1473.761,3.03745,yes
sports_prop,KXBRASILEIROSCORE-26JUL16VITVDG-VIT1VDG3,KXBRASILEIROSCORE,2026-07-16 22:43:34.257000+00:00,96.0,3.0,-93.0,2179.438,107.32905,no
sports_prop,KXJOINCLUB-26OCT02MROGERS-MUN,KXJOINCLUB,2026-07-11 18:41:20.852000+00:00,1.0,94.0,93.0,0.0,15972.8858,no
sports_prop,KXMLBHIT-26JUL121415ATLSTL-ATLDBALDWIN30-2,KXMLBHIT,2026-07-12 19:32:24.053000+00:00,2.0,95.0,93.0,4475.752,122.49911666666667,no
sports_prop,KXMLBASGHR-26JUL142000ALNL-ALKMCGONIGLE85-1,KXMLBASGHR,2026-07-15 00:06:54.945000+00:00,99.0,6.0,-93.0,117.467,220.93425,no
sports_prop,KXMLBHIT-26JUL172010SDKC-SDLCAMPUSANO12-1,KXMLBHIT,2026-07-18 02:52:23.721000+00:00,95.0,2.0,-93.0,5008.546,28.537983333333333,no
crypto_hourly,KXBTCD-26JUL2017-T62499.99,KXBTCD,2026-07-19 21:01:57.653000+00:00,2.0,95.0,93.0,2598.061,1438.0391166666666,yes
sports_prop,KXMLBTB-26JUL191605WSHATH-WSHHFORD17-4,KXMLBTB,2026-07-19 22:50:50.934000+00:00,94.0,1.0,-93.0,6558.362,5.134433333333333,no
econ,KXAAAGASD-26JUL16-3.875,KXAAAGASD,2026-07-15 12:51:00.027000+00:00,6.0,99.0,93.0,278.846,907.99955,yes
sports_prop,KXMLBRBI-26JUL212140ATHAZ-AZIVARGAS6-1,KXMLBRBI,2026-07-22 04:54:54.808000+00:00,2.0,95.0,93.0,2083.794,10.1532,yes
sports_prop,KXNPBTOTAL-26JUL160000FUKHOK-10,KXNPBTOTAL,2026-07-16 12:18:38.136000+00:00,94.0,1.0,-93.0,0.0,213.43106666666668,no
politics_events,KXSAOTOMEPRES-26JUL19-MBON,KXSAOTOMEPRES,2026-07-20 02:53:13.989000+00:00,3.0,96.0,93.0,0.0,4010.1835166666665,no
sports_prop,KXMLBHIT-26JUL172140STLAZ-STLJFERMN15-1,KXMLBHIT,2026-07-18 02:04:39.990000+00:00,99.0,6.0,-93.0,51.841,151.15016666666668,yes
sports_prop,KXMLBTEAMTOTAL-26JUL092145COLSF-SF8,KXMLBTEAMTOTAL,2026-07-10 04:13:10.347000+00:00,2.0,95.0,93.0,220.4,26.32755,yes
sports_prop,KXMLBHR-26JUL171910PITCLE-PITEVALDEZ85-1,KXMLBHR,2026-07-18 18:30:32.071000+00:00,99.0,6.0,-93.0,0.0,70.28215,yes
sports_prop,KXCLUBFSPREAD-26JUL24KOBGIE-KOB2,KXCLUBFSPREAD,2026-07-24 18:55:59.440000+00:00,95.0,2.0,-93.0,158.054,21.442666666666668,no
sports_prop,KXCLUBFTOTAL-26JUL24WOBOL-2,KXCLUBFTOTAL,2026-07-24 12:54:25.412000+00:00,96.0,3.0,-93.0,2691.841,138.1098,yes
sports_prop,KXWNBA3QTOTAL-26JUL09LVPDX-34,KXWNBA3QTOTAL,2026-07-10 03:37:07.955000+00:00,1.0,94.0,93.0,1068.435,30.40075,yes
sports_prop,KXMLBTB-26JUL171905LADNYY-LADSOHTANI17-3,KXMLBTB,2026-07-18 01:56:47.038000+00:00,94.0,1.0,-93.0,1930.515,60.2827,no
sports_prop,KXNBASUMMERTOTAL-26JUL18HOUMEM-191,KXNBASUMMERTOTAL,2026-07-19 00:21:53.382000+00:00,3.0,96.0,93.0,0.0,7.976966666666667,yes
sports_prop,KXWNBA3QTOTAL-26JUL11NYMIN-49,KXWNBA3QTOTAL,2026-07-11 18:31:35.489000+00:00,1.0,94.0,93.0,153.543,40.10851666666667,yes
sports_prop,KXMLBHIT-26JUL172140STLAZ-STLJFERMN15-1,KXMLBHIT,2026-07-18 02:04:39.990000+00:00,6.0,99.0,93.0,0.0,151.15016666666668,yes
sports_prop,KXWNBA3QTOTAL-26JUL15LAMIN-54,KXWNBA3QTOTAL,2026-07-15 18:31:32.075000+00:00,2.0,95.0,93.0,132.789,34.08208333333334,yes
sports_prop,KXCLUBFTOTAL-26JUL24NKTSEG-5,KXCLUBFTOTAL,2026-07-24 17:44:37.855000+00:00,96.0,3.0,-93.0,280.685,2.802416666666667,no
sports_prop,KXWCTEAMTOTAL-26JUL15ENGARG-ARG4,KXWCTEAMTOTAL,2026-07-15 20:56:29.683000+00:00,3.0,96.0,93.0,9.826,7.938616666666666,no
sports_prop,KXWCSPREAD-26JUL18FRAENG-ENG6,KXWCSPREAD,2026-07-18 21:50:04.269000+00:00,98.0,5.0,-93.0,23.21,72.69551666666666,no
econ,KXAAAGASD-26JUL16-3.875,KXAAAGASD,2026-07-15 12:46:21.181000+00:00,99.0,6.0,-93.0,1162.412,912.6469833333333,yes
sports_prop,KXMLBTEAMTOTAL-26JUL181610PITCLE-CLE3,KXMLBTEAMTOTAL,2026-07-19 02:54:50.680000+00:00,99.0,6.0,-93.0,30.887,29.522,yes
sports_prop,KXNBASUMMERTOTAL-26JUL13MINPOR-195,KXNBASUMMERTOTAL,2026-07-14 05:27:44.449000+00:00,95.0,2.0,-93.0,0.0,6.7591833333333335,yes
sports_prop,KXBRASILEIROBTOTAL-26JUL23BOTJUV-6,KXBRASILEIROBTOTAL,2026-07-24 02:01:15.119000+00:00,97.0,4.0,-93.0,0.214,30.78135,yes
sports_prop,KXMLBTB-26JUL191510CINCOL-COLWCASTRO3-4,KXMLBTB,2026-07-19 21:42:09.115000+00:00,1.0,94.0,93.0,4527.56,13.381416666666667,yes
sports_prop,KXMLBTB-26JUL191605WSHATH-WSHHFORD17-3,KXMLBTB,2026-07-19 22:50:50.883000+00:00,94.0,1.0,-93.0,6558.403,5.135283333333334,no
sports_prop,KXMLBF7-26JUL231840KCDET-KC,KXMLBF7,2026-07-24 00:48:28.812000+00:00,98.0,5.0,-93.0,43.265,6.0864666666666665,no
sports_prop,KXMLBKS-26JUL171335TBBOSG1-TBGJAX22-7,KXMLBKS,2026-07-17 19:00:30.252000+00:00,94.0,1.0,-93.0,291.21,64.8958,no
sports_prop,KXMLBTB-26JUL221410SFKC-SFCSCHMITT10-4,KXMLBTB,2026-07-22 20:22:00.502000+00:00,1.0,94.0,93.0,3.14,19.391633333333335,yes
sports_prop,KXWNBA1QSPREAD-26JUL12NYTOR-TOR4,KXWNBA1QSPREAD,2026-07-12 19:28:26.423000+00:00,6.0,99.0,93.0,31.401,29.226283333333335,yes
sports_prop,KXMLBF5SPREAD-26JUL202140CINSEA-SEA3,KXMLBF5SPREAD,2026-07-21 03:05:10.612000+00:00,95.0,2.0,-93.0,90.611,4.523133333333333,no
sports_prop,KXCYCLINGSTAGE-26TDFRSTAGE15-TMER,KXCYCLINGSTAGE,2026-07-18 17:02:50.023000+00:00,95.0,2.0,-93.0,930.893,1730.3162833333333,no
sports_prop,KXMLBHIT-26JUL112110AZLAD-LADMMUNCY13-2,KXMLBHIT,2026-07-12 03:05:26.416000+00:00,95.0,2.0,-93.0,3189.288,55.7764,no
sports_prop,KXCYCLINGSTAGE-26TDFRSTAGE15-THAL,KXCYCLINGSTAGE,2026-07-19 10:53:17.739000+00:00,94.0,1.0,-93.0,51599.073,659.85435,no
sports_prop,KXCYCLINGSTAGE-26TDFRSTAGE15-HTEJ,KXCYCLINGSTAGE,2026-07-11 04:37:43.672000+00:00,94.0,1.0,-93.0,10412.279,12555.422133333333,no
sports_prop,KXMLBHIT-26JUL101845NYYWSH-NYYJCABALLERO72-2,KXMLBHIT,2026-07-11 02:46:11.094000+00:00,99.0,6.0,-93.0,8.522,68.89843333333333,yes
sports_prop,KXWCGOALCOUNT-26MOLISE17-4,KXWCGOALCOUNT,2026-07-18 23:21:47.532000+00:00,94.0,1.0,-93.0,110629.169,7.9244666666666665,no
politics_events,KXSECPRESSMENTION-26AUG31-CORR,KXSECPRESSMENTION,2026-07-23 15:45:17.499000+00:00,99.0,6.0,-93.0,0.0,15.70835,yes
sports_prop,KXMLSTEAMTOTAL-26JUL22ATXSEA-SEA2,KXMLSTEAMTOTAL,2026-07-23 03:37:39.813000+00:00,95.0,2.0,-93.0,59.654,2.6531166666666666,no
politics_events,KXSECPRESSMENTION-26AUG31-CORR,KXSECPRESSMENTION,2026-07-23 15:45:19.222000+00:00,6.0,99.0,93.0,1.723,15.679633333333333,yes
sports_prop,KXUECLSPREAD-26JUL23SHEKAL-SHE6,KXUECLSPREAD,2026-07-23 20:22:16.959000+00:00,1.0,94.0,93.0,22.997,20.31735,no
