series,family,markets,qty
KXMLBGAME,sports_game,298,673097589.21
KXITFMATCH,sports_prop,2694,649436529.34
KXATPCHALLENGERMATCH,sports_prop,1011,604077972.3299999
KXITFWMATCH,sports_prop,2677,593645066.97
KXWCADVANCE,sports_prop,10,515812563.7499918
KXATPMATCH,sports_game,382,357815419.53999996
KXMENWORLDCUP,sports_prop,6,355275572.2499489
KXWCSCORE,sports_prop,180,268249588.3499997
KXWTAMATCH,sports_game,372,220904578.78
KXMLBTOTAL,sports_prop,1795,206021272.23
KXNBASUMMERGAME,sports_game,143,188727715.13
KXWNBAGAME,sports_game,84,175330189.44000003
KXWCGAME,sports_game,18,154702703.31000057
KXUFCFIGHT,sports_prop,52,139121210.36999443
KXT20MATCH,sports_prop,232,135202682.82000002
KXWCGOAL,sports_prop,262,131720021.7099996
KXWTACHALLENGERMATCH,sports_prop,322,129095761.0
KXPGATOUR,sports_prop,235,107348927.77000001
KXMLBSPREAD,sports_prop,1303,96378575.4
KXWCTOTAL,sports_prop,43,62474801.22999973
KXODIMATCH,sports_prop,56,61662808.460000075
KXWCMOV,sports_prop,36,61148788.03000009
KXWNBATOTAL,sports_prop,528,43948497.83
KXLIGAMXGAME,sports_game,33,43660427.08999997
KXCS2GAME,sports_game,651,43081493.33
KXNBASUMMERTOTAL,sports_prop,796,41205778.44
KXMLSGAME,sports_game,60,39998044.28999999
KXMLBRFI,sports_prop,146,36677636.910000004
KXLOLGAME,sports_game,373,36662388.98
KXWCBTTS,sports_prop,7,35235925.90999992
KXWNBASPREAD,sports_prop,510,33415911.62
KXECULPGAME,sports_game,96,31538355.229999997
KXWCSPREAD,sports_prop,28,30946970.58000004
KXUFCMOV,sports_prop,182,28236328.410000056
KXWC1HSCORE,sports_prop,79,26032902.86
KXATPSETWINNER,sports_prop,760,25755903.81
KXWCGOALLEADER,sports_prop,20,25702839.349999633
KXNBASUMMERSPREAD,sports_prop,818,25187112.33
KXUECLGAME,sports_game,225,24713592.89
KXMLBHRDERBY,sports_prop,8,24535003.179999933
KXPGAR1LEAD,sports_prop,297,23252840.81
KXNPBGAME,sports_game,148,23080329.57
KXVALORANTGAME,sports_game,218,21361008.62
KXMLBF5TOTAL,sports_prop,1031,19731926.0
KXWC2H,sports_prop,18,19586973.41
KXWC1H,sports_prop,18,18822186.109999985
KXMLBHR,sports_prop,3996,18428304.13
KXWTASETWINNER,sports_prop,736,18112418.07
KXMLBF5,sports_prop,450,16540159.56
KXCLUBFGAME,sports_game,294,16463342.19
KXWCTEAMTOTAL,sports_prop,51,16218476.719999997
KXITFDOUBLES,sports_prop,771,16070726.98
KXITFWDOUBLES,sports_prop,781,15690818.04
KXWTA,sports_prop,36,15606168.8
KXBRASILEIROBGAME,sports_game,84,15145287.709999999
KXWCFINISHINGORDER,sports_prop,16,13972932.100000007
KXUCLGAME,sports_game,84,13836121.58
KXATP,sports_prop,46,13507816.660000006
KXLOLMAP,sports_prop,406,13042737.17
KXCS2MAP,sports_prop,1093,12637495.93
KXNASCARRACE,sports_prop,175,12571557.069999998
KXWCCORNERS,sports_prop,31,12131702.17
KXWC1HTOTAL,sports_prop,24,12120981.2
KXWCFTTS,sports_prop,18,12045542.55
KXWCSOA,sports_prop,137,11291336.150000002
KXWCTCORNERS,sports_prop,36,10616467.2
KXWCMESSIMBAPPE,sports_prop,3,10274783.390000006
KXWCAWARD,sports_prop,168,10205244.800000003
KXMLSTOTAL,sports_prop,113,9796399.59
KXWCFIRSTGOAL,sports_prop,134,9265163.900000019
KXWC1HBTTS,sports_prop,6,9040321.230000015
KXMLBKS,sports_prop,1942,8966862.65
KXBRASILEIROGAME,sports_game,36,8936157.379999999
KXVALORANTMAP,sports_prop,463,8687645.77
KXALLSVENSKANGAME,sports_game,51,8353861.94
KXMLBTEAMTOTAL,sports_prop,2068,7850007.93
KXNWSLGAME,sports_game,54,7217735.51
KXELITESERIENGAME,sports_game,54,6337203.75
KXWCAST,sports_prop,179,6291316.839999999
KXWT20MATCH,sports_prop,27,6262566.0
KXCONMEBOLSUDGAME,sports_game,24,6081728.250000001
KXLIGAMXTOTAL,sports_prop,44,5949502.8
KXPERLIGA1GAME,sports_game,30,5870885.279999999
KXWC2HBTTS,sports_prop,6,5803567.339999999
KXCODGAME,sports_game,26,5657497.469999999
KXUECLTOTAL,sports_prop,432,5647495.71
KXUELGAME,sports_game,45,5444281.25
KXCLUBFTOTAL,sports_prop,587,5311633.47
KXWC2HTOTAL,sports_prop,26,5274777.649999999
KXWCMOF,sports_prop,18,5001864.379999998
KXCHNSLGAME,sports_game,36,4965916.51
KXATPEXACTMATCH,sports_prop,739,4924201.0
KXMLBF5SPREAD,sports_prop,592,4880818.81
KXUCLTOTAL,sports_prop,118,4861667.38
KXKBOGAME,sports_game,68,4824762.7299999995
KXECULPTOTAL,sports_prop,93,4814511.93
KXPGATOP20,sports_prop,445,4467244.53
KXUSLGAME,sports_game,42,4312506.96
KXURYPDGAME,sports_game,33,4288926.65
KXPGAR2LEAD,sports_prop,174,4144198.4799999986
KXKLEAGUEGAME,sports_game,54,4107142.08
KXNBATEAMANNOUNCE,sports_prop,25,4054208.0500000003
KXUFCVICROUND,sports_prop,190,3972562.3399999994
KXDOTA2GAME,sports_game,140,3923594.78
KXMLBHIT,sports_prop,6948,3849511.12
KXATPGTOTAL,sports_prop,530,3470585.95
KXCFLGAME,sports_game,18,3383289.7300000004
KXPGAR3LEAD,sports_prop,137,3376549.44
KXATPGSPREAD,sports_prop,535,3115868.2800000003
KXWCSTART,sports_prop,329,3109364.27
KXWC3RDPLACE,sports_prop,8,3069833.4099999997
KXARGPREMDIVGAME,sports_game,9,2985733.2699999996
KXUFCDISTANCE,sports_prop,26,2965740.66
KXPGATOP10,sports_prop,384,2963668.98
KXMLBHRDERBYMATCHUP,sports_prop,28,2955726.29
KXWCGOALCOUNT,sports_prop,23,2916469.529999999
KXWC1HSPREAD,sports_prop,12,2912733.8699999996
KXWNBAPTS,sports_prop,918,2781111.42
KXBRASILEIROCGAME,sports_game,30,2720034.3499999996
KXLIGAMXSPREAD,sports_prop,44,2534453.56
KXMLSSPREAD,sports_prop,89,2515996.56
KXALLSVENSKANTOTAL,sports_prop,43,2505260.73
KXPGAROUNDSCORE,sports_prop,394,2438336.51
KXLNBPGAME,sports_game,8,2382708.4599999995
KXMLBHRR,sports_prop,8452,2360382.14
KXWC2HSPREAD,sports_prop,12,2326196.91
KXWNBA1HSPREAD,sports_prop,126,2322646.87
KXWNBA1HWINNER,sports_prop,126,2233669.94
KXWCCONTINENT,sports_prop,3,2206542.2600000002
KXPGATOP5,sports_prop,322,2169035.73
KXBRASILEIROBTOTAL,sports_prop,93,2150468.78
KXUECLADVANCE,sports_prop,52,2043329.5299999996
KXMLBTB,sports_prop,6616,2007834.52
KXWNBA1HTOTAL,sports_prop,42,1987771.72
KXBRASILEIROTOTAL,sports_prop,60,1942387.57
KXMLBHRDERBYOU,sports_prop,36,1942178.99
KXCONMEBOLSUDTOTAL,sports_prop,52,1939535.94
KXCODMAP,sports_prop,86,1933194.16
KXSCOCUPGAME,sports_game,48,1905069.1900000016
KXWCSTAGEOFELIM,sports_prop,22,1896764.97
KXWCMATCHUP,sports_prop,12,1882364.5799999991
KXMLBASGMVP,sports_prop,36,1873316.54
KXMLBHRDERBYSEMI,sports_prop,8,1853836.75
KXR6GAME,sports_game,64,1836771.39
KXWCROUND,sports_prop,10,1801146.9200000023
KXDOTA2MAP,sports_prop,210,1796429.59
KXWCPREPACK,sports_prop,3,1771009.4900000014
KXWODIMATCH,sports_prop,6,1742719.4300000004
KXMLBHRDERBYFORECAST,sports_prop,56,1662228.88
KXPERLIGA1TOTAL,sports_prop,45,1656842.34
KXF1RACE,sports_prop,20,1645950.6500000001
KXUELTOTAL,sports_prop,78,1637868.0
KXLMBGAME,sports_game,257,1622110.36
KXUFCMOF,sports_prop,104,1607385.23
KXNPBTOTAL,sports_prop,174,1583834.5
KXUCLADVANCE,sports_prop,28,1562077.7000000002
KXMLBASGHR,sports_prop,42,1534071.8199999998
KXMLBF3,sports_prop,430,1532331.97
KXWCTOTALGOAL,sports_prop,9,1530161.7500000002
KXELITESERIENTOTAL,sports_prop,40,1528130.1
KXUFCROUNDS,sports_prop,56,1492325.8699999999
KXPGA3BALL,sports_prop,542,1418694.09
KXMLSBTTS,sports_prop,20,1354895.49
KXWTESTMATCH,sports_prop,2,1326848.5700000003
KXMLS1HTOTAL,sports_prop,60,1325843.97
KXCLUBFSPREAD,sports_prop,385,1318787.9
KXMLBHRDERBY500,sports_prop,6,1311182.3499999978
KXBOXING,sports_game,38,1289270.67
KXNBASUMMER1HTOTAL,sports_prop,292,1284260.6199999999
KXECULPSPREAD,sports_prop,72,1267126.8900000001
KXLOLTOTALMAPS,sports_prop,106,1226140.74
KXWNBA1QTOTAL,sports_prop,281,1203539.18
KXASEANGAME,sports_game,6,1201572.27
KXUCLSPREAD,sports_prop,118,1200416.8800000001
KXMLBHRDERBYDISTANCE,sports_prop,9,1153769.81
KXAFLGAME,sports_game,40,1128172.67
KXLIGAMXSCORE,sports_prop,213,1104449.26
KXUECLSPREAD,sports_prop,336,1090990.39
KXPGAH2H,sports_prop,216,1078727.52
KXUCLBTTS,sports_prop,28,1069706.8
KXPGAR2TOP5,sports_prop,35,1060513.52
KXWNBA2QTOTAL,sports_prop,290,1055795.65
KXLIGAMX1HTOTAL,sports_prop,33,1049008.76
KXWNBA3QTOTAL,sports_prop,294,1030811.85
KXMLS1H,sports_prop,60,1002620.93
KXMLBHRDERBYR1LEAD,sports_prop,6,993694.01
KXLIGAMX1H,sports_prop,33,976210.83
KXWCSCOREET,sports_prop,13,970894.1599999998
KXCHNSLTOTAL,sports_prop,32,940759.03
KXMLBHRDERBYLONGEST,sports_prop,8,902762.4799999997
KXUECL1HTOTAL,sports_prop,145,886492.55
KXMLSSCORE,sports_prop,354,879718.05
KXKLEAGUETOTAL,sports_prop,60,844274.25
KXWNBAREB,sports_prop,696,838891.48
KXPGAMAKECUT,sports_prop,439,831150.98
KXMLBOUTS,sports_prop,243,817834.73
KXUCL1HTOTAL,sports_prop,84,816377.13
KXNZNBLGAME,sports_game,34,792509.6900000001
KXUCL1H,sports_prop,84,774341.6
KXMLBHRDERBYFIN,sports_prop,8,772904.3499999999
KXNPBSPREAD,sports_prop,176,767021.21
KXBRASILEIRO1HTOTAL,sports_prop,36,761428.91
KXWCTEAMLEADGOAL,sports_prop,87,758159.1799999999
KXNBASUMMER1HWINNER,sports_prop,105,758058.71
KXKBOTOTAL,sports_prop,144,699953.35
KXMLBHRDERBYTOT,sports_prop,7,673605.4299999999
KXBSNGAME,sports_game,48,667048.74
KXNBASUMMER1HSPREAD,sports_prop,232,664369.29
KXLIGAMXBTTS,sports_prop,11,659460.0499999999
KXINDYCARRACE,sports_prop,25,643552.34
KXWNBA1QSPREAD,sports_prop,268,637183.76
KXWNBA1QWINNER,sports_prop,120,633706.55
KXAPFDDHGAME,sports_game,3,631327.0699999998
KXT20TEAMTOTAL,sports_prop,62,621992.99
KXARGPREMDIVTOTAL,sports_prop,19,620832.84
KXCS2TOTALMAPS,sports_prop,276,615048.15
KXCOD,sports_prop,7,614731.3400000001
KXCODTOTALMAPS,sports_prop,24,612535.26
KXPGAHOLESCORE,sports_prop,483,609794.88
KXNWSLTOTAL,sports_prop,32,600219.28
KXCYCLINGSTAGE,sports_prop,374,589750.6
KXECULPBTTS,sports_prop,18,569701.87
KXBRASILEIROB1HTOTAL,sports_prop,60,566407.93
KXALLSVENSKANSPREAD,sports_prop,37,564647.12
KXWNBA4QTOTAL,sports_prop,294,563306.5
KXWNBA3QSPREAD,sports_prop,267,519509.91000000003
KXBRASILEIROBSPREAD,sports_prop,84,515033.31
KXBRASILEIROSPREAD,sports_prop,54,510752.53
KXCONMEBOLSUDSPREAD,sports_prop,37,506937.73000000004
KXWNBA3QWINNER,sports_prop,125,500693.68
KXR6MAP,sports_prop,96,490076.64
KXUECLBTTS,sports_prop,75,483552.32
KXCONMEBOLSUD1HTOTAL,sports_prop,24,478677.03
KXUSLCUPGAME,sports_game,60,475865.17
KXKBOSPREAD,sports_prop,144,475164.68
KXF1POLE,sports_prop,17,469606.88
KXNBASUMMERMVP,sports_prop,14,467266.52
KXCFLSPREAD,sports_prop,90,467234.37000000005
KXPERLIGA1SPREAD,sports_prop,42,458292.3
KXNBANEXTTEAMOUTLET,sports_prop,10,457275.11
KXUSLTOTAL,sports_prop,50,442679.95
KXUECL1H,sports_prop,147,433807.59
KXNASCARTOP10,sports_prop,142,432689.57
KXWCDELAY,sports_prop,7,429825.5399999997
KXMLBF7,sports_prop,442,422676.26
KXWCGBOOTGOALS,sports_prop,7,414148.74
KXMLBASGHIT,sports_prop,59,411807.8
KXPGATOP40,sports_prop,156,409319.97
KXWNBA3PT,sports_prop,413,403788.83
KXWCGROUPWINNER,sports_prop,7,403114.87
KXELITESERIENSPREAD,sports_prop,36,393558.56
KXWCSTAGE,sports_prop,8,382458.28
KXWCTEAMFIRSTGOAL,sports_prop,144,381015.6
KXCONMEBOLSUD1H,sports_prop,24,377917.57
KXWNBA2QWINNER,sports_prop,123,375093.84
KXLIGAMXTEAMTOTAL,sports_prop,66,371552.15
KXURYPDTOTAL,sports_prop,16,360179.96
KXWNBA2QSPREAD,sports_prop,272,349917.38
KXMLSTEAMTOTAL,sports_prop,143,349252.87
KXCFLTOTAL,sports_prop,35,347671.58999999997
KXWNBA4QWINNER,sports_prop,126,341485.36
KXCLUBFBTTS,sports_prop,88,339580.65
KXUELSPREAD,sports_prop,69,337851.37
KXWTAEXACTMATCH,sports_prop,4,337640.22
KXBRASILEIROB1H,sports_prop,60,332959.21
KXWCTEAMTOTALGOALS,sports_prop,21,332017.79
KXMLBHRDERBYVELO,sports_prop,6,329373.79999999993
KXBRASILEIROBTTS,sports_prop,12,320872.73
KXCHNSLSPREAD,sports_prop,32,312853.29
KXUELADVANCE,sports_prop,12,311749.10000000003
KXRUGBYNRLMATCH,sports_prop,54,302123.04
KXWNBAAST,sports_prop,201,301911.76
KXWCAWARDCOMBO,sports_prop,2,299972.25
KXMLBRBI,sports_prop,4034,298642.89
KXMLBASGAME,sports_game,2,297474.98
KXMLBEXTRAS,sports_prop,157,288368.49
KXLPGATOUR,sports_prop,50,287984.41
KXBRASILEIRO1H,sports_prop,36,282921.24
KXNBANEXTCONTRACT,sports_prop,18,280288.79
KXBILGAME,sports_game,12,276909.39
KXNASCARTOP3,sports_prop,132,276066.63
KXALLSVENSKANBTTS,sports_prop,9,275848.87999999995
KXMLBASGKS,sports_prop,50,275288.67
KXKFTOUR,sports_prop,35,269193.92
KXCONMEBOLSUDBTTS,sports_prop,8,261807.64999999997
KXWNBA2HTOTAL,sports_prop,289,257672.81
KXVBAGAME,sports_game,18,257498.56
KXNBASUMMER,sports_prop,30,253773.12
KXUELBTTS,sports_prop,15,250814.74000000002
KXUECLSCORE,sports_prop,471,245783.62
KXSCOCUPTOTAL,sports_prop,110,242469.78
KXBRASILEIROBBTTS,sports_prop,20,239564.19
KXMLBALLSTARHR,sports_prop,7,231924.25
KXBRASILEIROSCORE,sports_prop,182,222247.06
KXNASCARTOP5,sports_prop,72,220956.76
KXPLLGAME,sports_game,16,215730.03
KXF1RACEPODIUM,sports_prop,17,214524.96
KXPGAPLAYERCAT,sports_prop,70,212414.5
KXLIGAMX1HSPREAD,sports_prop,22,212077.26
KXUEL1HTOTAL,sports_prop,27,197896.64
KXWNBA2HSPREAD,sports_prop,315,196292.28
KXMLBSB,sports_prop,1284,195925.55
KXWCGAMEGOALS,sports_game,7,195515.22999999998
KXWCGOLDENBOOTCLEAT,sports_prop,4,192028.43999999997
KXTESTMATCH,sports_prop,8,187747.82
KXWCGOALEVERYGAME,sports_game,1,182532.8500000002
KXUECLTEAMTOTAL,sports_prop,248,180862.9
KXAPFDDHTOTAL,sports_prop,6,177346.89
KXKLEAGUESPREAD,sports_prop,48,175289.41
KXWCWINNERTRAIL,sports_prop,1,167241.16
KXMLBDRAFTPICK,sports_prop,42,159448.21000000002
KXWCRECORD,sports_prop,1,158957.4899999998
KXWCFIFATOP10,sports_prop,2,158565.61000000002
KXKLEAGUE1HTOTAL,sports_prop,36,158121.51
KXWNBA2HWINNER,sports_prop,112,152647.12
KXBRASILEIROTEAMTOTAL,sports_prop,64,151856.23
KXMLBDRAFTTOP,sports_prop,59,150600.99
KXOWGAME,sports_game,12,147394.4
KXKLEAGUE1H,sports_prop,36,146140.23
KXUEL1H,sports_prop,45,144113.95
KXWCGOALIEPEN,sports_prop,1,139377.10999999993
KXWNBA4QSPREAD,sports_prop,265,138838.51
KXPERLIGA1BTTS,sports_prop,10,135527.09
KXWCFURTHESTADVANCING,sports_prop,4,134493.83000000002
KXWCBRACE,sports_prop,1,131710.57999999996
KXELITESERIENBTTS,sports_prop,9,127787.22
KXKLEAGUEBTTS,sports_prop,12,126480.62000000001
KXWCPLAYERGOALS,sports_prop,45,123237.79000000001
KXWCHATTRICK,sports_prop,2,115699.94999999998
KXMLS1HSPREAD,sports_prop,40,115268.04000000001
KXNWSLSPREAD,sports_prop,32,111314.91
KXPGAR1TOP10,sports_prop,200,105857.36
KXNASCARH2H,sports_prop,12,101979.83
KXCHAMPTOUR,sports_prop,15,95250.25999999998
KXBOLPDIVGAME,sports_game,6,94830.58
KXKBORFI,sports_prop,38,93835.53
KXWC1STTIMEWIN,sports_prop,1,92462.02999999996
KXUSL1HTOTAL,sports_prop,32,90210.89
KXUCL1HSPREAD,sports_prop,56,89953.65
KXURYPDSPREAD,sports_prop,16,89668.75
KXLIGAMX1HBTTS,sports_prop,11,88241.64
KXLIGAMXFTTS,sports_prop,33,88170.21
KXPGAMAJORWIN,sports_prop,33,85360.89
KXMLBALLSTAR,sports_prop,45,84742.29
KXUECL1HSPREAD,sports_prop,79,83769.13
KXWCGOALCOMBO,sports_prop,43,79239.02
KXLPGAR1LEAD,sports_prop,52,79164.82
KXNPBRFI,sports_prop,44,78470.59999999999
KXLOL,sports_prop,8,77132.59000000001
KXLIVR1LEAD,sports_prop,42,76352.58
KXWCMBAPPEGOALLEADER,sports_prop,5,74075.62
KXPGAR1TOP5,sports_prop,175,73258.19
KXPGAR3TOP10,sports_prop,363,72686.2
KXCANPLGAME,sports_game,9,71536.43
KXMLS1HBTTS,sports_prop,20,70868.98
KXWTADOUBLES,sports_prop,2,69296.45000000001
KXUELTEAMTOTAL,sports_prop,62,68966.54
KXPGAWINNINGSCORE,sports_prop,7,68847.65
KXUSL1H,sports_prop,33,68475.28
KXMLSFTTS,sports_prop,59,66347.88
KXWNBAOT,sports_prop,42,65738.13
KXCHNSLBTTS,sports_prop,8,63823.95
KXBRASILEIRO1HSPREAD,sports_prop,23,62996.049999999996
KXWCLONGESTPEN,sports_prop,7,62874.78999999999
KXUSLSPREAD,sports_prop,44,62763.71
KXWCFASTESTGOAL,sports_prop,1,62303.23999999995
KXPBAGAME,sports_game,4,62283.579999999994
KXARGPREMDIVSPREAD,sports_prop,12,62145.05
KXNASCARTOP20,sports_prop,75,62100.200000000004
KXUFCOCCUR,sports_prop,1,61451.28000000001
KXUELSCORE,sports_prop,121,60949.13
KXARGPREMDIVBTTS,sports_prop,3,59186.35
KXWCTEAMH2H,sports_prop,3,59068.740000000005
KXF1TOP5,sports_prop,16,55422.62
KXMLC,sports_prop,6,51702.64
KXPGAR2TOP10,sports_prop,90,51594.82
KXF1FASTLAP,sports_prop,13,50962.55999999999
KXPGAR1TOP20,sports_prop,75,50821.88
KXSCOCUPSPREAD,sports_prop,64,49695.2
KXBRASILEIROB1HSPREAD,sports_prop,36,48497.17
KXPGAHOLEINONE,sports_prop,12,46108.4
KXCONMEBOLSUD1HSPREAD,sports_prop,15,43217.86
KXTITLEDTUESTOP,sports_prop,128,41953.68
KXINDYCARTOP3,sports_prop,20,41014.520000000004
KXMLBHRDERBYQUAL,sports_prop,29,40262.59
KXTBTGAME,sports_game,12,40226.74
KXPGAROUNDLOW,sports_prop,20,38590.97
KXUCL1HBTTS,sports_prop,28,37802.97
KXF1TOP10,sports_prop,22,37403.85
KXNWSLBTTS,sports_prop,8,36965.72
KXURYPDBTTS,sports_prop,4,36701.64
KXGOLFTOURN,sports_prop,16,34457.49
KXNASCARTOPTEAM,sports_prop,43,34233.89
KXPGABOGEYFREE,sports_prop,10,32334.79
KXBRASILEIRO1HBTTS,sports_prop,12,31864.93
KXBIG3GAME,sports_game,20,30027.31
KXUSLBTTS,sports_prop,11,28744.83
KXWCKOPENALTIES,sports_prop,4,28093.700000000004
KXPGAPLAYOFF,sports_prop,4,25781.309999999998
KXPGALOWSCORE,sports_prop,8,25515.7
KXUECLFTTS,sports_prop,96,25277.600000000002
KXINDYCARTOP10,sports_prop,25,24523.77
KXAPFDDHSPREAD,sports_prop,4,24158.949999999997
KXUECL1HBTTS,sports_prop,48,23934.8
KXPGAR3TOP5,sports_prop,22,22964.91
KXAPFDDHBTTS,sports_prop,1,19852.7
KXTITLEDTUESDAY,sports_prop,24,19777.120000000003
KXCONMEBOLSUD1HBTTS,sports_prop,8,19120.32
KXNASCARFASTLAP,sports_prop,60,18986.3
KXBRASILEIROB1HBTTS,sports_prop,20,17746.96
KXCS2,sports_prop,7,17262.39
KXCANPLTOTAL,sports_prop,12,16740.0
KXMOTOGPRACE,sports_prop,10,16577.01
KXTFWORLDRECORD,sports_prop,1,16276.43
KXBRASILEIROFTTS,sports_prop,30,16222.3
KXF1TOPCONSTRUCTOR,sports_prop,8,16025.91
KXKLEAGUE1HBTTS,sports_prop,12,15887.81
KXATPGRANDSLAM,sports_prop,1,14778.44
KXNASCARCHALLENGE,sports_prop,6,14723.45
KXUEL1HSPREAD,sports_prop,16,14277.460000000001
KXKLEAGUE1HSPREAD,sports_prop,20,14221.5
KXESPYSWEEP,sports_prop,1,13854.49
KXLIVR2LEAD,sports_prop,6,13373.76
KXRUGBYESLMATCH,sports_prop,39,13099.11
KXCHAMPTOURR1LEAD,sports_prop,33,12874.93
KXLPGAR2LEAD,sports_prop,15,10980.19
KXMANAGEROUTDATE,sports_prop,1,10969.19
KXCANPLSPREAD,sports_prop,12,10946.33
KXWNBA40PTS,sports_prop,1,10821.49
KXGOLFMAJORS,sports_prop,1,8900.3
KXWCGOALSTREAK,sports_prop,3,8703.47
KXMLBSTATCOUNT,sports_prop,5,8201.53
KXATPADVANCE,sports_prop,3,7947.65
KXWCCLUBGOALS,sports_prop,4,7908.39
KXPPLMATCH,sports_prop,10,7897.549999999999
KXGRANDSLAM,sports_prop,1,7871.23
KXMLBFTGAME,sports_game,2,7589.62
KXUEL1HBTTS,sports_prop,9,7060.2
KXPGA1STTIMEWIN,sports_prop,1,6771.580000000001
KXGOLFMAJOR,sports_prop,2,6015.610000000001
KXWCOLIMPICO,sports_prop,1,5965.719999999999
KXGOLFNEXTWIN,sports_prop,2,5888.78
KXSCOCUPBTTS,sports_prop,16,4733.76
KXLIVTOUR,sports_prop,2,4675.9400000000005
KXWCNOEURSA,sports_prop,1,4258.35
KXMCGREGORFIGHTNEXT,sports_prop,10,3843.07
KXWCGOALIEGOAL,sports_prop,1,3570.62
KXWNBAWINS,sports_prop,5,3333.78
KXUELFTTS,sports_prop,17,3285.14
KXLPGAR3LEAD,sports_prop,5,2915.44
KXUSL1HSPREAD,sports_prop,17,2681.83
KXPGAWINNERREGION,sports_prop,4,2409.5
KXJOINCLUB,sports_prop,10,2365.96
KXCANPLBTTS,sports_prop,3,2194.44
KXUSL1HBTTS,sports_prop,11,1852.58
KXTALLSHIPRACE,sports_prop,4,1828.2600000000002
KXMANAGERSOUT,sports_prop,1,1179.75
KXPGAALBATROSS,sports_prop,1,1047.15
KXIMOCOUNTRY,sports_prop,4,977.59
KXPGASTROKEMARGIN,sports_prop,7,743.25
KXNCAAMBNEXTCOACH,sports_prop,2,553.29
KXWNBAALLSTARS,sports_prop,11,394.0
KXNBATRADE,sports_prop,4,195.0
KXNEXTTEAMNBA,sports_prop,4,30.73
KXMLBDEBUT,sports_prop,5,29.0
KXWNBAGAMESPLAYED,sports_game,1,11.31
