date,latency_id,cancel_timer_us,track,refill_group,horizon_us,total_slices,observed_slices,censored_slices,total_filled_count_e4,observed_count_e4,censored_count_e4,weighted_gross_sum_e8,weighted_censored_entry_price_sum_e8,weighted_gross_lower_sum_e8,weighted_gross_upper_sum_e8,coverage_count_num_e4,coverage_count_den_e4,mean_gross_e4
2026-07-12,FAST,200000,OPTIMISTIC_AT_TOUCH,NON_REFILL_OR_CENSORED,100000,2620,2545,104,25233700,24371100,862600,-3246530000,3646700000,-6893230000,1732770000,24371100,25233700,-133.21228832510639
2026-07-12,FAST,200000,OPTIMISTIC_AT_TOUCH,NON_REFILL_OR_CENSORED,200000,2620,2569,79,25233700,24606000,627700,-3300480000,2356560000,-5657040000,619960000,24606000,25233700,-134.13313825896122
2026-07-12,FAST,200000,OPTIMISTIC_AT_TOUCH,NON_REFILL_OR_CENSORED,500000,2620,2400,244,25233700,22958600,2275100,-3314440000,10206680000,-13521120000,9229880000,22958600,25233700,-144.3659456587074
2026-07-12,FAST,200000,OPTIMISTIC_AT_TOUCH,NON_REFILL_OR_CENSORED,1000000,2620,2215,427,25233700,21212300,4021400,-3325080000,17924340000,-21249420000,18964580000,21212300,25233700,-156.75245022934806
2026-07-12,FAST,200000,OPTIMISTIC_AT_TOUCH,REFILL_BY_TIMER,100000,2219,2126,101,21282600,20337700,944900,-769270000,4265110000,-5034380000,4414620000,20337700,21282600,-37.82482778288597
2026-07-12,FAST,200000,OPTIMISTIC_AT_TOUCH,REFILL_BY_TIMER,200000,2219,2167,62,21282600,20723800,558800,-816470000,2419510000,-3235980000,2352020000,20723800,21282600,-39.39769733350061
2026-07-12,FAST,200000,OPTIMISTIC_AT_TOUCH,REFILL_BY_TIMER,500000,2219,1999,229,21282600,19127000,2155600,-747380000,11380940000,-12128320000,9427680000,19127000,21282600,-39.07460657708998
2026-07-12,FAST,200000,OPTIMISTIC_AT_TOUCH,REFILL_BY_TIMER,1000000,2219,1930,295,21282600,18453600,2829000,-721670000,14605530000,-15327200000,12962800000,18453600,21282600,-39.107274461351714
2026-07-12,FAST,200000,QUEUE_PESSIMISTIC,NON_REFILL_OR_CENSORED,100000,1281,1255,42,12323600,11969700,353900,-2508990000,1303980000,-3812970000,-273970000,11969700,12323600,-209.6117697185393
2026-07-12,FAST,200000,QUEUE_PESSIMISTIC,NON_REFILL_OR_CENSORED,200000,1281,1261,37,12323600,12015200,308400,-2529980000,883890000,-3413870000,-329870000,12015200,12323600,-210.56495106198815
2026-07-12,FAST,200000,QUEUE_PESSIMISTIC,NON_REFILL_OR_CENSORED,500000,1281,1195,98,12323600,11413800,909800,-2503030000,3833510000,-6336540000,2761460000,11413800,12323600,-219.29856839965655
2026-07-12,FAST,200000,QUEUE_PESSIMISTIC,NON_REFILL_OR_CENSORED,1000000,1281,1114,179,12323600,10638000,1685600,-2512970000,7003500000,-9516470000,7339530000,10638000,12323600,-236.22579432224103
2026-07-12,FAST,200000,QUEUE_PESSIMISTIC,REFILL_BY_TIMER,100000,857,839,25,8265100,8038600,226500,-674250000,1014490000,-1688740000,576260000,8038600,8265100,-83.87654566715597
2026-07-12,FAST,200000,QUEUE_PESSIMISTIC,REFILL_BY_TIMER,200000,857,845,21,8265100,8098900,166200,-694290000,709290000,-1403580000,258420000,8098900,8265100,-85.72645667930213
2026-07-12,FAST,200000,QUEUE_PESSIMISTIC,REFILL_BY_TIMER,500000,857,774,92,8265100,7412500,852600,-642660000,4150630000,-4793290000,3732710000,7412500,8265100,-86.69949409780776
2026-07-12,FAST,200000,QUEUE_PESSIMISTIC,REFILL_BY_TIMER,1000000,857,734,128,8265100,7046000,1219100,-622310000,6096250000,-6718560000,5472440000,7046000,8265100,-88.3210332103321
2026-07-12,FAST,200000,STRICT_THROUGH,NON_REFILL_OR_CENSORED,100000,1097,1078,31,10596000,10330300,265700,-2394420000,802760000,-3197180000,-540180000,10330300,10596000,-231.78610495338955
2026-07-12,FAST,200000,STRICT_THROUGH,NON_REFILL_OR_CENSORED,200000,1097,1080,33,10596000,10321600,274400,-2393700000,729750000,-3123450000,-379450000,10321600,10596000,-231.91171911331577
2026-07-12,FAST,200000,STRICT_THROUGH,NON_REFILL_OR_CENSORED,500000,1097,1030,77,10596000,9887400,708600,-2352510000,2747010000,-5099520000,1986480000,9887400,10596000,-237.93009284543965
2026-07-12,FAST,200000,STRICT_THROUGH,NON_REFILL_OR_CENSORED,1000000,1097,972,135,10596000,9310700,1285300,-2358950000,5364900000,-7723850000,5129150000,9310700,10596000,-253.35903852556737
2026-07-12,FAST,200000,STRICT_THROUGH,REFILL_BY_TIMER,100000,441,432,14,4224600,4096200,128400,-587090000,514570000,-1101660000,182340000,4096200,4224600,-143.32552121478443
2026-07-12,FAST,200000,STRICT_THROUGH,REFILL_BY_TIMER,200000,441,436,9,4224600,4144900,79700,-594770000,265830000,-860600000,-63600000,4144900,4224600,-143.49441482303553
2026-07-12,FAST,200000,STRICT_THROUGH,REFILL_BY_TIMER,500000,441,407,41,4224600,3843500,381100,-521860000,1713790000,-2235650000,1575350000,3843500,4224600,-135.77728632756603
2026-07-12,FAST,200000,STRICT_THROUGH,REFILL_BY_TIMER,1000000,441,388,57,4224600,3678400,546200,-481430000,2634980000,-3116410000,2345590000,3678400,4224600,-130.8802740321879
2026-07-12,FAST,300000,OPTIMISTIC_AT_TOUCH,NON_REFILL_OR_CENSORED,100000,3288,3180,140,31639900,30434700,1205200,-3835640000,5393390000,-9229030000,2822970000,30434700,31639900,-126.02851350596524
2026-07-12,FAST,300000,OPTIMISTIC_AT_TOUCH,NON_REFILL_OR_CENSORED,200000,3288,3212,106,31639900,30746700,893200,-3893190000,3764200000,-7657390000,1274610000,30746700,31639900,-126.62139351540165
2026-07-12,FAST,300000,OPTIMISTIC_AT_TOUCH,NON_REFILL_OR_CENSORED,500000,3288,2958,356,31639900,28297200,3342700,-3894190000,15019640000,-18913830000,14513170000,28297200,31639900,-137.61750279179566
2026-07-12,FAST,300000,OPTIMISTIC_AT_TOUCH,NON_REFILL_OR_CENSORED,1000000,3288,2770,544,31639900,26519700,5120200,-3914870000,23169100000,-27083970000,24118030000,26519700,31639900,-147.6212023514595
2026-07-12,FAST,300000,OPTIMISTIC_AT_TOUCH,REFILL_BY_TIMER,100000,2422,2324,109,23235800,22226000,1009800,-851180000,4566880000,-5418060000,4679940000,22226000,23235800,-38.29658957977144
2026-07-12,FAST,300000,OPTIMISTIC_AT_TOUCH,REFILL_BY_TIMER,200000,2422,2370,65,23235800,22654700,581100,-886560000,2516540000,-3403100000,2407900000,22654700,23235800,-39.13360141604171
2026-07-12,FAST,300000,OPTIMISTIC_AT_TOUCH,REFILL_BY_TIMER,500000,2422,2185,248,23235800,20893700,2342100,-820880000,12285840000,-13106720000,10314280000,20893700,23235800,-39.28839793813446
2026-07-12,FAST,300000,OPTIMISTIC_AT_TOUCH,REFILL_BY_TIMER,1000000,2422,2112,316,23235800,20220000,3015800,-793670000,15509730000,-16303400000,13854600000,20220000,23235800,-39.25173095944609
2026-07-12,FAST,300000,QUEUE_PESSIMISTIC,NON_REFILL_OR_CENSORED,100000,1670,1635,53,16074500,15618000,456500,-3024840000,1944790000,-4969630000,-404630000,15618000,16074500,-193.67652708413368
2026-07-12,FAST,300000,QUEUE_PESSIMISTIC,NON_REFILL_OR_CENSORED,200000,1670,1645,44,16074500,15698700,375800,-3041360000,1351350000,-4392710000,-634710000,15698700,16074500,-193.73323905801118
2026-07-12,FAST,300000,QUEUE_PESSIMISTIC,NON_REFILL_OR_CENSORED,500000,1670,1539,145,16074500,14714500,1360000,-2985320000,5977030000,-8962350000,4637650000,14714500,16074500,-202.88287063780623
2026-07-12,FAST,300000,QUEUE_PESSIMISTIC,NON_REFILL_OR_CENSORED,1000000,1670,1441,244,16074500,13777500,2297000,-2989640000,9901700000,-12891340000,10078660000,13777500,16074500,-216.99437488659046
2026-07-12,FAST,300000,QUEUE_PESSIMISTIC,REFILL_BY_TIMER,100000,946,925,30,9135100,8866000,269100,-759260000,1220990000,-1980250000,710750000,8866000,9135100,-85.6372659598466
2026-07-12,FAST,300000,QUEUE_PESSIMISTIC,REFILL_BY_TIMER,200000,946,933,24,9135100,8946300,188800,-767250000,804790000,-1572040000,315960000,8946300,9135100,-85.76171154555514
2026-07-12,FAST,300000,QUEUE_PESSIMISTIC,REFILL_BY_TIMER,500000,946,856,101,9135100,8195500,939600,-712160000,4700080000,-5412240000,3983760000,8195500,9135100,-86.89646757366847
2026-07-12,FAST,300000,QUEUE_PESSIMISTIC,REFILL_BY_TIMER,1000000,946,813,138,9135100,7816000,1319100,-696310000,6656250000,-7352560000,5838440000,7816000,9135100,-89.08776867963152
2026-07-12,FAST,300000,STRICT_THROUGH,NON_REFILL_OR_CENSORED,100000,1435,1407,42,13868200,13499900,368300,-2926780000,1404570000,-4331350000,-648350000,13499900,13868200,-216.80012444536627
2026-07-12,FAST,300000,STRICT_THROUGH,NON_REFILL_OR_CENSORED,200000,1435,1415,38,13868200,13546400,321800,-2927590000,1005210000,-3932800000,-714800000,13546400,13868200,-216.11572078190517
2026-07-12,FAST,300000,STRICT_THROUGH,NON_REFILL_OR_CENSORED,500000,1435,1333,114,13868200,12804300,1063900,-2861800000,4446630000,-7308430000,3330570000,12804300,13868200,-223.50304194684597
2026-07-12,FAST,300000,STRICT_THROUGH,NON_REFILL_OR_CENSORED,1000000,1435,1262,186,13868200,12087700,1780500,-2857620000,7707490000,-10565110000,7239890000,12087700,13868200,-236.40725696369037
2026-07-12,FAST,300000,STRICT_THROUGH,REFILL_BY_TIMER,100000,491,481,16,4679600,4538700,140900,-660590000,540570000,-1201160000,207840000,4538700,4679600,-145.54608147707492
2026-07-12,FAST,300000,STRICT_THROUGH,REFILL_BY_TIMER,200000,491,486,10,4679600,4597400,82200,-659270000,273830000,-933100000,-111100000,4597400,4679600,-143.400617740462
2026-07-12,FAST,300000,STRICT_THROUGH,REFILL_BY_TIMER,500000,491,454,46,4679600,4256500,423100,-576360000,1906240000,-2482600000,1748400000,4256500,4679600,-135.4070245506872
2026-07-12,FAST,300000,STRICT_THROUGH,REFILL_BY_TIMER,1000000,491,433,62,4679600,4083400,596200,-530430000,2840980000,-3371410000,2590590000,4083400,4679600,-129.89910368810305
2026-07-12,PRIMARY,200000,OPTIMISTIC_AT_TOUCH,NON_REFILL_OR_CENSORED,100000,1946,1863,106,18765200,17850200,915000,-2110380000,3738700000,-5849080000,3300920000,17850200,18765200,-118.22724675353777
2026-07-12,PRIMARY,200000,OPTIMISTIC_AT_TOUCH,NON_REFILL_OR_CENSORED,200000,1946,1894,71,18765200,18164800,600400,-2104520000,2214900000,-4319420000,1684580000,18164800,18765200,-115.85704219149123
2026-07-12,PRIMARY,200000,OPTIMISTIC_AT_TOUCH,NON_REFILL_OR_CENSORED,500000,1946,1731,236,18765200,16547200,2218000,-2044640000,9960480000,-12005120000,10174880000,16547200,18765200,-123.56410752272288
2026-07-12,PRIMARY,200000,OPTIMISTIC_AT_TOUCH,NON_REFILL_OR_CENSORED,1000000,1946,1628,337,18765200,15574800,3190400,-2068080000,14242860000,-16310940000,15593060000,15574800,18765200,-132.78372755990446
2026-07-12,PRIMARY,200000,OPTIMISTIC_AT_TOUCH,REFILL_BY_TIMER,100000,2205,2111,103,21185900,20222200,963700,-767270000,4250270000,-5017540000,4619460000,20222200,21185900,-37.941964771389856
2026-07-12,PRIMARY,200000,OPTIMISTIC_AT_TOUCH,REFILL_BY_TIMER,200000,2205,2151,65,21185900,20598300,587600,-814470000,2513670000,-3328140000,2547860000,20598300,21185900,-39.540641703441544
2026-07-12,PRIMARY,200000,OPTIMISTIC_AT_TOUCH,REFILL_BY_TIMER,500000,2205,1990,223,21185900,19064800,2121100,-741440000,11310690000,-12052130000,9158870000,19064800,21185900,-38.890520750283244
2026-07-12,PRIMARY,200000,OPTIMISTIC_AT_TOUCH,REFILL_BY_TIMER,1000000,2205,1914,296,21185900,18323700,2862200,-720670000,14656770000,-15377440000,13244560000,18323700,21185900,-39.329938822399406
2026-07-12,PRIMARY,200000,QUEUE_PESSIMISTIC,NON_REFILL_OR_CENSORED,100000,931,906,35,8959900,8663800,296100,-1685050000,1049130000,-2734180000,226820000,8663800,8959900,-194.49317851289274
2026-07-12,PRIMARY,200000,QUEUE_PESSIMISTIC,NON_REFILL_OR_CENSORED,200000,931,914,27,8959900,8730300,229600,-1668180000,673650000,-2341830000,-45830000,8730300,8959900,-191.07934435242774
2026-07-12,PRIMARY,200000,QUEUE_PESSIMISTIC,NON_REFILL_OR_CENSORED,500000,931,861,80,8959900,8207600,752300,-1581560000,3180350000,-4761910000,2761090000,8207600,8959900,-192.69457575905258
2026-07-12,PRIMARY,200000,QUEUE_PESSIMISTIC,NON_REFILL_OR_CENSORED,1000000,931,812,127,8959900,7776400,1183500,-1571480000,4841990000,-6413470000,5421530000,7776400,8959900,-202.08322617149324
2026-07-12,PRIMARY,200000,QUEUE_PESSIMISTIC,REFILL_BY_TIMER,100000,658,647,18,6313000,6146200,166800,-635100000,557980000,-1193080000,474920000,6146200,6313000,-103.33214018417884
2026-07-12,PRIMARY,200000,QUEUE_PESSIMISTIC,REFILL_BY_TIMER,200000,658,650,16,6313000,6179100,133900,-627480000,376270000,-1003750000,335250000,6179100,6313000,-101.54876923823858
2026-07-12,PRIMARY,200000,QUEUE_PESSIMISTIC,REFILL_BY_TIMER,500000,658,606,61,6313000,5766900,546100,-568230000,2552650000,-3120880000,2340120000,5766900,6313000,-98.53300733496333
2026-07-12,PRIMARY,200000,QUEUE_PESSIMISTIC,REFILL_BY_TIMER,1000000,658,570,93,6313000,5437300,875700,-564500000,4185710000,-4750210000,4006790000,5437300,6313000,-103.81991061740202
2026-07-12,PRIMARY,200000,STRICT_THROUGH,NON_REFILL_OR_CENSORED,100000,821,800,29,7981200,7720800,260400,-1650700000,799120000,-2449820000,154180000,7720800,7981200,-213.79908817739096
2026-07-12,PRIMARY,200000,STRICT_THROUGH,NON_REFILL_OR_CENSORED,200000,821,806,25,7981200,7766900,214300,-1608600000,577810000,-2186410000,-43410000,7766900,7981200,-207.10965764977018
2026-07-12,PRIMARY,200000,STRICT_THROUGH,NON_REFILL_OR_CENSORED,500000,821,761,69,7981200,7333700,647500,-1533420000,2504180000,-4037600000,2437400000,7333700,7981200,-209.0922726590943
2026-07-12,PRIMARY,200000,STRICT_THROUGH,NON_REFILL_OR_CENSORED,1000000,821,720,109,7981200,6937700,1043500,-1518630000,4264990000,-5783620000,4651380000,6937700,7981200,-218.89531112616572
2026-07-12,PRIMARY,200000,STRICT_THROUGH,REFILL_BY_TIMER,100000,442,433,15,4252100,4107000,145100,-593360000,567140000,-1160500000,290500000,4107000,4252100,-144.47528609690772
2026-07-12,PRIMARY,200000,STRICT_THROUGH,REFILL_BY_TIMER,200000,442,437,10,4252100,4163000,89100,-601040000,272410000,-873450000,17550000,4163000,4252100,-144.3766514532789
2026-07-12,PRIMARY,200000,STRICT_THROUGH,REFILL_BY_TIMER,500000,442,408,40,4252100,3880400,371700,-526190000,1771210000,-2297400000,1419600000,3880400,4252100,-135.6019997938357
2026-07-12,PRIMARY,200000,STRICT_THROUGH,REFILL_BY_TIMER,1000000,442,386,59,4252100,3685300,566800,-489430000,2656400000,-3145830000,2522170000,3685300,4252100,-132.8060130789895
2026-07-12,PRIMARY,300000,OPTIMISTIC_AT_TOUCH,NON_REFILL_OR_CENSORED,100000,2586,2466,147,24865200,23567500,1297700,-2736720000,5884230000,-8620950000,4356050000,23567500,24865200,-116.12262649835579
2026-07-12,PRIMARY,300000,OPTIMISTIC_AT_TOUCH,NON_REFILL_OR_CENSORED,200000,2586,2507,101,24865200,23979200,886000,-2741750000,3923380000,-6665130000,2194870000,23979200,24865200,-114.33867685327283
2026-07-12,PRIMARY,300000,OPTIMISTIC_AT_TOUCH,NON_REFILL_OR_CENSORED,500000,2586,2279,331,24865200,21735000,3130200,-2675960000,14067820000,-16743780000,14558220000,21735000,24865200,-123.11755233494364
2026-07-12,PRIMARY,300000,OPTIMISTIC_AT_TOUCH,NON_REFILL_OR_CENSORED,1000000,2586,2172,435,24865200,20767900,4097300,-2682590000,18253490000,-20936080000,20036920000,20767900,24865200,-129.17001718999032
2026-07-12,PRIMARY,300000,OPTIMISTIC_AT_TOUCH,REFILL_BY_TIMER,100000,2406,2307,111,23119100,22090500,1028600,-849180000,4552040000,-5401220000,4884780000,22090500,23119100,-38.44095878318734
2026-07-12,PRIMARY,300000,OPTIMISTIC_AT_TOUCH,REFILL_BY_TIMER,200000,2406,2352,68,23119100,22509200,609900,-884560000,2610700000,-3495260000,2603740000,22509200,23119100,-39.29770938105308
2026-07-12,PRIMARY,300000,OPTIMISTIC_AT_TOUCH,REFILL_BY_TIMER,500000,2406,2175,241,23119100,20821500,2297600,-813940000,12174590000,-12988530000,9987470000,20821500,23119100,-39.091323871959275
2026-07-12,PRIMARY,300000,OPTIMISTIC_AT_TOUCH,REFILL_BY_TIMER,1000000,2406,2095,316,23119100,20080100,3039000,-791670000,15531970000,-16323640000,14066360000,20080100,23119100,-39.42560047011718
2026-07-12,PRIMARY,300000,QUEUE_PESSIMISTIC,NON_REFILL_OR_CENSORED,100000,1280,1241,51,12262900,11814200,448700,-2240690000,1902940000,-4143630000,343370000,11814200,12262900,-189.66074723637655
2026-07-12,PRIMARY,300000,QUEUE_PESSIMISTIC,NON_REFILL_OR_CENSORED,200000,1280,1252,40,12262900,11905900,357000,-2225640000,1374110000,-3599750000,-29750000,11905900,12262900,-186.93588892901838
2026-07-12,PRIMARY,300000,QUEUE_PESSIMISTIC,NON_REFILL_OR_CENSORED,500000,1280,1177,115,12262900,11188000,1074900,-2120420000,4661880000,-6782300000,3966700000,11188000,12262900,-189.52627815516624
2026-07-12,PRIMARY,300000,QUEUE_PESSIMISTIC,NON_REFILL_OR_CENSORED,1000000,1280,1109,180,12262900,10610700,1652200,-2076650000,6967120000,-9043770000,7478230000,10610700,12262900,-195.71281819295618
2026-07-12,PRIMARY,300000,QUEUE_PESSIMISTIC,REFILL_BY_TIMER,100000,746,732,23,7163000,6953600,209400,-720110000,764480000,-1484590000,609410000,6953600,7163000,-103.55930740911182
2026-07-12,PRIMARY,300000,QUEUE_PESSIMISTIC,REFILL_BY_TIMER,200000,746,737,19,7163000,7006500,156500,-700440000,471770000,-1172210000,392790000,7006500,7163000,-99.9700278312995
2026-07-12,PRIMARY,300000,QUEUE_PESSIMISTIC,REFILL_BY_TIMER,500000,746,688,69,7163000,6539900,623100,-638730000,3020100000,-3658830000,2572170000,6539900,7163000,-97.66663098824141
2026-07-12,PRIMARY,300000,QUEUE_PESSIMISTIC,REFILL_BY_TIMER,1000000,746,647,104,7163000,6187300,975700,-635500000,4750710000,-5386210000,4370790000,6187300,7163000,-102.71039063888934
2026-07-12,PRIMARY,300000,STRICT_THROUGH,NON_REFILL_OR_CENSORED,100000,1135,1101,44,10946600,10543600,403000,-2179620000,1627930000,-3807550000,222450000,10543600,10946600,-206.72445843924277
2026-07-12,PRIMARY,300000,STRICT_THROUGH,NON_REFILL_OR_CENSORED,200000,1135,1110,37,10946600,10614900,331700,-2142400000,1253270000,-3395670000,-78670000,10614900,10946600,-201.82950381068122
2026-07-12,PRIMARY,300000,STRICT_THROUGH,NON_REFILL_OR_CENSORED,500000,1135,1048,98,10946600,10031400,915200,-2064150000,3824810000,-5888960000,3263040000,10031400,10946600,-205.76888569890545
2026-07-12,PRIMARY,300000,STRICT_THROUGH,NON_REFILL_OR_CENSORED,1000000,1135,991,153,10946600,9489900,1456700,-2014670000,6129100000,-8143770000,6423230000,9489900,10946600,-212.29623072951242
2026-07-12,PRIMARY,300000,STRICT_THROUGH,REFILL_BY_TIMER,100000,493,483,18,4712100,4552000,160100,-668360000,601140000,-1269500000,331500000,4552000,4712100,-146.82776801405976
2026-07-12,PRIMARY,300000,STRICT_THROUGH,REFILL_BY_TIMER,200000,493,488,12,4712100,4618000,94100,-667040000,288410000,-955450000,-14450000,4618000,4712100,-144.44348202685146
2026-07-12,PRIMARY,300000,STRICT_THROUGH,REFILL_BY_TIMER,500000,493,456,46,4712100,4295900,416200,-582190000,1971660000,-2553850000,1608150000,4295900,4712100,-135.52224213785237
2026-07-12,PRIMARY,300000,STRICT_THROUGH,REFILL_BY_TIMER,1000000,493,432,64,4712100,4095300,616800,-542930000,2862400000,-3405330000,2762670000,4095300,4712100,-132.57392620809222
2026-07-12,STRESS,200000,OPTIMISTIC_AT_TOUCH,NON_REFILL_OR_CENSORED,100000,1079,1009,74,10298900,9595400,703500,-835530000,3240810000,-4076340000,2958660000,9595400,10298900,-87.07609896408695
2026-07-12,STRESS,200000,OPTIMISTIC_AT_TOUCH,NON_REFILL_OR_CENSORED,200000,1079,1040,45,10298900,9889800,409100,-817300000,1798790000,-2616090000,1474910000,9889800,10298900,-82.64070051972739
2026-07-12,STRESS,200000,OPTIMISTIC_AT_TOUCH,NON_REFILL_OR_CENSORED,500000,1079,937,147,10298900,8923200,1375700,-766580000,6735750000,-7502330000,6254670000,8923200,10298900,-85.90864263941187
2026-07-12,STRESS,200000,OPTIMISTIC_AT_TOUCH,NON_REFILL_OR_CENSORED,1000000,1079,899,189,10298900,8518300,1780600,-751580000,8163200000,-8914780000,8891220000,8518300,10298900,-88.23121984433514
2026-07-12,STRESS,200000,OPTIMISTIC_AT_TOUCH,REFILL_BY_TIMER,100000,1860,1758,111,17895300,16853400,1041900,-600660000,4828760000,-5429420000,4989580000,16853400,17895300,-35.64028623304496
2026-07-12,STRESS,200000,OPTIMISTIC_AT_TOUCH,REFILL_BY_TIMER,200000,1860,1807,64,17895300,17303800,591500,-623230000,2646910000,-3270140000,2644860000,17303800,17895300,-36.016944255019126
2026-07-12,STRESS,200000,OPTIMISTIC_AT_TOUCH,REFILL_BY_TIMER,500000,1860,1698,173,17895300,16314400,1580900,-590000000,7988390000,-8578390000,7230610000,16314400,17895300,-36.16437012700436
2026-07-12,STRESS,200000,OPTIMISTIC_AT_TOUCH,REFILL_BY_TIMER,1000000,1860,1637,231,17895300,15680600,2214700,-542410000,11403160000,-11945570000,10201430000,15680600,17895300,-34.59115084881956
2026-07-12,STRESS,200000,QUEUE_PESSIMISTIC,NON_REFILL_OR_CENSORED,100000,453,441,13,4315100,4194700,120400,-671540000,544820000,-1216360000,-12360000,4194700,4315100,-160.0924976756383
2026-07-12,STRESS,200000,QUEUE_PESSIMISTIC,NON_REFILL_OR_CENSORED,200000,453,447,7,4315100,4246300,68800,-642330000,233400000,-875730000,-187730000,4246300,4315100,-151.26816287120553
2026-07-12,STRESS,200000,QUEUE_PESSIMISTIC,NON_REFILL_OR_CENSORED,500000,453,408,49,4315100,3847300,467800,-584230000,2234630000,-2818860000,1859140000,3847300,4315100,-151.85454734489122
2026-07-12,STRESS,200000,QUEUE_PESSIMISTIC,NON_REFILL_OR_CENSORED,1000000,453,386,74,4315100,3592000,723100,-544350000,3142580000,-3686930000,3544070000,3592000,4315100,-151.54510022271714
2026-07-12,STRESS,200000,QUEUE_PESSIMISTIC,REFILL_BY_TIMER,100000,382,374,13,3724200,3605800,118400,-473810000,431880000,-905690000,278310000,3605800,3724200,-131.4021853680182
2026-07-12,STRESS,200000,QUEUE_PESSIMISTIC,REFILL_BY_TIMER,200000,382,380,8,3724200,3662600,61600,-473950000,187990000,-661940000,-45940000,3662600,3724200,-129.40261016764046
2026-07-12,STRESS,200000,QUEUE_PESSIMISTIC,REFILL_BY_TIMER,500000,382,360,29,3724200,3466900,257300,-436710000,1313670000,-1750380000,822620000,3466900,3724200,-125.96556001038391
2026-07-12,STRESS,200000,QUEUE_PESSIMISTIC,REFILL_BY_TIMER,1000000,382,338,46,3724200,3285600,438600,-392690000,2127790000,-2520480000,1865520000,3285600,3724200,-119.51850499147797
2026-07-12,STRESS,200000,STRICT_THROUGH,NON_REFILL_OR_CENSORED,100000,428,416,13,4039200,3918800,120400,-649010000,544820000,-1193830000,10170000,3918800,4039200,-165.61447381851588
2026-07-12,STRESS,200000,STRICT_THROUGH,NON_REFILL_OR_CENSORED,200000,428,422,7,4039200,3970400,68800,-627800000,233400000,-861200000,-173200000,3970400,4039200,-158.1200886560548
2026-07-12,STRESS,200000,STRICT_THROUGH,NON_REFILL_OR_CENSORED,500000,428,386,46,4039200,3606700,432500,-574170000,2027910000,-2602080000,1722920000,3606700,4039200,-159.1953863642665
2026-07-12,STRESS,200000,STRICT_THROUGH,NON_REFILL_OR_CENSORED,1000000,428,364,71,4039200,3351400,687800,-526350000,2979860000,-3506210000,3371790000,3351400,4039200,-157.05376857432714
2026-07-12,STRESS,200000,STRICT_THROUGH,REFILL_BY_TIMER,100000,356,350,11,3426500,3321200,105300,-496810000,346460000,-843270000,209730000,3321200,3426500,-149.58749849452005
2026-07-12,STRESS,200000,STRICT_THROUGH,REFILL_BY_TIMER,200000,356,354,8,3426500,3358000,68500,-492200000,223570000,-715770000,-30770000,3358000,3426500,-146.57534246575344
2026-07-12,STRESS,200000,STRICT_THROUGH,REFILL_BY_TIMER,500000,356,336,27,3426500,3189200,237300,-447210000,1142670000,-1589880000,783120000,3189200,3426500,-140.22638906308794
2026-07-12,STRESS,200000,STRICT_THROUGH,REFILL_BY_TIMER,1000000,356,312,46,3426500,2987900,438600,-393940000,2049790000,-2443730000,1942270000,2987900,3426500,-131.84510860470564
2026-07-12,STRESS,300000,OPTIMISTIC_AT_TOUCH,NON_REFILL_OR_CENSORED,100000,1468,1377,97,14016200,13085400,930800,-1142960000,4399500000,-5542460000,3765540000,13085400,14016200,-87.34620263805462
2026-07-12,STRESS,300000,OPTIMISTIC_AT_TOUCH,NON_REFILL_OR_CENSORED,200000,1468,1415,62,14016200,13449900,566300,-1128270000,2646330000,-3774600000,1888400000,13449900,14016200,-83.88686904735351
2026-07-12,STRESS,300000,OPTIMISTIC_AT_TOUCH,NON_REFILL_OR_CENSORED,500000,1468,1289,186,14016200,12280500,1735700,-1078770000,8368000000,-9446770000,7910230000,12280500,14016200,-87.84414315378038
2026-07-12,STRESS,300000,OPTIMISTIC_AT_TOUCH,NON_REFILL_OR_CENSORED,1000000,1468,1225,254,14016200,11595900,2420300,-1050320000,11092490000,-12142810000,12060190000,11595900,14016200,-90.57684181477936
2026-07-12,STRESS,300000,OPTIMISTIC_AT_TOUCH,REFILL_BY_TIMER,100000,2060,1949,121,19795600,18658100,1137500,-686160000,5268940000,-5955100000,5419900000,18658100,19795600,-36.77544873272198
2026-07-12,STRESS,300000,OPTIMISTIC_AT_TOUCH,REFILL_BY_TIMER,200000,2060,2001,73,19795600,19121900,673700,-709970000,3005790000,-3715760000,3021240000,19121900,19795600,-37.12863261495981
2026-07-12,STRESS,300000,OPTIMISTIC_AT_TOUCH,REFILL_BY_TIMER,500000,2060,1878,195,19795600,18009600,1786000,-661740000,8978790000,-9640530000,8219470000,18009600,19795600,-36.74373667377399
2026-07-12,STRESS,300000,OPTIMISTIC_AT_TOUCH,REFILL_BY_TIMER,1000000,2060,1813,257,19795600,17348000,2447600,-624410000,12580740000,-13205150000,11270850000,17348000,19795600,-35.99319806317731
2026-07-12,STRESS,300000,QUEUE_PESSIMISTIC,NON_REFILL_OR_CENSORED,100000,624,611,15,5956300,5816100,140200,-898480000,626260000,-1524740000,-122740000,5816100,5956300,-154.48152542081465
2026-07-12,STRESS,300000,QUEUE_PESSIMISTIC,NON_REFILL_OR_CENSORED,200000,624,617,9,5956300,5877300,79000,-865810000,251440000,-1117250000,-327250000,5877300,5956300,-147.3142429346809
2026-07-12,STRESS,300000,QUEUE_PESSIMISTIC,NON_REFILL_OR_CENSORED,500000,624,567,63,5956300,5377900,578400,-813180000,2606050000,-3419230000,2364770000,5377900,5956300,-151.20772048569145
2026-07-12,STRESS,300000,QUEUE_PESSIMISTIC,NON_REFILL_OR_CENSORED,1000000,624,533,100,5956300,4985500,970800,-761850000,4398620000,-5160470000,4547530000,4985500,5956300,-152.81315815866012
2026-07-12,STRESS,300000,QUEUE_PESSIMISTIC,REFILL_BY_TIMER,100000,440,431,16,4246600,4113200,133400,-543050000,465880000,-1008930000,325070000,4113200,4246600,-132.02615968102694
2026-07-12,STRESS,300000,QUEUE_PESSIMISTIC,REFILL_BY_TIMER,200000,440,438,11,4246600,4170500,76100,-542190000,220140000,-762330000,-1330000,4170500,4246600,-130.00599448507373
2026-07-12,STRESS,300000,QUEUE_PESSIMISTIC,REFILL_BY_TIMER,500000,440,411,38,4246600,3914300,332300,-484950000,1711670000,-2196620000,1126380000,3914300,4246600,-123.89188360626422
2026-07-12,STRESS,300000,QUEUE_PESSIMISTIC,REFILL_BY_TIMER,1000000,440,389,55,4246600,3719000,527600,-450430000,2496390000,-2946820000,2329180000,3719000,4246600,-121.11589136864748
2026-07-12,STRESS,300000,STRICT_THROUGH,NON_REFILL_OR_CENSORED,100000,582,569,14,5527300,5396900,130400,-887660000,598820000,-1486480000,-182480000,5396900,5527300,-164.4759028331079
2026-07-12,STRESS,300000,STRICT_THROUGH,NON_REFILL_OR_CENSORED,200000,582,575,9,5527300,5443400,83900,-856280000,276920000,-1133200000,-294200000,5443400,5527300,-157.3060954550465
2026-07-12,STRESS,300000,STRICT_THROUGH,NON_REFILL_OR_CENSORED,500000,582,527,61,5527300,4969300,558000,-808810000,2495810000,-3304620000,2275380000,4969300,5527300,-162.76135471796832
2026-07-12,STRESS,300000,STRICT_THROUGH,NON_REFILL_OR_CENSORED,1000000,582,497,94,5527300,4616900,910400,-749850000,4060380000,-4810230000,4293770000,4616900,5527300,-162.41417401286577
2026-07-12,STRESS,300000,STRICT_THROUGH,REFILL_BY_TIMER,100000,409,402,14,3908900,3788600,120300,-577050000,380460000,-957510000,245490000,3788600,3908900,-152.31219975716624
2026-07-12,STRESS,300000,STRICT_THROUGH,REFILL_BY_TIMER,200000,409,407,11,3908900,3825900,83000,-575440000,255720000,-831160000,-1160000,3825900,3908900,-150.4064403146972
2026-07-12,STRESS,300000,STRICT_THROUGH,REFILL_BY_TIMER,500000,409,383,35,3908900,3606600,302300,-510450000,1533670000,-2044120000,978880000,3606600,3908900,-141.53219098319747
2026-07-12,STRESS,300000,STRICT_THROUGH,REFILL_BY_TIMER,1000000,409,359,54,3908900,3391300,517600,-460680000,2402390000,-2863070000,2312930000,3391300,3908900,-135.84171261758027
2026-07-15,FAST,200000,OPTIMISTIC_AT_TOUCH,NON_REFILL_OR_CENSORED,100000,3689,3604,107,35726700,34768000,958700,-5023370000,4370590000,-9393960000,193040000,34768000,35726700,-144.48257017947537
2026-07-15,FAST,200000,OPTIMISTIC_AT_TOUCH,NON_REFILL_OR_CENSORED,200000,3689,3637,71,35726700,35095800,630900,-5266960000,3073360000,-8340320000,-2031320000,35095800,35726700,-150.0737980043196
2026-07-15,FAST,200000,OPTIMISTIC_AT_TOUCH,NON_REFILL_OR_CENSORED,500000,3689,3330,376,35726700,32148500,3578200,-5250350000,16846130000,-22096480000,13685520000,32148500,35726700,-163.31555126988818
2026-07-15,FAST,200000,OPTIMISTIC_AT_TOUCH,NON_REFILL_OR_CENSORED,1000000,3689,3223,482,35726700,31144000,4582700,-5061890000,21102270000,-26164160000,19662840000,31144000,35726700,-162.53178782430004
2026-07-15,FAST,200000,OPTIMISTIC_AT_TOUCH,REFILL_BY_TIMER,100000,2815,2732,94,26993000,26145100,847900,-1262290000,3902970000,-5165260000,3313740000,26145100,26993000,-48.28017487024337
2026-07-15,FAST,200000,OPTIMISTIC_AT_TOUCH,REFILL_BY_TIMER,200000,2815,2759,69,26993000,26402700,590300,-1315510000,2613720000,-3929230000,1973770000,26402700,26993000,-49.82482852132547
2026-07-15,FAST,200000,OPTIMISTIC_AT_TOUCH,REFILL_BY_TIMER,500000,2815,2531,295,26993000,24259100,2733900,-1220070000,13770740000,-14990810000,12348190000,24259100,26993000,-50.293292001764286
2026-07-15,FAST,200000,OPTIMISTIC_AT_TOUCH,REFILL_BY_TIMER,1000000,2815,2405,417,26993000,23033300,3959700,-1085400000,20144750000,-21230150000,18366850000,23033300,26993000,-47.1230783257284
2026-07-15,FAST,200000,QUEUE_PESSIMISTIC,NON_REFILL_OR_CENSORED,100000,2140,2098,54,20788200,20309200,479000,-4186190000,1838780000,-6024970000,-1234970000,20309200,20788200,-206.12284087999527
2026-07-15,FAST,200000,QUEUE_PESSIMISTIC,NON_REFILL_OR_CENSORED,200000,2140,2115,35,20788200,20483900,304300,-4354260000,1244590000,-5598850000,-2555850000,20483900,20788200,-212.56987194821298
2026-07-15,FAST,200000,QUEUE_PESSIMISTIC,NON_REFILL_OR_CENSORED,500000,2140,1952,196,20788200,18945300,1842900,-4275910000,8604730000,-12880640000,5548360000,18945300,20788200,-225.69766643969746
2026-07-15,FAST,200000,QUEUE_PESSIMISTIC,NON_REFILL_OR_CENSORED,1000000,2140,1899,250,20788200,18407700,2380500,-4065990000,11090890000,-15156880000,8648120000,18407700,20788200,-220.8852817027657
2026-07-15,FAST,200000,QUEUE_PESSIMISTIC,REFILL_BY_TIMER,100000,1479,1460,29,14386900,14127100,259800,-1127930000,1218860000,-2346790000,251210000,14127100,14386900,-79.84158107467208
2026-07-15,FAST,200000,QUEUE_PESSIMISTIC,REFILL_BY_TIMER,200000,1479,1465,25,14386900,14170900,216000,-1153070000,949530000,-2102600000,57400000,14170900,14386900,-81.36886154019858
2026-07-15,FAST,200000,QUEUE_PESSIMISTIC,REFILL_BY_TIMER,500000,1479,1341,146,14386900,13000500,1386400,-1047120000,6797720000,-7844840000,6019160000,13000500,14386900,-80.54459443867543
2026-07-15,FAST,200000,QUEUE_PESSIMISTIC,REFILL_BY_TIMER,1000000,1479,1281,204,14386900,12449900,1937000,-891450000,9870290000,-10761740000,8608260000,12449900,14386900,-71.60298476292982
2026-07-15,FAST,200000,STRICT_THROUGH,NON_REFILL_OR_CENSORED,100000,1862,1825,48,18006700,17581200,425500,-4019050000,1759930000,-5778980000,-1523980000,17581200,18006700,-228.59929925147316
2026-07-15,FAST,200000,STRICT_THROUGH,NON_REFILL_OR_CENSORED,200000,1862,1840,32,18006700,17732400,274300,-4177160000,1184590000,-5361750000,-2618750000,17732400,18006700,-235.56653357695518
2026-07-15,FAST,200000,STRICT_THROUGH,NON_REFILL_OR_CENSORED,500000,1862,1709,161,18006700,16499700,1507000,-4110130000,7076420000,-11186550000,3883450000,16499700,18006700,-249.1033170300066
2026-07-15,FAST,200000,STRICT_THROUGH,NON_REFILL_OR_CENSORED,1000000,1862,1669,199,18006700,16100500,1906200,-3916160000,8787100000,-12703260000,6358740000,16100500,18006700,-243.2321977578336
2026-07-15,FAST,200000,STRICT_THROUGH,REFILL_BY_TIMER,100000,723,715,9,7030700,6954300,76400,-928250000,332160000,-1260410000,-496410000,6954300,7030700,-133.47856721740507
2026-07-15,FAST,200000,STRICT_THROUGH,REFILL_BY_TIMER,200000,723,716,11,7030700,6940900,89800,-948070000,307320000,-1255390000,-357390000,6940900,7030700,-136.59179645290956
2026-07-15,FAST,200000,STRICT_THROUGH,REFILL_BY_TIMER,500000,723,677,49,7030700,6575700,455000,-852700000,1940020000,-2792720000,1757280000,6575700,7030700,-129.67440728743708
2026-07-15,FAST,200000,STRICT_THROUGH,REFILL_BY_TIMER,1000000,723,646,80,7030700,6272600,758100,-769110000,4040100000,-4809210000,2771790000,6272600,7030700,-122.61422695532953
2026-07-15,FAST,300000,OPTIMISTIC_AT_TOUCH,NON_REFILL_OR_CENSORED,100000,4680,4548,155,45173200,43799800,1373400,-5931430000,6115340000,-12046770000,1687230000,43799800,45173200,-135.42139461824027
2026-07-15,FAST,300000,OPTIMISTIC_AT_TOUCH,NON_REFILL_OR_CENSORED,200000,4680,4605,98,45173200,44331400,841800,-6169470000,3930940000,-10100410000,-1682410000,44331400,45173200,-139.1670463824738
2026-07-15,FAST,300000,OPTIMISTIC_AT_TOUCH,NON_REFILL_OR_CENSORED,500000,4680,4184,517,45173200,40233800,4939400,-6122590000,23436770000,-29559360000,19834640000,40233800,45173200,-152.1752854565067
2026-07-15,FAST,300000,OPTIMISTIC_AT_TOUCH,NON_REFILL_OR_CENSORED,1000000,4680,4064,633,45173200,39147300,6025900,-5937100000,28048550000,-33985650000,26273350000,39147300,45173200,-151.66052320338824
2026-07-15,FAST,300000,OPTIMISTIC_AT_TOUCH,REFILL_BY_TIMER,100000,3028,2930,111,29045100,28045400,999700,-1341590000,4591730000,-5933320000,4063680000,28045400,29045100,-47.83636532194228
2026-07-15,FAST,300000,OPTIMISTIC_AT_TOUCH,REFILL_BY_TIMER,200000,3028,2964,78,29045100,28372700,672400,-1398530000,2942350000,-4340880000,2383120000,28372700,29045100,-49.29139630701343
2026-07-15,FAST,300000,OPTIMISTIC_AT_TOUCH,REFILL_BY_TIMER,500000,3028,2726,314,29045100,26136200,2908900,-1286740000,14724240000,-16010980000,13078020000,26136200,29045100,-49.232099540101466
2026-07-15,FAST,300000,OPTIMISTIC_AT_TOUCH,REFILL_BY_TIMER,1000000,3028,2588,447,29045100,24795400,4249700,-1149420000,21841750000,-22991170000,19505830000,24795400,29045100,-46.35617896867967
2026-07-15,FAST,300000,QUEUE_PESSIMISTIC,NON_REFILL_OR_CENSORED,100000,2744,2681,75,26620200,25955200,665000,-4958960000,2500230000,-7459190000,-809190000,25955200,26620200,-191.05843915670079
2026-07-15,FAST,300000,QUEUE_PESSIMISTIC,NON_REFILL_OR_CENSORED,200000,2744,2707,49,26620200,26191000,429200,-5109530000,1677560000,-6787090000,-2495090000,26191000,26620200,-195.08724370967127
2026-07-15,FAST,300000,QUEUE_PESSIMISTIC,NON_REFILL_OR_CENSORED,500000,2744,2493,262,26620200,24128000,2492200,-4979840000,11634010000,-16613850000,8308150000,24128000,26620200,-206.3925729442971
2026-07-15,FAST,300000,QUEUE_PESSIMISTIC,NON_REFILL_OR_CENSORED,1000000,2744,2426,327,26620200,23496200,3124000,-4762600000,14377590000,-19140190000,12099810000,23496200,26620200,-202.6966062597356
2026-07-15,FAST,300000,QUEUE_PESSIMISTIC,REFILL_BY_TIMER,100000,1604,1573,42,15606400,15230400,376000,-1214230000,1752340000,-2966570000,793430000,15230400,15606400,-79.72410442273348
2026-07-15,FAST,300000,QUEUE_PESSIMISTIC,REFILL_BY_TIMER,200000,1604,1584,31,15606400,15333900,272500,-1241070000,1159880000,-2400950000,324050000,15333900,15606400,-80.9363566998611
2026-07-15,FAST,300000,QUEUE_PESSIMISTIC,REFILL_BY_TIMER,500000,1604,1456,157,15606400,14115000,1491400,-1115770000,7444220000,-8559990000,6354010000,14115000,15606400,-79.04852993269571
2026-07-15,FAST,300000,QUEUE_PESSIMISTIC,REFILL_BY_TIMER,1000000,1604,1391,219,15606400,13529400,2077000,-971450000,10736290000,-11707740000,9062260000,13529400,15606400,-71.80288852425089
2026-07-15,FAST,300000,STRICT_THROUGH,NON_REFILL_OR_CENSORED,100000,2370,2315,65,22895100,22318600,576500,-4757650000,2282880000,-7040530000,-1275530000,22318600,22895100,-213.1697328685491
2026-07-15,FAST,300000,STRICT_THROUGH,NON_REFILL_OR_CENSORED,200000,2370,2338,44,22895100,22513300,381800,-4914220000,1546980000,-6461200000,-2643200000,22513300,22895100,-218.28074960134677
2026-07-15,FAST,300000,STRICT_THROUGH,NON_REFILL_OR_CENSORED,500000,2370,2172,209,22895100,20916200,1978900,-4799850000,9383120000,-14182970000,5606030000,20916200,22895100,-229.4800202713686
2026-07-15,FAST,300000,STRICT_THROUGH,NON_REFILL_OR_CENSORED,1000000,2370,2119,257,22895100,20427100,2468000,-4602300000,11247640000,-15849940000,8830060000,20427100,22895100,-225.30364075174646
2026-07-15,FAST,300000,STRICT_THROUGH,REFILL_BY_TIMER,100000,780,769,13,7590200,7477600,112600,-993550000,481640000,-1475190000,-349190000,7477600,7590200,-132.87017224778003
2026-07-15,FAST,300000,STRICT_THROUGH,REFILL_BY_TIMER,200000,780,772,12,7590200,7493900,96300,-1010070000,319670000,-1329740000,-366740000,7493900,7590200,-134.785625642189
2026-07-15,FAST,300000,STRICT_THROUGH,REFILL_BY_TIMER,500000,780,731,52,7590200,7105200,485000,-901350000,2167020000,-3068370000,1781630000,7105200,7590200,-126.85779429150482
2026-07-15,FAST,300000,STRICT_THROUGH,REFILL_BY_TIMER,1000000,780,700,83,7590200,6802100,788100,-817110000,4230100000,-5047210000,2833790000,6802100,7590200,-120.12613751635524
2026-07-15,PRIMARY,200000,OPTIMISTIC_AT_TOUCH,NON_REFILL_OR_CENSORED,100000,2759,2677,101,26730000,25838600,891400,-3257410000,4040200000,-7297610000,1616390000,25838600,26730000,-126.06758880125084
2026-07-15,PRIMARY,200000,OPTIMISTIC_AT_TOUCH,NON_REFILL_OR_CENSORED,200000,2759,2715,60,26730000,26215000,515000,-3348750000,2529290000,-5878040000,-728040000,26215000,26730000,-127.74175090596987
2026-07-15,PRIMARY,200000,OPTIMISTIC_AT_TOUCH,NON_REFILL_OR_CENSORED,500000,2759,2447,326,26730000,23562800,3167200,-3286840000,15051810000,-18338650000,13333350000,23562800,26730000,-139.49275977388086
2026-07-15,PRIMARY,200000,OPTIMISTIC_AT_TOUCH,NON_REFILL_OR_CENSORED,1000000,2759,2398,373,26730000,23150700,3579300,-3280950000,16476610000,-19757560000,16035440000,23150700,26730000,-141.7214166310306
2026-07-15,PRIMARY,200000,OPTIMISTIC_AT_TOUCH,REFILL_BY_TIMER,100000,2793,2709,96,26802800,25935100,867700,-1277590000,3981410000,-5259000000,3418000000,25935100,26802800,-49.26104005768244
2026-07-15,PRIMARY,200000,OPTIMISTIC_AT_TOUCH,REFILL_BY_TIMER,200000,2793,2737,68,26802800,26217500,585300,-1322310000,2609220000,-3931530000,1921470000,26217500,26802800,-50.43615905406694
2026-07-15,PRIMARY,200000,OPTIMISTIC_AT_TOUCH,REFILL_BY_TIMER,500000,2793,2509,294,26802800,24071600,2731200,-1210720000,13767580000,-14978300000,12333700000,24071600,26802800,-50.296615098290104
2026-07-15,PRIMARY,200000,OPTIMISTIC_AT_TOUCH,REFILL_BY_TIMER,1000000,2793,2390,410,26802800,22878700,3924100,-1106150000,19943740000,-21049890000,18191110000,22878700,26802800,-48.34846385502673
2026-07-15,PRIMARY,200000,QUEUE_PESSIMISTIC,NON_REFILL_OR_CENSORED,100000,1485,1446,46,14383800,13973600,410200,-2672950000,1724140000,-4397090000,-295090000,13973600,14383800,-191.2857101963703
2026-07-15,PRIMARY,200000,QUEUE_PESSIMISTIC,NON_REFILL_OR_CENSORED,200000,1485,1468,25,14383800,14167700,216100,-2726390000,1002970000,-3729360000,-1568360000,14167700,14383800,-192.43702224073067
2026-07-15,PRIMARY,200000,QUEUE_PESSIMISTIC,NON_REFILL_OR_CENSORED,500000,1485,1345,147,14383800,12955600,1428200,-2604690000,6766510000,-9371200000,4910800000,12955600,14383800,-201.0474235079811
2026-07-15,PRIMARY,200000,QUEUE_PESSIMISTIC,NON_REFILL_OR_CENSORED,1000000,1485,1318,172,14383800,12707200,1676600,-2562570000,7792220000,-10354790000,6411210000,12707200,14383800,-201.6628368169227
2026-07-15,PRIMARY,200000,QUEUE_PESSIMISTIC,REFILL_BY_TIMER,100000,1030,1018,21,9934400,9751800,182600,-972900000,862750000,-1835650000,-9650000,9751800,9934400,-99.76619700978281
2026-07-15,PRIMARY,200000,QUEUE_PESSIMISTIC,REFILL_BY_TIMER,200000,1030,1020,19,9934400,9769600,164800,-992450000,712810000,-1705260000,-57260000,9769600,9934400,-101.58553062561415
2026-07-15,PRIMARY,200000,QUEUE_PESSIMISTIC,REFILL_BY_TIMER,500000,1030,938,94,9934400,9060600,873800,-913840000,4206060000,-5119900000,3618100000,9060600,9934400,-100.85866278171423
2026-07-15,PRIMARY,200000,QUEUE_PESSIMISTIC,REFILL_BY_TIMER,1000000,1030,890,144,9934400,8581400,1353000,-839080000,6811940000,-7651020000,5878980000,8581400,9934400,-97.7789171929988
2026-07-15,PRIMARY,200000,STRICT_THROUGH,NON_REFILL_OR_CENSORED,100000,1349,1313,43,13022400,12636600,385800,-2612930000,1673220000,-4286150000,-428150000,12636600,13022400,-206.7747653641011
2026-07-15,PRIMARY,200000,STRICT_THROUGH,NON_REFILL_OR_CENSORED,200000,1349,1333,24,13022400,12816300,206100,-2661110000,1001970000,-3663080000,-1602080000,12816300,13022400,-207.63480879817106
2026-07-15,PRIMARY,200000,STRICT_THROUGH,NON_REFILL_OR_CENSORED,500000,1349,1226,130,13022400,11764200,1258200,-2540030000,6013510000,-8553540000,4028460000,11764200,13022400,-215.91183420887097
2026-07-15,PRIMARY,200000,STRICT_THROUGH,NON_REFILL_OR_CENSORED,1000000,1349,1208,146,13022400,11605800,1416600,-2500910000,6550220000,-9051130000,5114870000,11605800,13022400,-215.48794568233126
2026-07-15,PRIMARY,200000,STRICT_THROUGH,REFILL_BY_TIMER,100000,725,717,9,7028300,6951900,76400,-958010000,332160000,-1290170000,-526170000,6951900,7028300,-137.8054920237633
2026-07-15,PRIMARY,200000,STRICT_THROUGH,REFILL_BY_TIMER,200000,725,718,10,7028300,6946000,82300,-969080000,300570000,-1269650000,-446650000,6946000,7028300,-139.5162683558883
2026-07-15,PRIMARY,200000,STRICT_THROUGH,REFILL_BY_TIMER,500000,725,679,48,7028300,6580800,447500,-863200000,1946270000,-2809470000,1665530000,6580800,7028300,-131.1694626793095
2026-07-15,PRIMARY,200000,STRICT_THROUGH,REFILL_BY_TIMER,1000000,725,645,83,7028300,6245100,783200,-782360000,4222500000,-5004860000,2827140000,6245100,7028300,-125.27581623993211
2026-07-15,PRIMARY,300000,OPTIMISTIC_AT_TOUCH,NON_REFILL_OR_CENSORED,100000,3737,3607,151,36111100,34781300,1329800,-4138790000,5829100000,-9967890000,3330110000,34781300,36111100,-118.99468967519903
2026-07-15,PRIMARY,300000,OPTIMISTIC_AT_TOUCH,NON_REFILL_OR_CENSORED,200000,3737,3667,90,36111100,35345600,765500,-4240890000,3546030000,-7786920000,-131920000,35345600,36111100,-119.98353401837852
2026-07-15,PRIMARY,300000,OPTIMISTIC_AT_TOUCH,NON_REFILL_OR_CENSORED,500000,3737,3285,470,36111100,31593400,4517700,-4160690000,21947550000,-26108240000,19068760000,31593400,36111100,-131.6949109624162
2026-07-15,PRIMARY,300000,OPTIMISTIC_AT_TOUCH,NON_REFILL_OR_CENSORED,1000000,3737,3224,526,36111100,31058500,5052600,-4101650000,23723790000,-27825440000,22700560000,31058500,36111100,-132.06207640420496
2026-07-15,PRIMARY,300000,OPTIMISTIC_AT_TOUCH,REFILL_BY_TIMER,100000,3004,2906,112,28834900,27825400,1009500,-1358890000,4633170000,-5992060000,4102940000,27825400,28834900,-48.83631502152709
2026-07-15,PRIMARY,300000,OPTIMISTIC_AT_TOUCH,REFILL_BY_TIMER,200000,3004,2940,77,28834900,28167500,667400,-1406330000,2937850000,-4344180000,2329820000,28167500,28834900,-49.927398597674625
2026-07-15,PRIMARY,300000,OPTIMISTIC_AT_TOUCH,REFILL_BY_TIMER,500000,3004,2701,314,28834900,25918700,2916200,-1278390000,14774080000,-16052470000,13109530000,25918700,28834900,-49.32307561721846
2026-07-15,PRIMARY,300000,OPTIMISTIC_AT_TOUCH,REFILL_BY_TIMER,1000000,3004,2570,441,28834900,24610800,4224100,-1170170000,21684740000,-22854910000,19386090000,24610800,28834900,-47.54701188096283
2026-07-15,PRIMARY,300000,QUEUE_PESSIMISTIC,NON_REFILL_OR_CENSORED,100000,2045,1985,68,19788400,19186400,602000,-3422400000,2340290000,-5762690000,257310000,19186400,19788400,-178.3763499145228
2026-07-15,PRIMARY,300000,QUEUE_PESSIMISTIC,NON_REFILL_OR_CENSORED,200000,2045,2016,39,19788400,19445800,342600,-3474560000,1452380000,-4926940000,-1500940000,19445800,19788400,-178.67920065001184
2026-07-15,PRIMARY,300000,QUEUE_PESSIMISTIC,NON_REFILL_OR_CENSORED,500000,2045,1844,210,19788400,17753700,2034700,-3324310000,10017920000,-13342230000,7004770000,17753700,19788400,-187.2460388538727
2026-07-15,PRIMARY,300000,QUEUE_PESSIMISTIC,NON_REFILL_OR_CENSORED,1000000,2045,1817,233,19788400,17527800,2260600,-3231180000,10670020000,-13901200000,8704800000,17527800,19788400,-184.34601033786328
2026-07-15,PRIMARY,300000,QUEUE_PESSIMISTIC,REFILL_BY_TIMER,100000,1150,1128,32,11103900,10825100,278800,-1060200000,1349230000,-2409430000,378570000,10825100,11103900,-97.93904906190242
2026-07-15,PRIMARY,300000,QUEUE_PESSIMISTIC,REFILL_BY_TIMER,200000,1150,1135,24,11103900,10892600,211300,-1080450000,900160000,-1980610000,132390000,10892600,11103900,-99.19119402162936
2026-07-15,PRIMARY,300000,QUEUE_PESSIMISTIC,REFILL_BY_TIMER,500000,1150,1049,104,11103900,10135100,968800,-982490000,4773560000,-5756050000,3931950000,10135100,11103900,-96.93934938974455
2026-07-15,PRIMARY,300000,QUEUE_PESSIMISTIC,REFILL_BY_TIMER,1000000,1150,995,159,11103900,9610900,1493000,-917080000,7642940000,-8560020000,6369980000,9610900,11103900,-95.42082427244067
2026-07-15,PRIMARY,300000,STRICT_THROUGH,NON_REFILL_OR_CENSORED,100000,1826,1771,62,17632400,17076500,555900,-3329190000,2164120000,-5493310000,65690000,17076500,17632400,-194.95739759318363
2026-07-15,PRIMARY,300000,STRICT_THROUGH,NON_REFILL_OR_CENSORED,200000,1826,1799,36,17632400,17308900,323500,-3376050000,1371550000,-4747600000,-1512600000,17308900,17632400,-195.0470567164869
2026-07-15,PRIMARY,300000,STRICT_THROUGH,NON_REFILL_OR_CENSORED,500000,1826,1658,176,17632400,15916800,1715600,-3214420000,8511090000,-11725510000,5430490000,15916800,17632400,-201.95139726578208
2026-07-15,PRIMARY,300000,STRICT_THROUGH,NON_REFILL_OR_CENSORED,1000000,1826,1634,197,17632400,15723500,1908900,-3148030000,8908860000,-12056890000,7032110000,15723500,17632400,-200.21178490794034
2026-07-15,PRIMARY,300000,STRICT_THROUGH,REFILL_BY_TIMER,100000,782,771,13,7587800,7475200,112600,-1024310000,481640000,-1505950000,-379950000,7475200,7587800,-137.02777183219177
2026-07-15,PRIMARY,300000,STRICT_THROUGH,REFILL_BY_TIMER,200000,782,774,11,7587800,7499000,88800,-1031080000,312920000,-1344000000,-456000000,7499000,7587800,-137.49566608881184
2026-07-15,PRIMARY,300000,STRICT_THROUGH,REFILL_BY_TIMER,500000,782,733,51,7587800,7110300,477500,-911850000,2173270000,-3085120000,1689880000,7110300,7587800,-128.24353402810007
2026-07-15,PRIMARY,300000,STRICT_THROUGH,REFILL_BY_TIMER,1000000,782,698,87,7587800,6764600,823200,-829360000,4456500000,-5285860000,2946140000,6764600,7587800,-122.60296248115188
2026-07-15,STRESS,200000,OPTIMISTIC_AT_TOUCH,NON_REFILL_OR_CENSORED,100000,1740,1655,93,16666900,15795100,871800,-1457160000,3706760000,-5163920000,3554080000,15795100,16666900,-92.25392685073219
2026-07-15,STRESS,200000,OPTIMISTIC_AT_TOUCH,NON_REFILL_OR_CENSORED,200000,1740,1691,59,16666900,16121400,545500,-1491110000,2401820000,-3892930000,1562070000,16121400,16666900,-92.4925874924014
2026-07-15,STRESS,200000,OPTIMISTIC_AT_TOUCH,NON_REFILL_OR_CENSORED,500000,1740,1531,220,16666900,14576200,2090700,-1395240000,10138210000,-11533450000,9373550000,14576200,16666900,-95.72042096019538
2026-07-15,STRESS,200000,OPTIMISTIC_AT_TOUCH,NON_REFILL_OR_CENSORED,1000000,1740,1467,283,16666900,14017000,2649900,-1310260000,13035180000,-14345440000,12153560000,14017000,16666900,-93.47649283013483
2026-07-15,STRESS,200000,OPTIMISTIC_AT_TOUCH,REFILL_BY_TIMER,100000,2329,2246,90,22308600,21474700,833900,-1031250000,4229120000,-5260370000,3078630000,21474700,22308600,-48.021625447619755
2026-07-15,STRESS,200000,OPTIMISTIC_AT_TOUCH,REFILL_BY_TIMER,200000,2329,2283,52,22308600,21843800,464800,-1044130000,2368350000,-3412480000,1235520000,21843800,22308600,-47.79983336232707
2026-07-15,STRESS,200000,OPTIMISTIC_AT_TOUCH,REFILL_BY_TIMER,500000,2329,2109,228,22308600,20176600,2132000,-922580000,10565930000,-11488510000,9831490000,20176600,22308600,-45.72524607713886
2026-07-15,STRESS,200000,OPTIMISTIC_AT_TOUCH,REFILL_BY_TIMER,1000000,2329,2002,333,22308600,19171600,3137000,-792360000,16008050000,-16800410000,14569590000,19171600,22308600,-41.3298837864341
2026-07-15,STRESS,200000,QUEUE_PESSIMISTIC,NON_REFILL_OR_CENSORED,100000,858,826,38,8139100,7782600,356500,-1211630000,1291310000,-2502940000,1062060000,7782600,8139100,-155.68447562511244
2026-07-15,STRESS,200000,QUEUE_PESSIMISTIC,NON_REFILL_OR_CENSORED,200000,858,842,24,8139100,7920700,218400,-1220900000,793780000,-2014680000,169320000,7920700,8139100,-154.14041688234624
2026-07-15,STRESS,200000,QUEUE_PESSIMISTIC,NON_REFILL_OR_CENSORED,500000,858,778,89,8139100,7297500,841600,-1113230000,3318560000,-4431790000,3984210000,7297500,8139100,-152.54950325453922
2026-07-15,STRESS,200000,QUEUE_PESSIMISTIC,NON_REFILL_OR_CENSORED,1000000,858,751,114,8139100,7078100,1061000,-1031010000,5173110000,-6204120000,4405880000,7078100,8139100,-145.66197143301167
2026-07-15,STRESS,200000,QUEUE_PESSIMISTIC,REFILL_BY_TIMER,100000,730,719,14,7010300,6881200,129100,-776690000,549290000,-1325980000,-34980000,6881200,7010300,-112.87130151717723
2026-07-15,STRESS,200000,QUEUE_PESSIMISTIC,REFILL_BY_TIMER,200000,730,724,9,7010300,6932200,78100,-784330000,331210000,-1115540000,-334540000,6932200,7010300,-113.14301376186492
2026-07-15,STRESS,200000,QUEUE_PESSIMISTIC,REFILL_BY_TIMER,500000,730,691,43,7010300,6599800,410500,-690100000,1962090000,-2652190000,1452810000,6599800,7010300,-104.56377465983817
2026-07-15,STRESS,200000,QUEUE_PESSIMISTIC,REFILL_BY_TIMER,1000000,730,646,88,7010300,6180500,829800,-611770000,3998700000,-4610470000,3687530000,6180500,7010300,-98.9839009788852
2026-07-15,STRESS,200000,STRICT_THROUGH,NON_REFILL_OR_CENSORED,100000,810,780,35,7673400,7338900,334500,-1207630000,1250710000,-2458340000,886660000,7338900,7673400,-164.55190832413578
2026-07-15,STRESS,200000,STRICT_THROUGH,NON_REFILL_OR_CENSORED,200000,810,794,23,7673400,7457000,216400,-1205900000,792180000,-1998080000,165920000,7457000,7673400,-161.71382593536273
2026-07-15,STRESS,200000,STRICT_THROUGH,NON_REFILL_OR_CENSORED,500000,810,730,89,7673400,6841800,831600,-1093960000,3271560000,-4365520000,3950480000,6841800,7673400,-159.89359525271126
2026-07-15,STRESS,200000,STRICT_THROUGH,NON_REFILL_OR_CENSORED,1000000,810,707,110,7673400,6652400,1021000,-1016010000,4815110000,-5831120000,4378880000,6652400,7673400,-152.72833864469965
2026-07-15,STRESS,200000,STRICT_THROUGH,REFILL_BY_TIMER,100000,627,616,11,6041400,5936500,104900,-806610000,429730000,-1236340000,-187340000,5936500,6041400,-135.8729891350122
2026-07-15,STRESS,200000,STRICT_THROUGH,REFILL_BY_TIMER,200000,627,620,7,6041400,5971900,69500,-802830000,265450000,-1068280000,-373280000,5971900,6041400,-134.43460205294798
2026-07-15,STRESS,200000,STRICT_THROUGH,REFILL_BY_TIMER,500000,627,598,30,6041400,5746900,294500,-719210000,1253450000,-1972660000,972340000,5746900,6041400,-125.14747081034993
2026-07-15,STRESS,200000,STRICT_THROUGH,REFILL_BY_TIMER,1000000,627,557,71,6041400,5369800,671600,-655070000,3363520000,-4018590000,2697410000,5369800,6041400,-121.99150806361503
2026-07-15,STRESS,300000,OPTIMISTIC_AT_TOUCH,NON_REFILL_OR_CENSORED,100000,2419,2305,124,23192100,22008900,1183200,-2141780000,5152480000,-7294260000,4537740000,22008900,23192100,-97.31426831872561
2026-07-15,STRESS,300000,OPTIMISTIC_AT_TOUCH,NON_REFILL_OR_CENSORED,200000,2419,2350,81,23192100,22433500,758600,-2160140000,3144630000,-5304770000,2281230000,22433500,23192100,-96.29081507566809
2026-07-15,STRESS,300000,OPTIMISTIC_AT_TOUCH,NON_REFILL_OR_CENSORED,500000,2419,2136,294,23192100,20384400,2807700,-1997580000,13540250000,-15537830000,12539170000,20384400,23192100,-97.99552599046329
2026-07-15,STRESS,300000,OPTIMISTIC_AT_TOUCH,NON_REFILL_OR_CENSORED,1000000,2419,2034,399,23192100,19419700,3772400,-1851560000,18164430000,-20015990000,17708010000,19419700,23192100,-95.34441829688409
2026-07-15,STRESS,300000,OPTIMISTIC_AT_TOUCH,REFILL_BY_TIMER,100000,2528,2431,106,24179400,23200200,979200,-1111550000,4829530000,-5941080000,3850920000,23200200,24179400,-47.911224903233595
2026-07-15,STRESS,300000,OPTIMISTIC_AT_TOUCH,REFILL_BY_TIMER,200000,2528,2473,63,24179400,23609500,569900,-1124250000,2821130000,-3945380000,1753620000,23609500,24179400,-47.61854338296025
2026-07-15,STRESS,300000,OPTIMISTIC_AT_TOUCH,REFILL_BY_TIMER,500000,2528,2288,248,24179400,21885900,2293500,-983600000,11243180000,-12226780000,10708220000,21885900,24179400,-44.94217738361228
2026-07-15,STRESS,300000,OPTIMISTIC_AT_TOUCH,REFILL_BY_TIMER,1000000,2528,2175,359,24179400,20812400,3367000,-848530000,17262050000,-18110580000,15559420000,20812400,24179400,-40.77040610405335
2026-07-15,STRESS,300000,QUEUE_PESSIMISTIC,NON_REFILL_OR_CENSORED,100000,1244,1206,46,11819300,11390800,428500,-1803460000,1587310000,-3390770000,894230000,11390800,11819300,-158.32601748779717
2026-07-15,STRESS,300000,QUEUE_PESSIMISTIC,NON_REFILL_OR_CENSORED,200000,1244,1223,30,11819300,11544700,274600,-1792930000,943120000,-2736050000,9950000,11544700,11819300,-155.30329934948506
2026-07-15,STRESS,300000,QUEUE_PESSIMISTIC,NON_REFILL_OR_CENSORED,500000,1244,1137,117,11819300,10700200,1119100,-1621630000,4893310000,-6514940000,4676060000,10700200,11819300,-151.5513728715351
2026-07-15,STRESS,300000,QUEUE_PESSIMISTIC,NON_REFILL_OR_CENSORED,1000000,1244,1089,164,11819300,10268300,1551000,-1485700000,7389610000,-8875310000,6634690000,10268300,11819300,-144.688020412337
2026-07-15,STRESS,300000,QUEUE_PESSIMISTIC,REFILL_BY_TIMER,100000,798,785,17,7673300,7514500,158800,-844990000,602420000,-1447410000,140590000,7514500,7673300,-112.44793399427773
2026-07-15,STRESS,300000,QUEUE_PESSIMISTIC,REFILL_BY_TIMER,200000,798,791,11,7673300,7575700,97600,-853430000,384710000,-1238140000,-262140000,7575700,7673300,-112.65361616748287
2026-07-15,STRESS,300000,QUEUE_PESSIMISTIC,REFILL_BY_TIMER,500000,798,757,45,7673300,7242800,430500,-739100000,2039090000,-2778190000,1526810000,7242800,7673300,-102.04616998950682
2026-07-15,STRESS,300000,QUEUE_PESSIMISTIC,REFILL_BY_TIMER,1000000,798,711,91,7673300,6813500,859800,-665770000,4186700000,-4852470000,3745530000,6813500,7673300,-97.71336317604755
2026-07-15,STRESS,300000,STRICT_THROUGH,NON_REFILL_OR_CENSORED,100000,1174,1139,43,11084500,10678300,406200,-1799670000,1506780000,-3306450000,755550000,10678300,11084500,-168.53525373889102
2026-07-15,STRESS,300000,STRICT_THROUGH,NON_REFILL_OR_CENSORED,200000,1174,1153,29,11084500,10811900,272600,-1783020000,941520000,-2724540000,1460000,10811900,11084500,-164.91273504194453
2026-07-15,STRESS,300000,STRICT_THROUGH,NON_REFILL_OR_CENSORED,500000,1174,1068,116,11084500,9985400,1099100,-1618450000,4666310000,-6284760000,4706240000,9985400,11084500,-162.08163919322212
2026-07-15,STRESS,300000,STRICT_THROUGH,NON_REFILL_OR_CENSORED,1000000,1174,1027,156,11084500,9613500,1471000,-1483790000,6830610000,-8314400000,6395600000,9613500,11084500,-154.34441150465491
2026-07-15,STRESS,300000,STRICT_THROUGH,REFILL_BY_TIMER,100000,685,672,14,6597200,6462600,134600,-870470000,482860000,-1353330000,-7330000,6462600,6597200,-134.6934670256553
2026-07-15,STRESS,300000,STRICT_THROUGH,REFILL_BY_TIMER,200000,685,677,9,6597200,6508200,89000,-863770000,318950000,-1182720000,-292720000,6508200,6597200,-132.72026059432716
2026-07-15,STRESS,300000,STRICT_THROUGH,REFILL_BY_TIMER,500000,685,654,32,6597200,6282700,314500,-762210000,1330450000,-2092660000,1052340000,6282700,6597200,-121.31885972591402
2026-07-15,STRESS,300000,STRICT_THROUGH,REFILL_BY_TIMER,1000000,685,612,74,6597200,5895600,701600,-701070000,3551520000,-4252590000,2763410000,5895600,6597200,-118.91410543456136
2026-07-17,FAST,200000,OPTIMISTIC_AT_TOUCH,NON_REFILL_OR_CENSORED,100000,3544,3477,114,33774400,32859500,914900,-4139070000,4115850000,-8254920000,894080000,32859500,33774400,-125.96265920053561
2026-07-17,FAST,200000,OPTIMISTIC_AT_TOUCH,NON_REFILL_OR_CENSORED,200000,3544,3505,70,33774400,33205900,568500,-4253050000,2538490000,-6791540000,-1106540000,33205900,33774400,-128.0811542527081
2026-07-17,FAST,200000,OPTIMISTIC_AT_TOUCH,NON_REFILL_OR_CENSORED,500000,3544,3277,299,33774400,30998600,2775800,-4449020000,14528770000,-18977790000,8780210000,30998600,33774400,-143.52325588897563
2026-07-17,FAST,200000,OPTIMISTIC_AT_TOUCH,NON_REFILL_OR_CENSORED,1000000,3544,3155,409,33774400,29884100,3890300,-4494650000,18915940000,-23410590000,15492410000,29884100,33774400,-150.4027225179945
2026-07-17,FAST,200000,OPTIMISTIC_AT_TOUCH,REFILL_BY_TIMER,100000,2664,2551,143,25151300,23912000,1239300,-1155150000,6294920000,-7450070000,4942930000,23912000,25151300,-48.30838072934092
2026-07-17,FAST,200000,OPTIMISTIC_AT_TOUCH,REFILL_BY_TIMER,200000,2664,2594,94,25151300,24327400,823900,-1174730000,3908490000,-5083220000,3155780000,24327400,25151300,-48.28834976199676
2026-07-17,FAST,200000,OPTIMISTIC_AT_TOUCH,REFILL_BY_TIMER,500000,2664,2422,267,25151300,22703700,2447600,-1160650000,11615060000,-12775710000,11700290000,22703700,25151300,-51.121623347736275
2026-07-17,FAST,200000,OPTIMISTIC_AT_TOUCH,REFILL_BY_TIMER,1000000,2664,2342,349,25151300,21904700,3246600,-1153680000,16451010000,-17604690000,14861310000,21904700,25151300,-52.668148844768474
2026-07-17,FAST,200000,QUEUE_PESSIMISTIC,NON_REFILL_OR_CENSORED,100000,1751,1723,65,16640200,16159800,480400,-3155140000,2006640000,-5161780000,-357780000,16159800,16640200,-195.24622829490465
2026-07-17,FAST,200000,QUEUE_PESSIMISTIC,NON_REFILL_OR_CENSORED,200000,1751,1734,36,16640200,16346500,293700,-3180050000,1224200000,-4404250000,-1467250000,16346500,16640200,-194.54011562108096
2026-07-17,FAST,200000,QUEUE_PESSIMISTIC,NON_REFILL_OR_CENSORED,500000,1751,1666,111,16640200,15652200,988000,-3266160000,5037670000,-8303830000,1576170000,15652200,16640200,-208.6709855483574
2026-07-17,FAST,200000,QUEUE_PESSIMISTIC,NON_REFILL_OR_CENSORED,1000000,1751,1612,154,16640200,15196000,1444200,-3315920000,6930660000,-10246580000,4195420000,15196000,16640200,-218.21005527770467
2026-07-17,FAST,200000,QUEUE_PESSIMISTIC,REFILL_BY_TIMER,100000,1321,1287,57,12648700,12184100,464600,-1054900000,1970200000,-3025100000,1620900000,12184100,12648700,-86.58005105013912
2026-07-17,FAST,200000,QUEUE_PESSIMISTIC,REFILL_BY_TIMER,200000,1321,1301,35,12648700,12348800,299900,-1065210000,1085140000,-2150350000,848650000,12348800,12648700,-86.26020342057528
2026-07-17,FAST,200000,QUEUE_PESSIMISTIC,REFILL_BY_TIMER,500000,1321,1220,115,12648700,11575400,1073300,-1037360000,4790520000,-5827880000,4905120000,11575400,12648700,-89.61763740345906
2026-07-17,FAST,200000,QUEUE_PESSIMISTIC,REFILL_BY_TIMER,1000000,1321,1177,161,12648700,11115400,1533300,-1010460000,7639700000,-8650160000,6682840000,11115400,12648700,-90.90631016427659
2026-07-17,FAST,200000,STRICT_THROUGH,NON_REFILL_OR_CENSORED,100000,1531,1509,58,14581600,14157000,424600,-3055780000,1737530000,-4793310000,-547310000,14157000,14581600,-215.84940312213038
2026-07-17,FAST,200000,STRICT_THROUGH,NON_REFILL_OR_CENSORED,200000,1531,1519,29,14581600,14343600,238000,-3074670000,983660000,-4058330000,-1678330000,14343600,14581600,-214.35832008700746
2026-07-17,FAST,200000,STRICT_THROUGH,NON_REFILL_OR_CENSORED,500000,1531,1462,93,14581600,13744700,836900,-3162290000,4144820000,-7307110000,1061890000,13744700,14581600,-230.0734101144441
2026-07-17,FAST,200000,STRICT_THROUGH,NON_REFILL_OR_CENSORED,1000000,1531,1425,121,14581600,13454000,1127600,-3205420000,5069760000,-8275180000,3000820000,13454000,14581600,-238.25033447301917
2026-07-17,FAST,200000,STRICT_THROUGH,REFILL_BY_TIMER,100000,643,637,22,6084100,5942100,142000,-883350000,521860000,-1405210000,14790000,5942100,6084100,-148.65956480032312
2026-07-17,FAST,200000,STRICT_THROUGH,REFILL_BY_TIMER,200000,643,637,18,6084100,5950300,133800,-856540000,465370000,-1321910000,16090000,5950300,6084100,-143.94904458598725
2026-07-17,FAST,200000,STRICT_THROUGH,REFILL_BY_TIMER,500000,643,615,36,6084100,5766800,317300,-870600000,1364500000,-2235100000,937900000,5766800,6084100,-150.96760768537143
2026-07-17,FAST,200000,STRICT_THROUGH,REFILL_BY_TIMER,1000000,643,590,63,6084100,5504800,579300,-849020000,2718630000,-3567650000,2225350000,5504800,6084100,-154.23266967010608
2026-07-17,FAST,300000,OPTIMISTIC_AT_TOUCH,NON_REFILL_OR_CENSORED,100000,4527,4425,164,43017000,41702300,1314700,-4922810000,6048150000,-10970960000,2176040000,41702300,43017000,-118.04648664462152
2026-07-17,FAST,300000,OPTIMISTIC_AT_TOUCH,NON_REFILL_OR_CENSORED,200000,4527,4473,96,43017000,42245200,771800,-5041320000,3526130000,-8567450000,-849450000,42245200,43017000,-119.33474098832531
2026-07-17,FAST,300000,OPTIMISTIC_AT_TOUCH,NON_REFILL_OR_CENSORED,500000,4527,4163,407,43017000,39268200,3748800,-5226310000,19444730000,-24671040000,12816960000,39268200,43017000,-133.09268059142002
2026-07-17,FAST,300000,OPTIMISTIC_AT_TOUCH,NON_REFILL_OR_CENSORED,1000000,4527,4008,543,43017000,37897200,5119800,-5305920000,24600530000,-29906450000,21291550000,37897200,43017000,-140.00823279820145
2026-07-17,FAST,300000,OPTIMISTIC_AT_TOUCH,REFILL_BY_TIMER,100000,2859,2736,153,26947200,25607900,1339300,-1249150000,6755920000,-8005070000,5387930000,25607900,26947200,-48.779868712389536
2026-07-17,FAST,300000,OPTIMISTIC_AT_TOUCH,REFILL_BY_TIMER,200000,2859,2787,99,26947200,26081500,865700,-1255230000,4086130000,-5341360000,3315640000,26081500,26947200,-48.12721660947415
2026-07-17,FAST,300000,OPTIMISTIC_AT_TOUCH,REFILL_BY_TIMER,500000,2859,2598,286,26947200,24327100,2620100,-1214650000,12433520000,-13648170000,12552830000,24327100,26947200,-49.92991355319787
2026-07-17,FAST,300000,OPTIMISTIC_AT_TOUCH,REFILL_BY_TIMER,1000000,2859,2511,376,26947200,23453900,3493300,-1186100000,17939700000,-19125800000,15807200000,23453900,26947200,-50.57154673636367
2026-07-17,FAST,300000,QUEUE_PESSIMISTIC,NON_REFILL_OR_CENSORED,100000,2294,2246,93,21675900,20975300,700600,-3846820000,2996040000,-6842860000,163140000,20975300,21675900,-183.39761529036534
2026-07-17,FAST,300000,QUEUE_PESSIMISTIC,NON_REFILL_OR_CENSORED,200000,2294,2267,56,21675900,21234400,441500,-3856510000,1970940000,-5827450000,-1412450000,21234400,21675900,-181.6161511509626
2026-07-17,FAST,300000,QUEUE_PESSIMISTIC,NON_REFILL_OR_CENSORED,500000,2294,2165,164,21675900,20227800,1448100,-3929240000,7014060000,-10943300000,3537700000,20227800,21675900,-194.2494982153274
2026-07-17,FAST,300000,QUEUE_PESSIMISTIC,NON_REFILL_OR_CENSORED,1000000,2294,2094,218,21675900,19679800,1996100,-3979890000,9177720000,-13157610000,6803390000,19679800,21675900,-202.23223813250135
2026-07-17,FAST,300000,QUEUE_PESSIMISTIC,REFILL_BY_TIMER,100000,1447,1411,59,13756900,13272300,484600,-1155350000,2069200000,-3224550000,1621450000,13272300,13756900,-87.04972009372905
2026-07-17,FAST,300000,QUEUE_PESSIMISTIC,REFILL_BY_TIMER,200000,1447,1426,38,13756900,13430200,326700,-1154660000,1167780000,-2322440000,944560000,13430200,13756900,-85.97489240666557
2026-07-17,FAST,300000,QUEUE_PESSIMISTIC,REFILL_BY_TIMER,500000,1447,1336,125,13756900,12599400,1157500,-1106710000,5282540000,-6389250000,5185750000,12599400,13756900,-87.83830976078227
2026-07-17,FAST,300000,QUEUE_PESSIMISTIC,REFILL_BY_TIMER,1000000,1447,1288,177,13756900,12082600,1674300,-1073280000,8536700000,-9609980000,7133020000,12082600,13756900,-88.82856338867462
2026-07-17,FAST,300000,STRICT_THROUGH,NON_REFILL_OR_CENSORED,100000,1984,1947,80,18808300,18217800,590500,-3708710000,2515830000,-6224540000,-319540000,18217800,18808300,-203.5761727541196
2026-07-17,FAST,300000,STRICT_THROUGH,NON_REFILL_OR_CENSORED,200000,1984,1964,47,18808300,18441100,367200,-3718630000,1633650000,-5352280000,-1680280000,18441100,18808300,-201.64903395133695
2026-07-17,FAST,300000,STRICT_THROUGH,NON_REFILL_OR_CENSORED,500000,1984,1877,139,18808300,17563100,1245200,-3789370000,6005360000,-9794730000,2657270000,17563100,18808300,-215.7574687839846
2026-07-17,FAST,300000,STRICT_THROUGH,NON_REFILL_OR_CENSORED,1000000,1984,1829,173,18808300,17223800,1584500,-3833570000,6932820000,-10766390000,5078610000,17223800,18808300,-222.57399644677713
2026-07-17,FAST,300000,STRICT_THROUGH,REFILL_BY_TIMER,100000,703,695,24,6589200,6427200,162000,-961120000,620860000,-1581980000,38020000,6427200,6589200,-149.5394573064476
2026-07-17,FAST,300000,STRICT_THROUGH,REFILL_BY_TIMER,200000,703,696,21,6589200,6428600,160600,-923310000,548010000,-1471320000,134680000,6428600,6589200,-143.62536166505927
2026-07-17,FAST,300000,STRICT_THROUGH,REFILL_BY_TIMER,500000,703,672,39,6589200,6241900,347300,-933630000,1476500000,-2410130000,1062870000,6241900,6589200,-149.5746487447732
2026-07-17,FAST,300000,STRICT_THROUGH,REFILL_BY_TIMER,1000000,703,645,69,6589200,5974900,614300,-913800000,2913630000,-3827430000,2315570000,5974900,6589200,-152.93979815561767
2026-07-17,PRIMARY,200000,OPTIMISTIC_AT_TOUCH,NON_REFILL_OR_CENSORED,100000,2620,2549,94,24994100,24176400,817700,-2710680000,3627620000,-6338300000,1838700000,24176400,24994100,-112.1209113019308
2026-07-17,PRIMARY,200000,OPTIMISTIC_AT_TOUCH,NON_REFILL_OR_CENSORED,200000,2620,2579,68,24994100,24425900,568200,-2726630000,2526430000,-5253060000,428940000,24425900,24994100,-111.6286400910509
2026-07-17,PRIMARY,200000,OPTIMISTIC_AT_TOUCH,NON_REFILL_OR_CENSORED,500000,2620,2397,248,24994100,22694500,2299600,-2827200000,11841080000,-14668280000,8327720000,22694500,24994100,-124.57643922536298
2026-07-17,PRIMARY,200000,OPTIMISTIC_AT_TOUCH,NON_REFILL_OR_CENSORED,1000000,2620,2315,318,24994100,22008700,2985400,-2840490000,14841670000,-17682160000,12171840000,22008700,24994100,-129.06214360684638
2026-07-17,PRIMARY,200000,OPTIMISTIC_AT_TOUCH,REFILL_BY_TIMER,100000,2643,2531,141,24952700,23729300,1223400,-1169770000,6236480000,-7406250000,4827750000,23729300,24952700,-49.29643942299183
2026-07-17,PRIMARY,200000,OPTIMISTIC_AT_TOUCH,REFILL_BY_TIMER,200000,2643,2577,90,24952700,24168800,783900,-1176910000,3730490000,-4907400000,2931600000,24168800,24952700,-48.69542550726557
2026-07-17,PRIMARY,200000,OPTIMISTIC_AT_TOUCH,REFILL_BY_TIMER,500000,2643,2401,268,24952700,22500100,2452600,-1146890000,11679060000,-12825950000,11700050000,22500100,24952700,-50.97266234372292
2026-07-17,PRIMARY,200000,OPTIMISTIC_AT_TOUCH,REFILL_BY_TIMER,1000000,2643,2322,348,24952700,21706100,3246600,-1142770000,16561010000,-17703780000,14762220000,21706100,24952700,-52.64741247851986
2026-07-17,PRIMARY,200000,QUEUE_PESSIMISTIC,NON_REFILL_OR_CENSORED,100000,1239,1214,37,11708500,11405300,303200,-2125920000,1185970000,-3311890000,-279890000,11405300,11708500,-186.39755201529113
2026-07-17,PRIMARY,200000,QUEUE_PESSIMISTIC,NON_REFILL_OR_CENSORED,200000,1239,1224,32,11708500,11456300,252200,-2082280000,1089130000,-3171410000,-649410000,11456300,11708500,-181.75850841894854
2026-07-17,PRIMARY,200000,QUEUE_PESSIMISTIC,NON_REFILL_OR_CENSORED,500000,1239,1166,89,11708500,10920500,788000,-2107880000,3977970000,-6085850000,1794150000,10920500,11708500,-193.02046609587472
2026-07-17,PRIMARY,200000,QUEUE_PESSIMISTIC,NON_REFILL_OR_CENSORED,1000000,1239,1127,119,11708500,10637300,1071200,-2098230000,5053550000,-7151780000,3560220000,10637300,11708500,-197.25212224906696
2026-07-17,PRIMARY,200000,QUEUE_PESSIMISTIC,REFILL_BY_TIMER,100000,985,966,38,9295600,8996800,298800,-966230000,1210660000,-2176890000,811110000,8996800,9295600,-107.39707451538325
2026-07-17,PRIMARY,200000,QUEUE_PESSIMISTIC,REFILL_BY_TIMER,200000,985,974,25,9295600,9092100,203500,-955830000,713510000,-1669340000,365660000,9092100,9295600,-105.12752829379352
2026-07-17,PRIMARY,200000,QUEUE_PESSIMISTIC,REFILL_BY_TIMER,500000,985,920,78,9295600,8586900,708700,-921990000,3112010000,-4034000000,3053000000,8586900,9295600,-107.37169409216365
2026-07-17,PRIMARY,200000,QUEUE_PESSIMISTIC,REFILL_BY_TIMER,1000000,985,892,105,9295600,8313200,982400,-942840000,5062320000,-6005160000,3818840000,8313200,9295600,-113.41481018139825
2026-07-17,PRIMARY,200000,STRICT_THROUGH,NON_REFILL_OR_CENSORED,100000,1122,1099,37,10720300,10414300,306000,-2080580000,1189110000,-3269690000,-209690000,10414300,10720300,-199.78107025916287
2026-07-17,PRIMARY,200000,STRICT_THROUGH,NON_REFILL_OR_CENSORED,200000,1122,1108,29,10720300,10483100,237200,-2044670000,1032550000,-3077220000,-705220000,10483100,10720300,-195.0444048039225
2026-07-17,PRIMARY,200000,STRICT_THROUGH,NON_REFILL_OR_CENSORED,500000,1122,1057,81,10720300,9982200,738100,-2067360000,3697920000,-5765280000,1615720000,9982200,10720300,-207.10464627036123
2026-07-17,PRIMARY,200000,STRICT_THROUGH,NON_REFILL_OR_CENSORED,1000000,1122,1027,103,10720300,9775200,945100,-2055240000,4519420000,-6574660000,2876340000,9775200,10720300,-210.25042965872822
2026-07-17,PRIMARY,200000,STRICT_THROUGH,REFILL_BY_TIMER,100000,650,645,22,6134100,5994600,139500,-908600000,573860000,-1482460000,-87460000,5994600,6134100,-151.5697461048277
2026-07-17,PRIMARY,200000,STRICT_THROUGH,REFILL_BY_TIMER,200000,650,645,18,6134100,6002800,131300,-880790000,517370000,-1398160000,-85160000,6002800,6134100,-146.72985939894716
2026-07-17,PRIMARY,200000,STRICT_THROUGH,REFILL_BY_TIMER,500000,650,621,38,6134100,5799300,334800,-878850000,1644500000,-2523350000,824650000,5799300,6134100,-151.54415188039937
2026-07-17,PRIMARY,200000,STRICT_THROUGH,REFILL_BY_TIMER,1000000,650,597,63,6134100,5554800,579300,-856020000,2912630000,-3768650000,2024350000,5554800,6134100,-154.10455821991792
2026-07-17,PRIMARY,300000,OPTIMISTIC_AT_TOUCH,NON_REFILL_OR_CENSORED,100000,3585,3465,156,34072900,32741300,1331600,-3547290000,6069840000,-9617130000,3698870000,32741300,34072900,-108.34297966177274
2026-07-17,PRIMARY,300000,OPTIMISTIC_AT_TOUCH,NON_REFILL_OR_CENSORED,200000,3585,3519,102,34072900,33235800,837100,-3590470000,3747970000,-7338440000,1032560000,33235800,34072900,-108.03019635453336
2026-07-17,PRIMARY,300000,OPTIMISTIC_AT_TOUCH,NON_REFILL_OR_CENSORED,500000,3585,3259,360,34072900,30755300,3317600,-3687860000,17049750000,-20737610000,12438390000,30755300,34072900,-119.90973913439309
2026-07-17,PRIMARY,300000,OPTIMISTIC_AT_TOUCH,NON_REFILL_OR_CENSORED,1000000,3585,3150,459,34072900,29792600,4280300,-3727510000,21277180000,-25004690000,17798310000,29792600,34072900,-125.11529708719615
2026-07-17,PRIMARY,300000,OPTIMISTIC_AT_TOUCH,REFILL_BY_TIMER,100000,2843,2722,150,26778600,25465200,1313400,-1268770000,6660480000,-7929250000,5204750000,25465200,26778600,-49.82368094497589
2026-07-17,PRIMARY,300000,OPTIMISTIC_AT_TOUCH,REFILL_BY_TIMER,200000,2843,2775,94,26778600,25960400,818200,-1262410000,3863880000,-5126290000,3055710000,25960400,26778600,-48.62829540376882
2026-07-17,PRIMARY,300000,OPTIMISTIC_AT_TOUCH,REFILL_BY_TIMER,500000,2843,2579,290,26778600,24133500,2645100,-1203890000,12614520000,-13818410000,12632590000,24133500,26778600,-49.88460024447345
2026-07-17,PRIMARY,300000,OPTIMISTIC_AT_TOUCH,REFILL_BY_TIMER,1000000,2843,2494,377,26778600,23275300,3503300,-1176190000,18117700000,-19293890000,15739110000,23275300,26778600,-50.53382770576534
2026-07-17,PRIMARY,300000,QUEUE_PESSIMISTIC,NON_REFILL_OR_CENSORED,100000,1768,1717,69,16583300,16012400,570900,-2867320000,2359910000,-5227230000,481770000,16012400,16583300,-179.068721740651
2026-07-17,PRIMARY,300000,QUEUE_PESSIMISTIC,NON_REFILL_OR_CENSORED,200000,1768,1739,53,16583300,16166100,417200,-2830410000,1856990000,-4687400000,-515400000,16166100,16583300,-175.0830441479392
2026-07-17,PRIMARY,300000,QUEUE_PESSIMISTIC,NON_REFILL_OR_CENSORED,500000,1768,1658,132,16583300,15411900,1171400,-2848970000,5582160000,-8431130000,3282870000,15411900,16583300,-184.8552092863307
2026-07-17,PRIMARY,300000,QUEUE_PESSIMISTIC,NON_REFILL_OR_CENSORED,1000000,1768,1600,182,16583300,14937700,1645600,-2847930000,7541510000,-10389440000,6066560000,14937700,16583300,-190.65384898612237
2026-07-17,PRIMARY,300000,QUEUE_PESSIMISTIC,REFILL_BY_TIMER,100000,1106,1085,40,10372300,10053500,318800,-1063480000,1309660000,-2373140000,814860000,10053500,10372300,-105.78206594718257
2026-07-17,PRIMARY,300000,QUEUE_PESSIMISTIC,REFILL_BY_TIMER,200000,1106,1094,27,10372300,10149500,222800,-1042080000,751900000,-1793980000,434020000,10149500,10372300,-102.67303808069363
2026-07-17,PRIMARY,300000,QUEUE_PESSIMISTIC,REFILL_BY_TIMER,500000,1106,1030,89,10372300,9569400,802900,-985540000,3662030000,-4647570000,3381430000,9569400,10372300,-102.98869312600581
2026-07-17,PRIMARY,300000,QUEUE_PESSIMISTIC,REFILL_BY_TIMER,1000000,1106,1001,118,10372300,9274900,1097400,-998260000,5745320000,-6743580000,4230420000,9274900,10372300,-107.63027094631748
2026-07-17,PRIMARY,300000,STRICT_THROUGH,NON_REFILL_OR_CENSORED,100000,1580,1536,63,15005800,14478900,526900,-2793050000,2072170000,-4865220000,403780000,14478900,15005800,-192.90484774395844
2026-07-17,PRIMARY,300000,STRICT_THROUGH,NON_REFILL_OR_CENSORED,200000,1580,1556,46,15005800,14632900,372900,-2761010000,1608280000,-4369290000,-640290000,14632900,15005800,-188.6850863465205
2026-07-17,PRIMARY,300000,STRICT_THROUGH,NON_REFILL_OR_CENSORED,500000,1580,1485,117,15005800,13933600,1072200,-2770660000,5046980000,-7817640000,2904360000,13933600,15005800,-198.84739048056497
2026-07-17,PRIMARY,300000,STRICT_THROUGH,NON_REFILL_OR_CENSORED,1000000,1580,1437,158,15005800,13551300,1454500,-2760650000,6634880000,-9395530000,5149470000,13551300,15005800,-203.7184624353383
2026-07-17,PRIMARY,300000,STRICT_THROUGH,REFILL_BY_TIMER,100000,711,704,24,6649200,6489700,159500,-989370000,672860000,-1662230000,-67230000,6489700,6649200,-152.45234756614326
2026-07-17,PRIMARY,300000,STRICT_THROUGH,REFILL_BY_TIMER,200000,711,705,20,6649200,6498600,150600,-951560000,555760000,-1507320000,-1320000,6498600,6649200,-146.4253839288462
2026-07-17,PRIMARY,300000,STRICT_THROUGH,REFILL_BY_TIMER,500000,711,679,41,6649200,6284400,364800,-945880000,1756500000,-2702380000,945620000,6284400,6649200,-150.51237986124372
2026-07-17,PRIMARY,300000,STRICT_THROUGH,REFILL_BY_TIMER,1000000,711,652,70,6649200,6024900,624300,-921800000,3175630000,-4097430000,2145570000,6024900,6649200,-152.99839001477204
2026-07-17,STRESS,200000,OPTIMISTIC_AT_TOUCH,NON_REFILL_OR_CENSORED,100000,1617,1518,119,15357500,14269600,1087900,-1210630000,4966340000,-6176970000,4702030000,14269600,15357500,-84.83979929360318
2026-07-17,STRESS,200000,OPTIMISTIC_AT_TOUCH,NON_REFILL_OR_CENSORED,200000,1617,1575,59,15357500,14842700,514800,-1248320000,2229530000,-3477850000,1670150000,14842700,15357500,-84.10329657003106
2026-07-17,STRESS,200000,OPTIMISTIC_AT_TOUCH,NON_REFILL_OR_CENSORED,500000,1617,1446,187,15357500,13652000,1705500,-1158270000,8143830000,-9302100000,7752900000,13652000,15357500,-84.84251391737475
2026-07-17,STRESS,200000,OPTIMISTIC_AT_TOUCH,NON_REFILL_OR_CENSORED,1000000,1617,1397,236,15357500,13108800,2248700,-1189390000,10737630000,-11927020000,10559980000,13108800,15357500,-90.73217990967899
2026-07-17,STRESS,200000,OPTIMISTIC_AT_TOUCH,REFILL_BY_TIMER,100000,2251,2130,147,21402500,20080600,1321900,-1057320000,6598430000,-7655750000,5563250000,20080600,21402500,-52.65380516518431
2026-07-17,STRESS,200000,OPTIMISTIC_AT_TOUCH,REFILL_BY_TIMER,200000,2251,2194,71,21402500,20754300,648200,-1088210000,2910170000,-3998380000,2483620000,20754300,21402500,-52.4329897900676
2026-07-17,STRESS,200000,OPTIMISTIC_AT_TOUCH,REFILL_BY_TIMER,500000,2251,2059,213,21402500,19400000,2002500,-1044590000,9762810000,-10807400000,9217600000,19400000,21402500,-53.84484536082474
2026-07-17,STRESS,200000,OPTIMISTIC_AT_TOUCH,REFILL_BY_TIMER,1000000,2251,1992,272,21402500,18774500,2628000,-1050430000,12962020000,-14012450000,12267550000,18774500,21402500,-55.949825561266614
2026-07-17,STRESS,200000,QUEUE_PESSIMISTIC,NON_REFILL_OR_CENSORED,100000,705,678,36,6641200,6320100,321100,-998080000,1554980000,-2553060000,657940000,6320100,6641200,-157.92155187417922
2026-07-17,STRESS,200000,QUEUE_PESSIMISTIC,NON_REFILL_OR_CENSORED,200000,705,695,17,6641200,6502600,138600,-1006740000,724480000,-1731220000,-345220000,6502600,6641200,-154.82114846369146
2026-07-17,STRESS,200000,QUEUE_PESSIMISTIC,NON_REFILL_OR_CENSORED,500000,705,656,55,6641200,6162700,478500,-912200000,2145500000,-3057700000,1727300000,6162700,6641200,-148.01953689129763
2026-07-17,STRESS,200000,QUEUE_PESSIMISTIC,NON_REFILL_OR_CENSORED,1000000,705,630,83,6641200,5854800,786400,-918410000,3905120000,-4823530000,3040470000,5854800,6641200,-156.8644530983125
2026-07-17,STRESS,200000,QUEUE_PESSIMISTIC,REFILL_BY_TIMER,100000,687,670,29,6424800,6198100,226700,-837170000,826200000,-1663370000,603630000,6198100,6424800,-135.0688114099482
2026-07-17,STRESS,200000,QUEUE_PESSIMISTIC,REFILL_BY_TIMER,200000,687,675,16,6424800,6284900,139900,-860990000,523630000,-1384620000,14380000,6284900,6424800,-136.99342869417174
2026-07-17,STRESS,200000,QUEUE_PESSIMISTIC,REFILL_BY_TIMER,500000,687,658,35,6424800,6102900,321900,-845800000,1585880000,-2431680000,787320000,6102900,6424800,-138.5898507267037
2026-07-17,STRESS,200000,QUEUE_PESSIMISTIC,REFILL_BY_TIMER,1000000,687,627,62,6424800,5834800,590000,-851710000,2476590000,-3328300000,2571700000,5834800,6424800,-145.97072735997807
2026-07-17,STRESS,200000,STRICT_THROUGH,NON_REFILL_OR_CENSORED,100000,668,641,36,6304400,5983300,321100,-998170000,1554980000,-2553150000,657850000,5983300,6304400,-166.82599903063527
2026-07-17,STRESS,200000,STRICT_THROUGH,NON_REFILL_OR_CENSORED,200000,668,658,17,6304400,6165800,138600,-1008240000,724480000,-1732720000,-346720000,6165800,6304400,-163.52135975866878
2026-07-17,STRESS,200000,STRICT_THROUGH,NON_REFILL_OR_CENSORED,500000,668,621,55,6304400,5820900,483500,-911560000,2169500000,-3081060000,1753940000,5820900,6304400,-156.6012128708619
2026-07-17,STRESS,200000,STRICT_THROUGH,NON_REFILL_OR_CENSORED,1000000,668,595,81,6304400,5538000,766400,-933200000,3815120000,-4748320000,2915680000,5538000,6304400,-168.50848681834597
2026-07-17,STRESS,200000,STRICT_THROUGH,REFILL_BY_TIMER,100000,591,576,29,5574200,5353200,221000,-909480000,842310000,-1751790000,458210000,5353200,5574200,-169.89464245684823
2026-07-17,STRESS,200000,STRICT_THROUGH,REFILL_BY_TIMER,200000,591,580,17,5574200,5427500,146700,-892100000,535490000,-1427590000,39410000,5427500,5574200,-164.3666513127591
2026-07-17,STRESS,200000,STRICT_THROUGH,REFILL_BY_TIMER,500000,591,566,31,5574200,5290500,283700,-900570000,1392240000,-2292810000,544190000,5290500,5574200,-170.2239863907003
2026-07-17,STRESS,200000,STRICT_THROUGH,REFILL_BY_TIMER,1000000,591,540,54,5574200,5052300,521900,-892470000,2198630000,-3091100000,2127900000,5052300,5574200,-176.64627991211924
2026-07-17,STRESS,300000,OPTIMISTIC_AT_TOUCH,NON_REFILL_OR_CENSORED,100000,2248,2101,173,21333900,19747200,1586700,-1735010000,7408890000,-9143900000,6723100000,19747200,21333900,-87.86106384702641
2026-07-17,STRESS,300000,OPTIMISTIC_AT_TOUCH,NON_REFILL_OR_CENSORED,200000,2248,2182,85,21333900,20581100,752800,-1781530000,3316550000,-5098080000,2429920000,20581100,21333900,-86.56145687062401
2026-07-17,STRESS,300000,OPTIMISTIC_AT_TOUCH,NON_REFILL_OR_CENSORED,500000,2248,2014,257,21333900,18982500,2351400,-1672370000,11169340000,-12841710000,10672290000,18982500,21333900,-88.10061899117608
2026-07-17,STRESS,300000,OPTIMISTIC_AT_TOUCH,NON_REFILL_OR_CENSORED,1000000,2248,1941,327,21333900,18207600,3126300,-1730400000,14567490000,-16297890000,14965110000,18207600,21333900,-95.03723719765372
2026-07-17,STRESS,300000,OPTIMISTIC_AT_TOUCH,REFILL_BY_TIMER,100000,2443,2312,159,23115400,21693500,1421900,-1156820000,7175930000,-8332750000,5886250000,21693500,23115400,-53.325650540484475
2026-07-17,STRESS,300000,OPTIMISTIC_AT_TOUCH,REFILL_BY_TIMER,200000,2443,2380,80,23115400,22393000,722400,-1172770000,3294300000,-4467070000,2756930000,22393000,23115400,-52.372169874514356
2026-07-17,STRESS,300000,OPTIMISTIC_AT_TOUCH,REFILL_BY_TIMER,500000,2443,2227,238,23115400,20910400,2205000,-1100670000,10864770000,-11965440000,10084560000,20910400,23115400,-52.63744356875048
2026-07-17,STRESS,300000,OPTIMISTIC_AT_TOUCH,REFILL_BY_TIMER,1000000,2443,2158,300,23115400,20245700,2869700,-1108430000,14406710000,-15515140000,13181860000,20245700,23115400,-54.74890964501104
2026-07-17,STRESS,300000,QUEUE_PESSIMISTIC,NON_REFILL_OR_CENSORED,100000,1027,985,52,9661000,9193400,467600,-1436580000,2299200000,-3735780000,940220000,9193400,9661000,-156.26210107250853
2026-07-17,STRESS,300000,QUEUE_PESSIMISTIC,NON_REFILL_OR_CENSORED,200000,1027,1009,25,9661000,9447400,213600,-1452900000,1125480000,-2578380000,-442380000,9447400,9661000,-153.7883438829731
2026-07-17,STRESS,300000,QUEUE_PESSIMISTIC,NON_REFILL_OR_CENSORED,500000,1027,949,87,9661000,8909500,751500,-1327930000,3337700000,-4665630000,2849370000,8909500,9661000,-149.0465233739267
2026-07-17,STRESS,300000,QUEUE_PESSIMISTIC,NON_REFILL_OR_CENSORED,1000000,1027,908,129,9661000,8452100,1208900,-1348480000,5893500000,-7241980000,4847020000,8452100,9661000,-159.54378201866993
2026-07-17,STRESS,300000,QUEUE_PESSIMISTIC,REFILL_BY_TIMER,100000,763,745,32,7028400,6781700,246700,-918290000,906700000,-1824990000,642010000,6781700,7028400,-135.4070513293127
2026-07-17,STRESS,300000,QUEUE_PESSIMISTIC,REFILL_BY_TIMER,200000,763,750,19,7028400,6864200,164200,-923860000,589020000,-1512880000,129120000,6864200,7028400,-134.5910666938609
2026-07-17,STRESS,300000,QUEUE_PESSIMISTIC,REFILL_BY_TIMER,500000,763,728,42,7028400,6641500,386900,-901930000,1889880000,-2791810000,1077190000,6641500,7028400,-135.80215312805842
2026-07-17,STRESS,300000,QUEUE_PESSIMISTIC,REFILL_BY_TIMER,1000000,763,696,71,7028400,6388400,640000,-896590000,2766590000,-3663180000,2736820000,6388400,7028400,-140.34656565024108
2026-07-17,STRESS,300000,STRICT_THROUGH,NON_REFILL_OR_CENSORED,100000,950,909,51,8925600,8468000,457600,-1421670000,2259200000,-3680870000,895130000,8468000,8925600,-167.8873405762872
2026-07-17,STRESS,300000,STRICT_THROUGH,NON_REFILL_OR_CENSORED,200000,950,933,24,8925600,8722000,203600,-1432400000,1085480000,-2517880000,-481880000,8722000,8925600,-164.22838798440725
2026-07-17,STRESS,300000,STRICT_THROUGH,NON_REFILL_OR_CENSORED,500000,950,877,84,8925600,8199100,726500,-1302650000,3280700000,-4583350000,2681650000,8199100,8925600,-158.87719383834812
2026-07-17,STRESS,300000,STRICT_THROUGH,NON_REFILL_OR_CENSORED,1000000,950,839,121,8925600,7796700,1128900,-1320630000,5568500000,-6889130000,4399870000,7796700,8925600,-169.38320058486283
2026-07-17,STRESS,300000,STRICT_THROUGH,REFILL_BY_TIMER,100000,648,632,31,6046800,5810800,236000,-993500000,895810000,-1889310000,470690000,5810800,6046800,-170.97473669718454
2026-07-17,STRESS,300000,STRICT_THROUGH,REFILL_BY_TIMER,200000,648,636,19,6046800,5880800,166000,-963870000,573880000,-1537750000,122250000,5880800,6046800,-163.90116990885593
2026-07-17,STRESS,300000,STRICT_THROUGH,REFILL_BY_TIMER,500000,648,620,34,6046800,5733100,313700,-962600000,1471240000,-2433840000,703160000,5733100,6046800,-167.90218206554917
2026-07-17,STRESS,300000,STRICT_THROUGH,REFILL_BY_TIMER,1000000,648,591,61,6046800,5479900,566900,-957250000,2461630000,-3418880000,2250120000,5479900,6046800,-174.6838445957043
