date,latency_id,cancel_timer_us,track,horizon_us,total_slices,observed_slices,censored_slices,total_filled_count_e4,observed_count_e4,censored_count_e4,weighted_gross_sum_e8,weighted_mid_twice_sum_e8,weighted_censored_entry_price_sum_e8,weighted_gross_lower_sum_e8,weighted_gross_upper_sum_e8,coverage_count_num_e4,coverage_count_den_e4,coverage_fraction_diagnostic,mean_gross_e4,mean_mid_e4
2026-07-12,FAST,200000,OPTIMISTIC_AT_TOUCH,100000,4839,4671,205,46516300,44708800,1807500,-4015800000,1338640000,7911810000,-11927610000,6147390000,44708800,46516300,0.961142653220484,-89.82124324517768,14.970654546755895
2026-07-12,FAST,200000,OPTIMISTIC_AT_TOUCH,200000,4839,4736,141,46516300,45329800,1186500,-4116950000,1081810000,4776070000,-8893020000,2971980000,45329800,46516300,0.9744928121970148,-90.82215231481277,11.932657986578366
2026-07-12,FAST,200000,OPTIMISTIC_AT_TOUCH,500000,4839,4399,473,46516300,42085600,4430700,-4061820000,129580000,21587620000,-25649440000,18657560000,42085600,46516300,0.9047495179109258,-96.51329670956336,1.5394814378314674
2026-07-12,FAST,200000,OPTIMISTIC_AT_TOUCH,1000000,4839,4145,722,46516300,39665900,6850400,-4046750000,-475110000,32529870000,-36576620000,31927380000,39665900,46516300,0.8527311931516479,-102.02087939514797,-5.988897264400909
2026-07-12,FAST,200000,QUEUE_PESSIMISTIC,100000,2138,2094,67,20588700,20008300,580400,-3183240000,-567370000,2318470000,-5501710000,302290000,20008300,20588700,0.9718097791506992,-159.0959751703043,-14.17836597811908
2026-07-12,FAST,200000,QUEUE_PESSIMISTIC,200000,2138,2106,58,20588700,20114100,474600,-3224270000,-800440000,1593180000,-4817450000,-71450000,20114100,20588700,0.9769485203048274,-160.29899423787293,-19.897484848936816
2026-07-12,FAST,200000,QUEUE_PESSIMISTIC,500000,2138,1969,190,20588700,18826300,1762400,-3145690000,-1423600000,7984140000,-11129830000,6494170000,18826300,20588700,0.9143996464079811,-167.09018766300335,-37.808810015775805
2026-07-12,FAST,200000,QUEUE_PESSIMISTIC,1000000,2138,1848,307,20588700,17684000,2904700,-3135280000,-1907420000,13099750000,-16235030000,12811970000,17684000,20588700,0.8589177558563678,-177.2947296991631,-53.93067179371183
2026-07-12,FAST,200000,STRICT_THROUGH,100000,1538,1510,45,14820600,14426500,394100,-2981510000,-1302880000,1317330000,-4298840000,-357840000,14426500,14820600,0.9734086339284509,-206.66897722940422,-45.155789692579624
2026-07-12,FAST,200000,STRICT_THROUGH,200000,1538,1516,42,14820600,14466500,354100,-2988470000,-1480960000,995580000,-3984050000,-443050000,14466500,14820600,0.9761075799900139,-206.578647219438,-51.18584315487506
2026-07-12,FAST,200000,STRICT_THROUGH,500000,1538,1437,118,14820600,13730900,1089700,-2874370000,-1891330000,4460800000,-7335170000,3561830000,13730900,14820600,0.9264739619178711,-209.33587747343583,-68.87130486712452
2026-07-12,FAST,200000,STRICT_THROUGH,1000000,1538,1360,192,14820600,12989100,1831500,-2840380000,-2310040000,7999880000,-10840260000,7474740000,12989100,14820600,0.876422007206186,-218.6741190690656,-88.92225019439375
2026-07-12,FAST,300000,OPTIMISTIC_AT_TOUCH,100000,5710,5504,249,54875700,52660700,2215000,-4686820000,1862820000,9960270000,-14647090000,7502910000,52660700,54875700,0.9596360502007264,-89.0003361140281,17.68700378080808
2026-07-12,FAST,300000,OPTIMISTIC_AT_TOUCH,200000,5710,5582,171,54875700,53401400,1474300,-4779750000,1604130000,6280740000,-11060490000,3682510000,53401400,54875700,0.9731338279056121,-89.50608036493425,15.019550049249645
2026-07-12,FAST,300000,OPTIMISTIC_AT_TOUCH,500000,5710,5143,604,54875700,49190900,5684800,-4715070000,403730000,27305480000,-32020550000,24827450000,49190900,54875700,0.8964058772826589,-95.852484910827,4.10370617329628
2026-07-12,FAST,300000,OPTIMISTIC_AT_TOUCH,1000000,5710,4882,860,54875700,46739700,8136000,-4708540000,-283460000,38678830000,-43387370000,37972630000,46739700,54875700,0.8517376543716071,-100.73962819615872,-3.0323258386339664
2026-07-12,FAST,300000,QUEUE_PESSIMISTIC,100000,2616,2560,83,25209600,24484000,725600,-3784100000,-486190000,3165780000,-6949880000,306120000,24484000,25209600,0.9712173140390962,-154.55399444535206,-9.928728965855253
2026-07-12,FAST,300000,QUEUE_PESSIMISTIC,200000,2616,2578,68,25209600,24645000,564600,-3808610000,-679920000,2156140000,-5964750000,-318750000,24645000,25209600,0.9776037699923839,-154.53885169405558,-13.794278758368838
2026-07-12,FAST,300000,QUEUE_PESSIMISTIC,500000,2616,2395,246,25209600,22910000,2299600,-3697480000,-1423170000,10677110000,-14374590000,8621410000,22910000,25209600,0.9087807819243463,-161.39153208206022,-31.060017459624618
2026-07-12,FAST,300000,QUEUE_PESSIMISTIC,1000000,2616,2254,382,25209600,21593500,3616100,-3685950000,-2011510000,16557950000,-20243900000,15917100000,21593500,25209600,0.8565586125920285,-170.69720054646075,-46.57674763238938
2026-07-12,FAST,300000,STRICT_THROUGH,100000,1926,1888,58,18547800,18038600,509200,-3587370000,-1394380000,1945140000,-5532510000,-440510000,18038600,18547800,0.9725466093013727,-198.8718636701296,-38.64989522468484
2026-07-12,FAST,300000,STRICT_THROUGH,200000,1926,1901,48,18547800,18143800,404000,-3586860000,-1545170000,1279040000,-4865900000,-825900000,18143800,18547800,0.9782184410010891,-197.69067119346553,-42.58121231495056
2026-07-12,FAST,300000,STRICT_THROUGH,500000,1926,1787,160,18547800,17060800,1487000,-3438160000,-2055540000,6352870000,-9791030000,5078970000,17060800,18547800,0.9198287667540086,-201.52396136171808,-60.24160648973084
2026-07-12,FAST,300000,STRICT_THROUGH,1000000,1926,1695,248,18547800,16171100,2376700,-3388050000,-2543880000,10548470000,-13936520000,9830480000,16171100,18547800,0.871860813681407,-209.51264910859496,-78.65513168553778
2026-07-12,PRIMARY,200000,OPTIMISTIC_AT_TOUCH,100000,4151,3974,209,39951100,38072400,1878700,-2877650000,2256970000,7988970000,-10866620000,7920380000,38072400,39951100,0.9529750119521114,-75.58362488311742,29.640500730187746
2026-07-12,PRIMARY,200000,OPTIMISTIC_AT_TOUCH,200000,4151,4045,136,39951100,38763100,1188000,-2918990000,2185360000,4728570000,-7647560000,4232440000,38763100,39951100,0.9702636473088351,-75.30331681418669,28.18866396134468
2026-07-12,PRIMARY,200000,OPTIMISTIC_AT_TOUCH,500000,4151,3721,459,39951100,35612000,4339100,-2786080000,1537850000,21271170000,-24057250000,19333750000,35612000,39951100,0.8913897239375136,-78.23430304391778,21.591738739750646
2026-07-12,PRIMARY,200000,OPTIMISTIC_AT_TOUCH,1000000,4151,3542,633,39951100,33898500,6052600,-2788750000,1066160000,28899630000,-31688380000,28837620000,33898500,39951100,0.8484997909944908,-82.26765196100122,15.725769576824932
2026-07-12,PRIMARY,200000,QUEUE_PESSIMISTIC,100000,1589,1553,53,15272900,14810000,462900,-2320150000,-228960000,1607110000,-3927260000,701740000,14810000,15272900,0.9696914142042441,-156.66103983794733,-7.729912221471978
2026-07-12,PRIMARY,200000,QUEUE_PESSIMISTIC,200000,1589,1564,43,15272900,14909400,363500,-2295660000,-300240000,1049920000,-3345580000,289420000,14909400,15272900,0.9761996739322591,-153.97400297798706,-10.06881564650489
2026-07-12,PRIMARY,200000,QUEUE_PESSIMISTIC,500000,1589,1467,141,15272900,13974500,1298400,-2149790000,-551500000,5733000000,-7882790000,5101210000,13974500,15272900,0.9149866757459291,-153.83663100647607,-19.732369673333572
2026-07-12,PRIMARY,200000,QUEUE_PESSIMISTIC,1000000,1589,1382,220,15272900,13213700,2059200,-2135980000,-930500000,9027700000,-11163680000,9428320000,13213700,15272900,0.8651729534011222,-161.64889470776544,-35.209668752885264
2026-07-12,PRIMARY,200000,STRICT_THROUGH,100000,1263,1233,44,12233300,11827800,405500,-2244060000,-636160000,1366260000,-3610320000,444680000,11827800,12233300,0.9668527707159965,-189.72759092984325,-26.892575119633406
2026-07-12,PRIMARY,200000,STRICT_THROUGH,200000,1263,1243,35,12233300,11929900,303400,-2209640000,-669170000,850220000,-3059860000,-25860000,11929900,12233300,0.9751988425036581,-185.21865229381638,-28.04591823904643
2026-07-12,PRIMARY,200000,STRICT_THROUGH,500000,1263,1169,109,12233300,11214100,1019200,-2059610000,-858510000,4275390000,-6335000000,3857000000,11214100,12233300,0.9166864214888869,-183.66253199097565,-38.27814982923284
2026-07-12,PRIMARY,200000,STRICT_THROUGH,1000000,1263,1106,168,12233300,10623000,1610300,-2008060000,-1176290000,6921390000,-8929450000,7173550000,10623000,12233300,0.8683674887397513,-189.02946436976373,-55.36524522263014
2026-07-12,PRIMARY,300000,OPTIMISTIC_AT_TOUCH,100000,4992,4773,258,47984300,45658000,2326300,-3585900000,2700880000,10436270000,-14022170000,9240830000,45658000,47984300,0.9515195595225938,-78.5382627359937,29.577292040825267
2026-07-12,PRIMARY,300000,OPTIMISTIC_AT_TOUCH,200000,4992,4859,169,47984300,46488400,1495900,-3626310000,2614460000,6534080000,-10160390000,4798610000,46488400,47984300,0.9688252199156807,-78.00462050748143,28.119487872243397
2026-07-12,PRIMARY,300000,OPTIMISTIC_AT_TOUCH,500000,4992,4454,572,47984300,42556500,5427800,-3489900000,1742220000,26242410000,-29732310000,24545690000,42556500,47984300,0.8868838349210054,-82.00627401219555,20.469493496880617
2026-07-12,PRIMARY,300000,OPTIMISTIC_AT_TOUCH,1000000,4992,4267,751,47984300,40848000,7136300,-3474260000,1219270000,33785460000,-37259720000,34103280000,40848000,47984300,0.8512784389894195,-85.05336858597728,14.924476106541324
2026-07-12,PRIMARY,300000,QUEUE_PESSIMISTIC,100000,2026,1973,74,19425900,18767800,658100,-2960800000,-245510000,2667420000,-5628220000,952780000,18767800,19425900,0.9661225477326661,-157.75956691780604,-6.5407240060102945
2026-07-12,PRIMARY,300000,QUEUE_PESSIMISTIC,200000,2026,1989,59,19425900,18912400,513500,-2926080000,-292990000,1845880000,-4771960000,363040000,18912400,19425900,0.9735662182961922,-154.71753981514775,-7.7459761849368665
2026-07-12,PRIMARY,300000,QUEUE_PESSIMISTIC,500000,2026,1865,184,19425900,17727900,1698000,-2759150000,-662910000,7681980000,-10441130000,6538870000,17727900,19425900,0.9125909224283045,-155.63885175345078,-18.696799959386052
2026-07-12,PRIMARY,300000,QUEUE_PESSIMISTIC,1000000,2026,1756,284,19425900,16798000,2627900,-2712150000,-1110750000,11717830000,-14429980000,11849020000,16798000,19425900,0.8647218404295296,-161.45672103821883,-33.06197166329325
2026-07-12,PRIMARY,300000,STRICT_THROUGH,100000,1628,1584,62,15658700,15095600,563100,-2847980000,-733870000,2229070000,-5077050000,553950000,15095600,15658700,0.9640391603389808,-188.66292164604255,-24.307414080924243
2026-07-12,PRIMARY,300000,STRICT_THROUGH,200000,1628,1598,49,15658700,15232900,425800,-2809440000,-753190000,1541680000,-4351120000,-93120000,15232900,15658700,0.972807448894225,-184.4323799145271,-24.722475694056943
2026-07-12,PRIMARY,300000,STRICT_THROUGH,500000,1628,1504,144,15658700,14327300,1331400,-2646340000,-1052930000,5796470000,-8442810000,4871190000,14327300,15658700,0.9149737845415009,-184.7061204832732,-36.74558360612258
2026-07-12,PRIMARY,300000,STRICT_THROUGH,1000000,1628,1423,217,15658700,13585200,2073500,-2557600000,-1422990000,8991500000,-11549100000,9185900000,13585200,15658700,0.867581600005109,-188.26369873097195,-52.372802755940285
2026-07-12,STRESS,200000,OPTIMISTIC_AT_TOUCH,100000,2939,2767,185,28194200,26448800,1745400,-1436190000,2953860000,8069570000,-9505760000,7948240000,26448800,28194200,0.9380936504671173,-54.30076222739784,55.84109676053356
2026-07-12,STRESS,200000,OPTIMISTIC_AT_TOUCH,200000,2939,2847,109,28194200,27193600,1000600,-1440530000,2951750000,4445700000,-5886230000,4119770000,27193600,28194200,0.9645104312234432,-52.97312602965403,54.27288038361967
2026-07-12,STRESS,200000,OPTIMISTIC_AT_TOUCH,500000,2939,2635,320,28194200,25237600,2956600,-1356580000,2545610000,14724140000,-16080720000,13485280000,25237600,28194200,0.8951344602790645,-53.75233778172251,50.43288585285447
2026-07-12,STRESS,200000,OPTIMISTIC_AT_TOUCH,1000000,2939,2536,420,28194200,24198900,3995300,-1293990000,2288500000,19566360000,-20860350000,19092650000,24198900,28194200,0.85829354973718,-53.47309175210444,47.28520717883871
2026-07-12,STRESS,200000,QUEUE_PESSIMISTIC,100000,835,815,26,8039300,7800500,238800,-1145350000,347380000,976700000,-2122050000,265950000,7800500,8039300,0.9702959212866792,-146.83033138901354,22.266521376834817
2026-07-12,STRESS,200000,QUEUE_PESSIMISTIC,200000,835,827,15,8039300,7908900,130400,-1116280000,317900000,421390000,-1537670000,-233670000,7908900,8039300,0.9837796823106489,-141.1422574567892,20.0976115515432
2026-07-12,STRESS,200000,QUEUE_PESSIMISTIC,500000,835,768,78,8039300,7314200,725100,-1020940000,186410000,3548300000,-4569240000,2681760000,7314200,8039300,0.9098055800878186,-139.58327636651993,12.743020426020617
2026-07-12,STRESS,200000,QUEUE_PESSIMISTIC,1000000,835,724,120,8039300,6877600,1161700,-937040000,72640000,5270370000,-6207410000,5409590000,6877600,8039300,0.855497369173933,-136.2452018145865,5.280911946027684
2026-07-12,STRESS,200000,STRICT_THROUGH,100000,784,766,24,7465700,7240000,225700,-1145820000,342020000,891280000,-2037100000,219900000,7240000,7465700,0.9697684075170446,-158.26243093922653,23.620165745856355
2026-07-12,STRESS,200000,STRICT_THROUGH,200000,784,776,15,7465700,7328400,137300,-1120000000,313540000,456970000,-1576970000,-203970000,7328400,7465700,0.9816092261944627,-152.83008569401233,21.392118334152066
2026-07-12,STRESS,200000,STRICT_THROUGH,500000,784,722,73,7465700,6795900,669800,-1021380000,202890000,3170580000,-4191960000,2506040000,6795900,7465700,0.9102830277134093,-150.29355935196222,14.927382686619874
2026-07-12,STRESS,200000,STRICT_THROUGH,1000000,784,676,117,7465700,6339300,1126400,-920290000,108310000,5029650000,-5949940000,5314060000,6339300,7465700,0.849123324001768,-145.1721798936791,8.542741312132254
2026-07-12,STRESS,300000,OPTIMISTIC_AT_TOUCH,100000,3528,3326,218,33811800,31743500,2068300,-1829120000,3434020000,9668440000,-11497560000,9185440000,31743500,33811800,0.9388290478472012,-57.62187534455873,54.09012868776285
2026-07-12,STRESS,300000,OPTIMISTIC_AT_TOUCH,200000,3528,3416,135,33811800,32571800,1240000,-1838240000,3388060000,5652120000,-7490360000,4909640000,32571800,33811800,0.963326412672499,-56.43654940776991,52.00909989622925
2026-07-12,STRESS,300000,OPTIMISTIC_AT_TOUCH,500000,3528,3167,381,33811800,30290100,3521700,-1740510000,2883710000,17346790000,-19087300000,16129700000,30290100,33811800,0.8958440544425319,-57.461348757514834,47.601526571388014
2026-07-12,STRESS,300000,OPTIMISTIC_AT_TOUCH,1000000,3528,3038,511,33811800,28943900,4867900,-1674730000,2584540000,23673230000,-25347960000,23331040000,28943900,33811800,0.8560295518132723,-57.861241919713656,44.647404116238654
2026-07-12,STRESS,300000,QUEUE_PESSIMISTIC,100000,1064,1042,31,10202900,9929300,273600,-1441530000,426840000,1092140000,-2533670000,202330000,9929300,10202900,0.9731840947181684,-145.1794184887152,21.493962313556846
2026-07-12,STRESS,300000,QUEUE_PESSIMISTIC,200000,1064,1055,20,10202900,10047800,155100,-1408000000,383810000,471580000,-1879580000,-328580000,10047800,10202900,0.9847984396593126,-140.1301777503533,19.099205796293717
2026-07-12,STRESS,300000,QUEUE_PESSIMISTIC,500000,1064,978,101,10202900,9292200,910700,-1298130000,198900000,4317720000,-5615850000,3491150000,9292200,10202900,0.9107410638151898,-139.70103958158455,10.702524698133919
2026-07-12,STRESS,300000,QUEUE_PESSIMISTIC,1000000,1064,922,155,10202900,8704500,1498400,-1212280000,45060000,6895010000,-8107290000,6876710000,8704500,10202900,0.8531397935880976,-139.2704922741111,2.5883163880751336
2026-07-12,STRESS,300000,STRICT_THROUGH,100000,991,971,28,9436200,9185500,250700,-1464710000,388800000,979280000,-2443990000,63010000,9185500,9436200,0.9734321019054281,-159.45892983506613,21.16379075717163
2026-07-12,STRESS,300000,STRICT_THROUGH,200000,991,982,20,9436200,9269300,166900,-1431720000,347030000,532640000,-1964360000,-295360000,9269300,9436200,0.98231279540493,-154.4582654569385,18.719320768558575
2026-07-12,STRESS,300000,STRICT_THROUGH,500000,991,910,96,9436200,8575900,860300,-1319260000,167270000,4029480000,-5348740000,3254260000,8575900,9436200,0.908829825565376,-153.83341690085007,9.752329201599832
2026-07-12,STRESS,300000,STRICT_THROUGH,1000000,991,856,148,9436200,8008200,1428000,-1210530000,36620000,6462770000,-7673300000,6606700000,8008200,9436200,0.8486678959750747,-151.16130965760095,2.286406433405759
2026-07-15,FAST,200000,OPTIMISTIC_AT_TOUCH,100000,6504,6336,201,62719700,60913100,1806600,-6285660000,3385800000,8273560000,-14559220000,3506780000,60913100,62719700,0.9711956530404323,-103.19061088665657,27.79205129931
2026-07-15,FAST,200000,OPTIMISTIC_AT_TOUCH,200000,6504,6396,140,62719700,61498500,1221200,-6582470000,2608600000,5687080000,-12269550000,-57550000,61498500,62719700,0.9805292436028872,-107.03464312137694,21.208647365382895
2026-07-15,FAST,200000,OPTIMISTIC_AT_TOUCH,500000,6504,5861,671,62719700,56407600,6312100,-6470420000,1290040000,30616870000,-37087290000,26033710000,56407600,62719700,0.8993601691334621,-114.70830171820819,11.43498393833455
2026-07-15,FAST,200000,OPTIMISTIC_AT_TOUCH,1000000,6504,5628,899,62719700,54177300,8542400,-6147290000,851270000,41247020000,-47394310000,38029690000,54177300,62719700,0.8638003689430912,-113.46615648989521,7.856334664149007
2026-07-15,FAST,200000,QUEUE_PESSIMISTIC,100000,3619,3558,83,35175100,34436300,738800,-5314120000,371180000,3057640000,-8371760000,-983760000,34436300,35175100,0.9789965060511555,-154.31739182200178,5.389371099682602
2026-07-15,FAST,200000,QUEUE_PESSIMISTIC,200000,3619,3580,60,35175100,34654800,520300,-5507330000,-328100000,2194120000,-7701450000,-2498450000,34654800,35175100,0.9852082865436061,-158.91968789316343,-4.733831965557441
2026-07-15,FAST,200000,QUEUE_PESSIMISTIC,500000,3619,3293,342,35175100,31945800,3229300,-5323030000,-1161350000,15402450000,-20725480000,11567520000,31945800,35175100,0.9081935801177538,-166.6269118319153,-18.176880841926014
2026-07-15,FAST,200000,QUEUE_PESSIMISTIC,1000000,3619,3180,454,35175100,30857600,4317500,-4957440000,-1341040000,20961180000,-25918620000,17256380000,30857600,35175100,0.8772569232212559,-160.65539769781188,-21.729492896401535
2026-07-15,FAST,200000,STRICT_THROUGH,100000,2585,2540,57,25037400,24535500,501900,-4947300000,-1303540000,2092090000,-7039390000,-2020390000,24535500,25037400,0.9799539888327062,-201.63844225713763,-26.56436591877076
2026-07-15,FAST,200000,STRICT_THROUGH,200000,2585,2556,43,25037400,24673300,364100,-5125230000,-2007900000,1491910000,-6617140000,-2976140000,24673300,25037400,0.9854577551982234,-207.72373375268003,-40.68973343654882
2026-07-15,FAST,200000,STRICT_THROUGH,500000,2585,2386,210,25037400,23075400,1962000,-4962830000,-2677190000,9016440000,-13979270000,5640730000,23075400,25037400,0.9216372307028685,-215.0701612973123,-58.0096119677232
2026-07-15,FAST,200000,STRICT_THROUGH,1000000,2585,2315,279,25037400,22373100,2664300,-4685270000,-2898420000,12827200000,-17512470000,9130530000,22373100,25037400,0.8935871935584366,-209.41532465326665,-64.77466242943535
2026-07-15,FAST,300000,OPTIMISTIC_AT_TOUCH,100000,7708,7478,266,74218300,71845200,2373100,-7273020000,4272350000,10707070000,-17980090000,5750910000,71845200,74218300,0.9680254061329888,-101.23181506906516,29.733023222149843
2026-07-15,FAST,300000,OPTIMISTIC_AT_TOUCH,200000,7708,7569,176,74218300,72704100,1514200,-7568000000,3472280000,6873290000,-14441290000,700710000,72704100,74218300,0.9795980236680172,-104.09316668523509,23.879533616398525
2026-07-15,FAST,300000,OPTIMISTIC_AT_TOUCH,500000,7708,6910,831,74218300,66370000,7848300,-7409330000,1962310000,38161010000,-45570340000,32912660000,66370000,74218300,0.89425384305488,-111.63673346391442,14.783109838782583
2026-07-15,FAST,300000,OPTIMISTIC_AT_TOUCH,1000000,7708,6652,1080,74218300,63942700,10275600,-7086520000,1449270000,49890300000,-56976820000,45779180000,63942700,74218300,0.8615489710758667,-110.82609899175355,11.332568064845557
2026-07-15,FAST,300000,QUEUE_PESSIMISTIC,100000,4348,4254,117,42226600,41185600,1041000,-6173190000,762460000,4252570000,-10425760000,-15760000,41185600,42226600,0.9753472929385743,-149.88709646089896,9.25639058311643
2026-07-15,FAST,300000,QUEUE_PESSIMISTIC,200000,4348,4291,80,42226600,41524900,701700,-6350600000,35360000,2837440000,-9188040000,-2171040000,41524900,42226600,0.9833825124447623,-152.9347451769902,0.42576863520441954
2026-07-15,FAST,300000,QUEUE_PESSIMISTIC,500000,4348,3949,419,42226600,38243000,3983600,-6095610000,-859420000,19078230000,-25173840000,14662160000,38243000,42226600,0.9056613603747401,-159.39152263159272,-11.23630468321
2026-07-15,FAST,300000,QUEUE_PESSIMISTIC,1000000,4348,3817,546,42226600,37025600,5201000,-5734050000,-1097120000,25113880000,-30847930000,21162070000,37025600,42226600,0.8768311917132803,-154.86717298301716,-14.815695086642755
2026-07-15,FAST,300000,STRICT_THROUGH,100000,3150,3084,78,30485300,29796200,689100,-5751200000,-1151130000,2764520000,-8515720000,-1624720000,29796200,30485300,0.9773956628276579,-193.01790161161492,-19.316724951503883
2026-07-15,FAST,300000,STRICT_THROUGH,200000,3150,3110,56,30485300,30007200,478100,-5924290000,-1908670000,1866650000,-7790940000,-3009940000,30007200,30485300,0.984317031487307,-197.42895038524088,-31.803533818550214
2026-07-15,FAST,300000,STRICT_THROUGH,500000,3150,2903,261,30485300,28021400,2463900,-5701200000,-2613990000,11550140000,-17251340000,7387660000,28021400,30485300,0.919177439618439,-203.45878507140972,-46.6427444738664
2026-07-15,FAST,300000,STRICT_THROUGH,1000000,3150,2819,340,30485300,27229200,3256100,-5419410000,-2869400000,15477740000,-20897150000,11663850000,27229200,30485300,0.893191144584439,-199.02935084394693,-52.68975952286516
2026-07-15,PRIMARY,200000,OPTIMISTIC_AT_TOUCH,100000,5552,5386,197,53532800,51773700,1759100,-4535000000,4731830000,8021610000,-12556610000,5034390000,51773700,53532800,0.9671397722517784,-87.59273530769484,45.697236241566664
2026-07-15,PRIMARY,200000,OPTIMISTIC_AT_TOUCH,200000,5552,5452,128,53532800,52432500,1100300,-4671060000,4406470000,5138510000,-9809570000,1193430000,52432500,53532800,0.9794462460398111,-89.08711200114433,42.02040719019692
2026-07-15,PRIMARY,200000,OPTIMISTIC_AT_TOUCH,500000,5552,4956,620,53532800,47634400,5898400,-4497560000,3361050000,28819390000,-33316950000,25667050000,47634400,53532800,0.8898170841054457,-94.41831953378231,35.279650840569
2026-07-15,PRIMARY,200000,OPTIMISTIC_AT_TOUCH,1000000,5552,4788,783,53532800,46029400,7503400,-4387100000,2942130000,36420350000,-40807450000,34226550000,46029400,53532800,0.8598354653595552,-95.31082308263849,31.959247785111256
2026-07-15,PRIMARY,200000,QUEUE_PESSIMISTIC,100000,2515,2464,67,24318200,23725400,592800,-3645850000,567530000,2586890000,-6232740000,-304740000,23725400,24318200,0.9756231957957414,-153.6686420460772,11.960388444451938
2026-07-15,PRIMARY,200000,QUEUE_PESSIMISTIC,200000,2515,2488,44,24318200,23937300,380900,-3718840000,275290000,1715780000,-5434620000,-1625620000,23937300,24318200,0.9843368341406847,-155.3575382353064,5.750230811327928
2026-07-15,PRIMARY,200000,QUEUE_PESSIMISTIC,500000,2515,2283,241,24318200,22016200,2302000,-3518530000,-223190000,10972570000,-14491100000,8528900000,22016200,24318200,0.905338388532046,-159.8154994958258,-5.068767543899492
2026-07-15,PRIMARY,200000,QUEUE_PESSIMISTIC,1000000,2515,2208,316,24318200,21288600,3029600,-3401650000,-516320000,14604160000,-18005810000,12290190000,21288600,24318200,0.8754184109021227,-159.78739795007655,-12.12667812820007
2026-07-15,PRIMARY,200000,STRICT_THROUGH,100000,2074,2030,52,20050700,19588500,462200,-3570940000,-144550000,2005380000,-5576320000,-954320000,19588500,20050700,0.9769484357154613,-182.29777675677056,-3.6896648543788446
2026-07-15,PRIMARY,200000,STRICT_THROUGH,200000,2074,2051,34,20050700,19762300,288400,-3630190000,-452420000,1302540000,-4932730000,-2048730000,19762300,20050700,0.9856164622681503,-183.6926875920313,-11.44654215349428
2026-07-15,PRIMARY,200000,STRICT_THROUGH,500000,2074,1905,178,20050700,18345000,1705700,-3403230000,-842160000,7959780000,-11363010000,5693990000,18345000,20050700,0.9149306508002214,-185.51267375306622,-22.953393295175797
2026-07-15,PRIMARY,200000,STRICT_THROUGH,1000000,2074,1853,229,20050700,17850900,2199800,-3283270000,-1054640000,10772720000,-14055990000,7942010000,17850900,20050700,0.8902881196167715,-183.92742102639082,-29.540247270445747
2026-07-15,PRIMARY,300000,OPTIMISTIC_AT_TOUCH,100000,6741,6513,263,64946000,62606700,2339300,-5497680000,5769850000,10462270000,-15959950000,7433050000,62606700,64946000,0.9639808456255966,-87.81296570494851,46.0801319986519
2026-07-15,PRIMARY,300000,OPTIMISTIC_AT_TOUCH,200000,6741,6607,167,64946000,63513100,1432900,-5647220000,5422800000,6483880000,-12131100000,2197900000,63513100,64946000,0.9779370553998706,-88.91425548430166,42.69040560136413
2026-07-15,PRIMARY,300000,OPTIMISTIC_AT_TOUCH,500000,6741,5986,784,64946000,57512100,7433900,-5439080000,4115060000,36721630000,-42160710000,32178290000,57512100,64946000,0.8855372155329042,-94.5727942467759,35.775602003752255
2026-07-15,PRIMARY,300000,OPTIMISTIC_AT_TOUCH,1000000,6741,5794,967,64946000,55669300,9276700,-5271820000,3666670000,45408530000,-50680350000,42086650000,55669300,64946000,0.8571628737720568,-94.69887352634217,32.932603787006485
2026-07-15,PRIMARY,300000,QUEUE_PESSIMISTIC,100000,3195,3113,100,30892300,30011500,880800,-4482600000,1003230000,3689520000,-8172120000,635880000,30011500,30892300,0.9714880407091735,-149.3627442813588,16.7140929310431
2026-07-15,PRIMARY,300000,QUEUE_PESSIMISTIC,200000,3195,3151,63,30892300,30338400,553900,-4555010000,676470000,2352540000,-6907550000,-1368550000,30338400,30892300,0.9820699656548719,-150.14008649104764,11.148742188118028
2026-07-15,PRIMARY,300000,QUEUE_PESSIMISTIC,500000,3195,2893,314,30892300,27888800,3003500,-4306800000,40950000,14791480000,-19098280000,10936720000,27888800,30892300,0.9027751251930093,-154.4275838329365,0.7341656865838616
2026-07-15,PRIMARY,300000,QUEUE_PESSIMISTIC,1000000,3195,2812,392,30892300,27138700,3753600,-4148260000,-230860000,18312960000,-22461220000,15074780000,27138700,30892300,0.8784939936489028,-152.85404238228065,-4.253335642458924
2026-07-15,PRIMARY,300000,STRICT_THROUGH,100000,2608,2542,75,25220200,24551700,668500,-4353500000,41670000,2645760000,-6999260000,-314260000,24551700,25220200,0.9734934695204638,-177.3196968030727,0.8486174073485746
2026-07-15,PRIMARY,300000,STRICT_THROUGH,200000,2608,2573,47,25220200,24807900,412300,-4407130000,-295580000,1684470000,-6091600000,-1968600000,24807900,25220200,0.9836519932435112,-177.65026463344338,-5.957376480879075
2026-07-15,PRIMARY,300000,STRICT_THROUGH,500000,2608,2391,227,25220200,23027100,2193100,-4126270000,-769300000,10684360000,-14810630000,7120370000,23027100,25220200,0.9130419267095423,-179.19190866413922,-16.704231101615054
2026-07-15,PRIMARY,300000,STRICT_THROUGH,1000000,2608,2332,284,25220200,22488100,2732100,-3977390000,-957140000,13365360000,-17342750000,9978250000,22488100,25220200,0.8916701691501256,-176.86643157936865,-21.281033079717716
2026-07-15,STRESS,200000,OPTIMISTIC_AT_TOUCH,100000,4069,3901,183,38975500,37269800,1705700,-2488410000,5745960000,7935880000,-10424290000,6632710000,37269800,38975500,0.9562366101781888,-66.76746320076845,77.08600529114726
2026-07-15,STRESS,200000,OPTIMISTIC_AT_TOUCH,200000,4069,3974,111,38975500,37965200,1010300,-2535240000,5646050000,4770170000,-7305410000,2797590000,37965200,38975500,0.9740785878308168,-66.77799669170714,74.35822806148789
2026-07-15,STRESS,200000,OPTIMISTIC_AT_TOUCH,500000,4069,3640,448,38975500,34752800,4222700,-2317820000,5108630000,20704140000,-23021960000,19205040000,34752800,38975500,0.8916575797616452,-66.69448217122074,73.49954536037384
2026-07-15,STRESS,200000,OPTIMISTIC_AT_TOUCH,1000000,4069,3469,616,38975500,33188600,5786900,-2102620000,4911800000,29043230000,-31145850000,26723150000,33188600,38975500,0.8515246757578478,-63.35368168588009,73.99830062129767
2026-07-15,STRESS,200000,QUEUE_PESSIMISTIC,100000,1588,1545,52,15149400,14663800,485600,-1988320000,1354510000,1840600000,-3828920000,1027080000,14663800,15149400,0.9679459252511651,-135.59377514696055,46.185504439504086
2026-07-15,STRESS,200000,QUEUE_PESSIMISTIC,200000,1588,1566,33,15149400,14852900,296500,-2005230000,1237480000,1124990000,-3130220000,-165220000,14852900,15149400,0.980428267786183,-135.00595843236002,41.65785806138869
2026-07-15,STRESS,200000,QUEUE_PESSIMISTIC,500000,1588,1469,132,15149400,13897300,1252100,-1803330000,1136990000,5280650000,-7083980000,5437020000,13897300,15149400,0.9173498620407409,-129.761176631432,40.906866801465036
2026-07-15,STRESS,200000,QUEUE_PESSIMISTIC,1000000,1588,1397,202,15149400,13258600,1890800,-1642780000,1055030000,9171810000,-10814590000,8093410000,13258600,15149400,0.8751897764927984,-123.9029761814973,39.786629055858086
2026-07-15,STRESS,200000,STRICT_THROUGH,100000,1437,1396,46,13714800,13275400,439400,-2014240000,1178990000,1680440000,-3694680000,699320000,13275400,13714800,0.9679616181059877,-151.72725492263888,44.4050650074574
2026-07-15,STRESS,200000,STRICT_THROUGH,200000,1437,1414,30,13714800,13428900,285900,-2008730000,1042120000,1057630000,-3066360000,-207360000,13428900,13714800,0.9791539067284977,-149.58261659555137,38.801391029793955
2026-07-15,STRESS,200000,STRICT_THROUGH,500000,1437,1328,119,13714800,12588700,1126100,-1813170000,891360000,4525010000,-6338180000,4922820000,12588700,13714800,0.9178916207308893,-144.03155210625403,35.40317904152136
2026-07-15,STRESS,200000,STRICT_THROUGH,1000000,1437,1264,181,13714800,12022200,1692600,-1671080000,841190000,8178630000,-9849710000,7076290000,12022200,13714800,0.8765858780295739,-138.99951755918218,34.984861339854604
2026-07-15,STRESS,300000,OPTIMISTIC_AT_TOUCH,100000,4947,4736,230,47371500,45209100,2162400,-3253330000,6509580000,9982010000,-13235340000,8388660000,45209100,47371500,0.9543523004338051,-71.96183954115432,71.99413392436479
2026-07-15,STRESS,300000,OPTIMISTIC_AT_TOUCH,200000,4947,4823,144,47371500,46043000,1328500,-3284390000,6466810000,5965760000,-9250150000,4034850000,46043000,47371500,0.971955711767624,-71.3331016658341,70.22576721760093
2026-07-15,STRESS,300000,OPTIMISTIC_AT_TOUCH,500000,4947,4424,542,47371500,42270300,5101200,-2981180000,5817090000,24783430000,-27764610000,23247390000,42270300,47371500,0.8923149995250309,-70.52658722554607,68.80824124740066
2026-07-15,STRESS,300000,OPTIMISTIC_AT_TOUCH,1000000,4947,4209,758,47371500,40232100,7139400,-2700090000,5585900000,35426480000,-38126570000,33267430000,40232100,47371500,0.8492891295399132,-67.11282781659422,69.42093502452022
2026-07-15,STRESS,300000,QUEUE_PESSIMISTIC,100000,2042,1991,63,19492600,18905300,587300,-2648450000,1524920000,2189730000,-4838180000,1034820000,18905300,19492600,0.9698706175676923,-140.09034503551914,40.33048933367891
2026-07-15,STRESS,300000,QUEUE_PESSIMISTIC,200000,2042,2014,41,19492600,19120400,372200,-2646360000,1453280000,1327830000,-3974190000,-252190000,19120400,19492600,0.9809055744231144,-138.4050542875672,38.00338905043827
2026-07-15,STRESS,300000,QUEUE_PESSIMISTIC,500000,2042,1894,162,19492600,17943000,1549600,-2360730000,1357920000,6932400000,-9293130000,6202870000,17943000,19492600,0.9205031653037563,-131.56829961544892,37.83982611603411
2026-07-15,STRESS,300000,QUEUE_PESSIMISTIC,1000000,2042,1800,255,19492600,17081800,2410800,-2151470000,1234780000,11576310000,-13727780000,10380220000,17081800,19492600,0.8763222966664272,-125.95101218841106,36.143146506808414
2026-07-15,STRESS,300000,STRICT_THROUGH,100000,1859,1811,57,17681700,17140900,540800,-2670140000,1286610000,1989640000,-4659780000,748220000,17140900,17681700,0.9694147055995747,-155.77595108774918,37.53040972177657
2026-07-15,STRESS,300000,STRICT_THROUGH,200000,1859,1830,38,17681700,17320100,361600,-2646790000,1198640000,1260470000,-3907260000,-291260000,17320100,17681700,0.9795494777085914,-152.8160922858413,34.60257157868604
2026-07-15,STRESS,300000,STRICT_THROUGH,500000,1859,1722,148,17681700,16268100,1413600,-2380660000,1020850000,5996760000,-8377420000,5758580000,16268100,17681700,0.9200529360864623,-146.33915454171046,31.37582139278711
2026-07-15,STRESS,300000,STRICT_THROUGH,1000000,1859,1639,230,17681700,15509100,2172600,-2184860000,953500000,10382130000,-12566990000,9159010000,15509100,17681700,0.8771271993077588,-140.87600183118298,30.740017151220897
2026-07-17,FAST,200000,OPTIMISTIC_AT_TOUCH,100000,6208,6028,257,58925700,56771500,2154200,-5294220000,2240490000,10410770000,-15704990000,5837010000,56771500,58925700,0.9634420974209895,-93.25489021780295,19.732524241917158
2026-07-17,FAST,200000,OPTIMISTIC_AT_TOUCH,200000,6208,6099,164,58925700,57533300,1392400,-5427780000,1684220000,6446980000,-11874760000,2049240000,57533300,58925700,0.976370242525757,-94.34153785720618,14.636914621619132
2026-07-17,FAST,200000,OPTIMISTIC_AT_TOUCH,500000,6208,5699,566,58925700,53702300,5223400,-5609670000,432590000,26143830000,-31753500000,20480500000,53702300,58925700,0.9113561654761844,-104.45865447103755,4.0276673438567805
2026-07-17,FAST,200000,OPTIMISTIC_AT_TOUCH,1000000,6208,5497,758,58925700,51788800,7136900,-5648330000,-450860000,35366950000,-41015280000,30353720000,51788800,58925700,0.8788830679991922,-109.06470124814632,-4.352871663371231
2026-07-17,FAST,200000,QUEUE_PESSIMISTIC,100000,3072,3010,122,29288900,28343900,945000,-4210040000,-269480000,3976840000,-8186880000,1263120000,28343900,29288900,0.9677352170958964,-148.53425251994256,-4.753756540207946
2026-07-17,FAST,200000,QUEUE_PESSIMISTIC,200000,3072,3035,71,29288900,28695300,593600,-4245260000,-694770000,2309340000,-6554600000,-618600000,28695300,29288900,0.9797329363683853,-147.94269444821975,-12.105989482598195
2026-07-17,FAST,200000,QUEUE_PESSIMISTIC,500000,3072,2886,226,29288900,27227600,2061300,-4303520000,-1431490000,9828190000,-14131710000,6481290000,27227600,29288900,0.9296218021161601,-158.05726542185135,-26.28748035082049
2026-07-17,FAST,200000,QUEUE_PESSIMISTIC,1000000,3072,2789,315,29288900,26311400,2977500,-4326380000,-2138610000,14570360000,-18896740000,10878260000,26311400,29288900,0.8983403268815149,-164.42986690179922,-40.640368813518094
2026-07-17,FAST,200000,STRICT_THROUGH,100000,2174,2146,80,20665700,20099100,566600,-3939130000,-1640750000,2259390000,-6198520000,-532520000,20099100,20665700,0.9725825885404318,-195.98539238075335,-40.81650422158206
2026-07-17,FAST,200000,STRICT_THROUGH,200000,2174,2156,47,20665700,20293900,371800,-3931210000,-2001700000,1449030000,-5380240000,-1662240000,20293900,20665700,0.9820088358971629,-193.7138746125683,-49.31777529208284
2026-07-17,FAST,200000,STRICT_THROUGH,500000,2174,2077,129,20665700,19511500,1154200,-4032890000,-2650370000,5509320000,-9542210000,1999790000,19511500,20665700,0.9441490005177662,-206.69297593726776,-67.91815083412347
2026-07-17,FAST,200000,STRICT_THROUGH,1000000,2174,2015,184,20665700,18958800,1706900,-4054440000,-3247160000,7788390000,-11842830000,5226170000,18958800,20665700,0.917404201164248,-213.85530729793024,-85.63727662088318
2026-07-17,FAST,300000,OPTIMISTIC_AT_TOUCH,100000,7386,7161,317,69964200,67310200,2654000,-6171960000,2814780000,12804070000,-18976030000,7563970000,67310200,69964200,0.9620663139148308,-91.69427516186254,20.909015275545162
2026-07-17,FAST,300000,OPTIMISTIC_AT_TOUCH,200000,7386,7260,195,69964200,68326700,1637500,-6296550000,2229330000,7612260000,-13908810000,2466190000,68326700,69964200,0.9765951729598852,-92.15357978652563,16.31375435956954
2026-07-17,FAST,300000,OPTIMISTIC_AT_TOUCH,500000,7386,6761,693,69964200,63595300,6368900,-6440960000,842610000,31878250000,-38319210000,25369790000,63595300,69964200,0.9089691585124964,-101.28044053569997,6.624782020054941
2026-07-17,FAST,300000,OPTIMISTIC_AT_TOUCH,1000000,7386,6519,919,69964200,61351100,8613100,-6492020000,-137690000,42540230000,-49032250000,37098750000,61351100,69964200,0.8768927537226181,-105.81749960473407,-1.1221477691516533
2026-07-17,FAST,300000,QUEUE_PESSIMISTIC,100000,3741,3657,152,35432800,34247600,1185200,-5002170000,-227160000,5065240000,-10067410000,1784590000,34247600,35432800,0.9665507665214151,-146.05899391490206,-3.3164367722117754
2026-07-17,FAST,300000,QUEUE_PESSIMISTIC,200000,3741,3693,94,35432800,34664600,768200,-5011170000,-684440000,3138720000,-8149890000,-467890000,34664600,35432800,0.9783195231536881,-144.5615988645477,-9.872319311343562
2026-07-17,FAST,300000,QUEUE_PESSIMISTIC,500000,3741,3501,289,35432800,32827200,2605600,-5035950000,-1479330000,12296600000,-17332550000,8723450000,32827200,35432800,0.9264636156329729,-153.4078447141395,-22.532077058049424
2026-07-17,FAST,300000,QUEUE_PESSIMISTIC,1000000,3741,3382,395,35432800,31762400,3670400,-5053170000,-2268860000,17714420000,-22767590000,13936410000,31762400,35432800,0.8964123636856246,-159.0928267385336,-35.716129763493946
2026-07-17,FAST,300000,STRICT_THROUGH,100000,2687,2642,104,25397500,24645000,752500,-4669830000,-1807020000,3136690000,-7806520000,-281520000,24645000,25397500,0.9703710995176691,-189.48387096774192,-36.66098600121729
2026-07-17,FAST,300000,STRICT_THROUGH,200000,2687,2660,68,25397500,24869700,527800,-4641940000,-2199030000,2181660000,-6823600000,-1545600000,24869700,25397500,0.9792184270105325,-186.6504219994612,-44.211027877296466
2026-07-17,FAST,300000,STRICT_THROUGH,500000,2687,2549,178,25397500,23805000,1592500,-4723000000,-2907490000,7481860000,-12204860000,3720140000,23805000,25397500,0.9372969780490206,-198.40369670237345,-61.06889308968704
2026-07-17,FAST,300000,STRICT_THROUGH,1000000,2687,2474,242,25397500,23198700,2198800,-4747370000,-3570100000,9846450000,-14593820000,7394180000,23198700,25397500,0.9134245496603997,-204.63948410902336,-76.94612198097307
2026-07-17,PRIMARY,200000,OPTIMISTIC_AT_TOUCH,100000,5263,5080,235,49946800,47905700,2041100,-3880450000,3234720000,9864100000,-13744550000,6666450000,47905700,49946800,0.9591345191283526,-81.0018432044621,33.76132694021797
2026-07-17,PRIMARY,200000,OPTIMISTIC_AT_TOUCH,200000,5263,5156,158,49946800,48594700,1352100,-3903540000,2998890000,6256920000,-10160460000,3360540000,48594700,49946800,0.9729291966652518,-80.32851319176783,30.856142748077467
2026-07-17,PRIMARY,200000,OPTIMISTIC_AT_TOUCH,500000,5263,4798,516,49946800,45194600,4752200,-3974090000,2146080000,23520140000,-27494230000,20027770000,45194600,49946800,0.9048547654704606,-87.93285038478048,23.74265952127024
2026-07-17,PRIMARY,200000,OPTIMISTIC_AT_TOUCH,1000000,5263,4637,666,49946800,43714800,6232000,-3983260000,1445190000,31402680000,-35385940000,26934060000,43714800,49946800,0.8752272417852596,-91.11925480615261,16.529756512668477
2026-07-17,PRIMARY,200000,QUEUE_PESSIMISTIC,100000,2224,2180,75,21004100,20402100,602000,-3092150000,-195750000,2396630000,-5488780000,531220000,20402100,21004100,0.9713389290662299,-151.56037858847864,-4.7973002779125675
2026-07-17,PRIMARY,200000,QUEUE_PESSIMISTIC,200000,2224,2198,57,21004100,20548400,455700,-3038110000,-362130000,1802640000,-4840750000,-283750000,20548400,21004100,0.9783042358396694,-147.85141422203188,-8.811634969146017
2026-07-17,PRIMARY,200000,QUEUE_PESSIMISTIC,500000,2224,2086,167,21004100,19507400,1496700,-3029870000,-721110000,7089980000,-10119850000,4847150000,19507400,21004100,0.9287424836103427,-155.31900714600613,-18.482985943795686
2026-07-17,PRIMARY,200000,QUEUE_PESSIMISTIC,1000000,2224,2019,224,21004100,18950500,2053600,-3041070000,-1240350000,10115870000,-13156940000,7379060000,18950500,21004100,0.9022286125089863,-160.4743938154666,-32.726049444605685
2026-07-17,PRIMARY,200000,STRICT_THROUGH,100000,1772,1744,59,16854400,16408900,445500,-2989180000,-867200000,1762970000,-4752150000,-297150000,16408900,16854400,0.97356773305487,-182.16821359140465,-26.424684165300537
2026-07-17,PRIMARY,200000,STRICT_THROUGH,200000,1772,1753,47,16854400,16485900,368500,-2925460000,-1006720000,1549920000,-4475380000,-790380000,16485900,16854400,0.978136273020695,-177.4522470717401,-30.53275829648366
2026-07-17,PRIMARY,200000,STRICT_THROUGH,500000,1772,1678,119,16854400,15781500,1072900,-2946210000,-1352430000,5342420000,-8288630000,2440370000,15781500,16854400,0.9363430320865768,-186.68757722649937,-42.84858853721129
2026-07-17,PRIMARY,200000,STRICT_THROUGH,1000000,1772,1624,166,16854400,15330000,1524400,-2911260000,-1771760000,7432050000,-10343310000,4900690000,15330000,16854400,0.9095547750142396,-189.90606653620353,-57.787345075016304
2026-07-17,PRIMARY,300000,OPTIMISTIC_AT_TOUCH,100000,6428,6187,306,60851500,58206500,2645000,-4816060000,3810100000,12730320000,-17546380000,8903620000,58206500,60851500,0.9565335283435905,-82.74093099567918,32.72916255057425
2026-07-17,PRIMARY,300000,OPTIMISTIC_AT_TOUCH,200000,6428,6294,196,60851500,59196200,1655300,-4852880000,3523690000,7611850000,-12464730000,4088270000,59196200,60851500,0.9727977124639491,-81.97958652751359,29.762805720637473
2026-07-17,PRIMARY,300000,OPTIMISTIC_AT_TOUCH,500000,6428,5838,650,60851500,54888800,5962700,-4891750000,2491590000,29664270000,-34556020000,25070980000,54888800,60851500,0.9020122757861351,-89.12109574266518,22.69670679628631
2026-07-17,PRIMARY,300000,OPTIMISTIC_AT_TOUCH,1000000,6428,5644,836,60851500,53067900,7783600,-4903700000,1659240000,39394880000,-44298580000,33537420000,53067900,60851500,0.8720886091550742,-92.40425944874397,15.633179379624972
2026-07-17,PRIMARY,300000,QUEUE_PESSIMISTIC,100000,2874,2802,109,26955600,26065900,889700,-3930800000,-212390000,3669570000,-7600370000,1296630000,26065900,26955600,0.9669938714033448,-150.8023893285864,-4.074096808473906
2026-07-17,PRIMARY,300000,QUEUE_PESSIMISTIC,200000,2874,2833,80,26955600,26315600,640000,-3872490000,-421980000,2608890000,-6481380000,-81380000,26315600,26955600,0.9762572526673493,-147.15567952089256,-8.017677727279636
2026-07-17,PRIMARY,300000,QUEUE_PESSIMISTIC,500000,2874,2688,221,26955600,24981300,1974300,-3834510000,-863300000,9244190000,-13078700000,6664300000,24981300,26955600,0.9267573342830432,-153.49521442038645,-17.27892463562745
2026-07-17,PRIMARY,300000,QUEUE_PESSIMISTIC,1000000,2874,2601,300,26955600,24212600,2743000,-3846190000,-1497220000,13286830000,-17133020000,10296980000,24212600,26955600,0.8982400688539672,-158.85076365198285,-30.918199615076446
2026-07-17,PRIMARY,300000,STRICT_THROUGH,100000,2291,2240,87,21655000,20968600,686400,-3782420000,-1045660000,2745030000,-6527450000,336550000,20968600,21655000,0.9683029323481875,-180.38495655408562,-24.933948856862166
2026-07-17,PRIMARY,300000,STRICT_THROUGH,200000,2291,2261,66,21655000,21131500,523500,-3712570000,-1211280000,2164040000,-5876610000,-641610000,21131500,21655000,0.9758254444700993,-175.68890045666421,-28.6605304876606
2026-07-17,PRIMARY,300000,STRICT_THROUGH,500000,2291,2164,158,21655000,20218000,1437000,-3716540000,-1642870000,6803480000,-10520020000,3849980000,20218000,21655000,0.9336411914107596,-183.82332574933227,-40.62889504402018
2026-07-17,PRIMARY,300000,STRICT_THROUGH,1000000,2291,2089,228,21655000,19576200,2078800,-3682450000,-2165870000,9810510000,-13492960000,7295040000,19576200,21655000,0.9040036942969291,-188.1085195288156,-55.318958735607524
2026-07-17,STRESS,200000,OPTIMISTIC_AT_TOUCH,100000,3868,3648,266,36760000,34350200,2409800,-2267950000,3981420000,11564770000,-13832720000,10265280000,34350200,36760000,0.9344450489662677,-66.02436084797178,57.95337436172133
2026-07-17,STRESS,200000,OPTIMISTIC_AT_TOUCH,200000,3868,3769,130,36760000,35597000,1163000,-2336530000,3918230000,5139700000,-7476230000,4153770000,35597000,36760000,0.9683623503808487,-65.63839649408658,55.03595808635559
2026-07-17,STRESS,200000,OPTIMISTIC_AT_TOUCH,500000,3868,3505,400,36760000,33052000,3708000,-2202860000,3403300000,17906640000,-20109500000,16970500000,33052000,36760000,0.8991294885745376,-66.64831175117996,51.484025172455524
2026-07-17,STRESS,200000,OPTIMISTIC_AT_TOUCH,1000000,3868,3389,508,36760000,31883300,4876700,-2239820000,2912390000,23699650000,-25939470000,22827530000,31883300,36760000,0.8673367791077258,-70.2505700476425,45.67265621814555
2026-07-17,STRESS,200000,QUEUE_PESSIMISTIC,100000,1392,1348,65,13066000,12518200,547800,-1835250000,590790000,2381180000,-4216430000,1261570000,12518200,13066000,0.9580743915505893,-146.60654087648385,23.597242415043695
2026-07-17,STRESS,200000,QUEUE_PESSIMISTIC,200000,1392,1370,33,13066000,12787500,278500,-1867730000,481870000,1248110000,-3115840000,-330840000,12787500,13066000,0.9786851369967855,-146.05904203323558,18.84144672531769
2026-07-17,STRESS,200000,QUEUE_PESSIMISTIC,500000,1392,1314,90,13066000,12265600,800400,-1758000000,294660000,3731380000,-5489380000,2514620000,12265600,13066000,0.9387417725394153,-143.32768066788415,12.011642316723194
2026-07-17,STRESS,200000,QUEUE_PESSIMISTIC,1000000,1392,1257,145,13066000,11689600,1376400,-1770120000,-54900000,6381710000,-8151830000,5612170000,11689600,13066000,0.8946578907087096,-151.42690938954283,-2.348241171639748
2026-07-17,STRESS,200000,STRICT_THROUGH,100000,1259,1217,65,11878600,11336500,542100,-1907650000,262290000,2397290000,-4304940000,1116060000,11336500,11878600,0.9543633088074353,-168.27504079742425,11.568385304106206
2026-07-17,STRESS,200000,STRICT_THROUGH,200000,1259,1238,34,11878600,11593300,285300,-1900340000,197820000,1259970000,-3160310000,-307310000,11593300,11878600,0.975982018082939,-163.91709004338713,8.531651902391898
2026-07-17,STRESS,200000,STRICT_THROUGH,500000,1259,1187,86,11878600,11111400,767200,-1812130000,-8430000,3561740000,-5373870000,2298130000,11111400,11878600,0.9354132641893825,-163.08745972604711,-0.37934013715643394
2026-07-17,STRESS,200000,STRICT_THROUGH,1000000,1259,1135,135,11878600,10590300,1288300,-1825670000,-362780000,6013750000,-7839420000,5043580000,10590300,11878600,0.891544458101123,-172.3907726882147,-17.127937829900947
2026-07-17,STRESS,300000,OPTIMISTIC_AT_TOUCH,100000,4691,4413,332,44449300,41440700,3008600,-2891830000,4610220000,14584820000,-17476650000,12609350000,41440700,44449300,0.9323138947070032,-69.78236371489864,55.624301713050215
2026-07-17,STRESS,300000,OPTIMISTIC_AT_TOUCH,200000,4691,4562,165,44449300,42974100,1475200,-2954300000,4546700000,6610850000,-9565150000,5186850000,42974100,44449300,0.9668116258298781,-68.74605867254928,52.90046795628064
2026-07-17,STRESS,300000,OPTIMISTIC_AT_TOUCH,500000,4691,4241,495,44449300,39892900,4556400,-2773040000,3908710000,22034110000,-24807150000,20756850000,39892900,44449300,0.8974921989772617,-69.51211869781339,48.99004584775737
2026-07-17,STRESS,300000,OPTIMISTIC_AT_TOUCH,1000000,4691,4099,627,44449300,38453300,5996000,-2838830000,3345090000,28974200000,-31813030000,28146970000,38453300,44449300,0.8651047373074492,-73.82539339926612,43.49548673325826
2026-07-17,STRESS,300000,QUEUE_PESSIMISTIC,100000,1790,1730,84,16689400,15975100,714300,-2354870000,709560000,3205900000,-5560770000,1582230000,15975100,16689400,0.9572003786834757,-147.40877991374077,22.208311685059876
2026-07-17,STRESS,300000,QUEUE_PESSIMISTIC,200000,1790,1759,44,16689400,16311600,377800,-2376760000,595450000,1714500000,-4091260000,-313260000,16311600,16689400,0.9773628770357232,-145.70980161357562,18.252348022266364
2026-07-17,STRESS,300000,QUEUE_PESSIMISTIC,500000,1790,1677,129,16689400,15551000,1138400,-2229860000,335820000,5227580000,-7457440000,3926560000,15551000,16689400,0.9317890397497813,-143.39013568259276,10.797376374509678
2026-07-17,STRESS,300000,QUEUE_PESSIMISTIC,1000000,1790,1604,200,16689400,14840500,1848900,-2245070000,-45620000,8660090000,-10905160000,7583840000,14840500,16689400,0.8892171078648723,-151.2799433981335,-1.5370102085509247
2026-07-17,STRESS,300000,STRICT_THROUGH,100000,1598,1541,82,14972400,14278800,693600,-2415170000,288380000,3155010000,-5570180000,1365820000,14278800,14972400,0.9536747615612727,-169.14376558254196,10.098187522761016
2026-07-17,STRESS,300000,STRICT_THROUGH,200000,1598,1569,43,14972400,14602800,369600,-2396270000,223720000,1659360000,-4055630000,-359630000,14602800,14972400,0.975314578825038,-164.09661160873256,7.660174761004739
2026-07-17,STRESS,300000,STRICT_THROUGH,500000,1598,1497,118,14972400,13932200,1040200,-2265250000,-33310000,4751940000,-7017190000,3384810000,13932200,14972400,0.9305255002538003,-162.59097629950762,-1.195432164338726
2026-07-17,STRESS,300000,STRICT_THROUGH,1000000,1598,1430,182,14972400,13276600,1695800,-2277880000,-388540000,8030130000,-10308010000,6649990000,13276600,14972400,0.8867382650744036,-171.5710347528735,-14.632511335733547
